{
  "samples_trimmed": 60207,
  "duration_trimmed_s": 60.206,
  "cycle_index_min": 1,
  "cycle_index_max": 7,
  "samples_full_cycles_only": 50000,
  "full_cycles_used_for_frf": [
    2,
    3,
    4,
    5,
    6
  ],
  "cmd_yaw_torque_min": -19.999999317,
  "cmd_yaw_torque_max": 19.999995773,
  "actual_world_yaw_min": -3.141131556,
  "actual_world_yaw_max": 3.141530423,
  "actual_world_yaw_span_rad": 6.282661979,
  "actual_yaw_velocity_rms": 7.325533947510213,
  "actual_yaw_velocity_abs_p95": 17.30170076469995,
  "actual_yaw_velocity_abs_max": 22.434088392,
  "actual_pitch_velocity_abs_p95": 0.370723337,
  "actual_pitch_velocity_abs_max": 1.594749529,
  "actual_pitch_mean_rad": 0.37975187790700415,
  "actual_pitch_std_rad": 0.01924781209708806,
  "actual_pitch_span_rad": 0.20247067999999996,
  "frf_bins": [
    {
      "freq_bin": "0.5-1.0",
      "center_freq_hz": 0.749975,
      "samples": 4550,
      "torque_rms": 13.472860624576429,
      "yaw_velocity_rms": 17.132510472983952,
      "yaw_velocity_gain_amp_per_torque": 0.6332968528628786,
      "yaw_velocity_phase_deg": -46.406198920712086,
      "yaw_velocity_time_shift_ms": 171.88054016879116,
      "yaw_angle_gain_rad_per_torque": 0.054246629171160174,
      "yaw_angle_phase_deg": 151.0927287616189,
      "yaw_angle_time_shift_ms": -559.6213531622125,
      "yaw_angle_bias_rad": 0.8790532389945485,
      "equivalent_inertia_from_yaw_vel": 0.3350935088634675,
      "pitch_velocity_gain_amp_per_torque": 0.012095542197094189,
      "pitch_velocity_phase_deg": -83.09153213152125,
      "pitch_velocity_bias": 0.08399683106694936
    },
    {
      "freq_bin": "1.0-1.5",
      "center_freq_hz": 1.2502,
      "samples": 4545,
      "torque_rms": 14.909726631252303,
      "yaw_velocity_rms": 10.136141667351914,
      "yaw_velocity_gain_amp_per_torque": 0.7511209462937058,
      "yaw_velocity_phase_deg": -84.53939977672562,
      "yaw_velocity_time_shift_ms": 187.83527919249724,
      "yaw_angle_gain_rad_per_torque": 0.06550300661486325,
      "yaw_angle_phase_deg": 173.69430345384558,
      "yaw_angle_time_shift_ms": -385.92559291367957,
      "yaw_angle_bias_rad": 0.1675408765194813,
      "equivalent_inertia_from_yaw_vel": 0.16948480338344024,
      "pitch_velocity_gain_amp_per_torque": 0.019340514365909216,
      "pitch_velocity_phase_deg": 71.26926209674352,
      "pitch_velocity_bias": 0.05086437025518359
    },
    {
      "freq_bin": "1.5-2.0",
      "center_freq_hz": 1.7501499999999999,
      "samples": 4545,
      "torque_rms": 14.116298556140245,
      "yaw_velocity_rms": 7.830174462899627,
      "yaw_velocity_gain_amp_per_torque": 0.5469047893105424,
      "yaw_velocity_phase_deg": -85.33631039882951,
      "yaw_velocity_time_shift_ms": 135.4428515632462,
      "yaw_angle_gain_rad_per_torque": 0.05258799256954788,
      "yaw_angle_phase_deg": -178.43120441381885,
      "yaw_angle_time_shift_ms": 283.1998597164987,
      "yaw_angle_bias_rad": 0.6082993649165568,
      "equivalent_inertia_from_yaw_vel": 0.16627736466781023,
      "pitch_velocity_gain_amp_per_torque": 0.010735666010283017,
      "pitch_velocity_phase_deg": 65.82193255104208,
      "pitch_velocity_bias": 0.021028729150362357
    },
    {
      "freq_bin": "2.0-2.5",
      "center_freq_hz": 2.2500999999999998,
      "samples": 4545,
      "torque_rms": 13.993658576659247,
      "yaw_velocity_rms": 6.2004297993158035,
      "yaw_velocity_gain_amp_per_torque": 0.43196872986462365,
      "yaw_velocity_phase_deg": -86.7061743418231,
      "yaw_velocity_time_shift_ms": 107.03990235226966,
      "yaw_angle_gain_rad_per_torque": 0.03214913758930751,
      "yaw_angle_phase_deg": -177.85494999738566,
      "yaw_angle_time_shift_ms": 219.56425393116564,
      "yaw_angle_bias_rad": 0.6840381898512243,
      "equivalent_inertia_from_yaw_vel": 0.16374422894825041,
      "pitch_velocity_gain_amp_per_torque": 0.006447503650434323,
      "pitch_velocity_phase_deg": 58.05246049930408,
      "pitch_velocity_bias": 0.01311427834842284
    },
    {
      "freq_bin": "2.5-3.0",
      "center_freq_hz": 2.75005,
      "samples": 4545,
      "torque_rms": 14.119801554348362,
      "yaw_velocity_rms": 5.067768566173497,
      "yaw_velocity_gain_amp_per_torque": 0.357064077105563,
      "yaw_velocity_phase_deg": -87.69879347297359,
      "yaw_velocity_time_shift_ms": 88.5830292711583,
      "yaw_angle_gain_rad_per_torque": 0.02216411540825878,
      "yaw_angle_phase_deg": -177.57095593560516,
      "yaw_angle_time_shift_ms": 179.36134083986875,
      "yaw_angle_bias_rad": 0.6727584733163644,
      "equivalent_inertia_from_yaw_vel": 0.16208147564120426,
      "pitch_velocity_gain_amp_per_torque": 0.006318379914584083,
      "pitch_velocity_phase_deg": 65.90352210037247,
      "pitch_velocity_bias": 0.016403648813400742
    },
    {
      "freq_bin": "3.0-3.5",
      "center_freq_hz": 3.25,
      "samples": 4545,
      "torque_rms": 14.191246304163695,
      "yaw_velocity_rms": 4.297574248256114,
      "yaw_velocity_gain_amp_per_torque": 0.3043566182971122,
      "yaw_velocity_phase_deg": -88.68699579521149,
      "yaw_velocity_time_shift_ms": 75.80085110701837,
      "yaw_angle_gain_rad_per_torque": 0.015823299793996014,
      "yaw_angle_phase_deg": -178.6822911246724,
      "yaw_angle_time_shift_ms": 152.71990694416442,
      "yaw_angle_bias_rad": 0.6067083422273072,
      "equivalent_inertia_from_yaw_vel": 0.16089925034184094,
      "pitch_velocity_gain_amp_per_torque": 0.006980520478398332,
      "pitch_velocity_phase_deg": 57.98356342192494,
      "pitch_velocity_bias": 0.012046937635089766
    },
    {
      "freq_bin": "3.5-4.0",
      "center_freq_hz": 3.74995,
      "samples": 4545,
      "torque_rms": 14.096757248246519,
      "yaw_velocity_rms": 3.8225375630974905,
      "yaw_velocity_gain_amp_per_torque": 0.26914259267319146,
      "yaw_velocity_phase_deg": -89.04966937565437,
      "yaw_velocity_time_shift_ms": 65.96359757067455,
      "yaw_angle_gain_rad_per_torque": 0.0122719795936228,
      "yaw_angle_phase_deg": -179.16709807235716,
      "yaw_angle_time_shift_ms": 132.718138517667,
      "yaw_angle_bias_rad": 0.610866120858278,
      "equivalent_inertia_from_yaw_vel": 0.15769293008617732,
      "pitch_velocity_gain_amp_per_torque": 0.00836471158142498,
      "pitch_velocity_phase_deg": 32.181033825826006,
      "pitch_velocity_bias": 0.011734169103292003
    },
    {
      "freq_bin": "4.0-4.5",
      "center_freq_hz": 4.2499,
      "samples": 4545,
      "torque_rms": 13.919064633613132,
      "yaw_velocity_rms": 3.4674269679552743,
      "yaw_velocity_gain_amp_per_torque": 0.24097657535046452,
      "yaw_velocity_phase_deg": -90.66158660231041,
      "yaw_velocity_time_shift_ms": 59.257333245952445,
      "yaw_angle_gain_rad_per_torque": 0.009750837063964502,
      "yaw_angle_phase_deg": 179.49061445240366,
      "yaw_angle_time_shift_ms": -117.31688749042699,
      "yaw_angle_bias_rad": 0.6179090108157761,
      "equivalent_inertia_from_yaw_vel": 0.15540557419275022,
      "pitch_velocity_gain_amp_per_torque": 0.007677229109042923,
      "pitch_velocity_phase_deg": 6.913689924734695,
      "pitch_velocity_bias": 0.0014622033754511689
    },
    {
      "freq_bin": "4.5-5.0",
      "center_freq_hz": 4.74985,
      "samples": 4545,
      "torque_rms": 14.24973724120625,
      "yaw_velocity_rms": 3.066494791404996,
      "yaw_velocity_gain_amp_per_torque": 0.21826273037978622,
      "yaw_velocity_phase_deg": -92.3170201445437,
      "yaw_velocity_time_shift_ms": 53.988266380659795,
      "yaw_angle_gain_rad_per_torque": 0.00792042522700266,
      "yaw_angle_phase_deg": 178.22059592000653,
      "yaw_angle_time_shift_ms": -104.22586205646641,
      "yaw_angle_bias_rad": 0.6057178543279689,
      "equivalent_inertia_from_yaw_vel": 0.15351847691877996,
      "pitch_velocity_gain_amp_per_torque": 0.0060102646084559865,
      "pitch_velocity_phase_deg": -11.544240444124572,