time_s,hip_rad,aux_rad,hip_speed,aux_speed,hip_acc,aux_acc,segment,waveform,validation
0,1.02932,-0.32395,0,0,0,0,0,0,0
0.05,1.02932,-0.32395,0,0,0,0,0,0,0
0.1,1.02932,-0.32395,0,0,0,0,0,0,0
0.15,1.02932,-0.32395,0,0,0,0,0,0,0
0.2,1.02932,-0.32395,0,0,0,0,0,0,0
0.25,1.02932,-0.32395,0,0,0,0,0,0,0
0.3,1.02932,-0.32395,0,0,0,0,0,0,0
0.35,1.02932,-0.32395,0,0,0,0,0,0,0
0.4,1.02932,-0.32395,0,0,0,0,0,0,0
0.45,1.02932,-0.32395,0,0,0,0,0,0,0
0.5,1.02932,-0.32395,0,0,0,0,0,0,0
0.55,1.02932,-0.32395,0,0,0,0,0,0,0
0.6,1.02932,-0.32395,0,0,0,0,0,0,0
0.65,1.02932,-0.32395,0,0,0,0,0,0,0
0.7,1.02932,-0.32395,0,0,0,0,0,0,0
0.75,1.02932,-0.32395,0,0,0,0,0,0,0
0.8,1.02932,-0.32395,0,0,0,0,0,0,0
0.85,1.02932,-0.32395,0,0,0,0,0,0,0
0.9,1.02932,-0.32395,0,0,0,0,0,0,0
0.95,1.02932,-0.32395,0,0,0,0,0,0,0
1,1.02932,-0.32395,0,0,0,0,0,0,0
1.05,1.02932,-0.32395,0,0,0,0,0,0,0
1.1,1.02932,-0.32395,0,0,0,0,0,0,0
1.15,1.02932,-0.32395,0,0,0,0,0,0,0
1.2,1.02932,-0.32395,0,0,0,0,0,0,0
1.25,1.02932,-0.32395,0,0,0,0,0,0,0
1.3,1.02932,-0.32395,0,0,0,0,0,0,0
1.35,1.02932,-0.32395,0,0,0,0,0,0,0
1.4,1.02932,-0.32395,0,0,0,0,0,0,0
1.45,1.02932,-0.32395,0,0,0,0,0,0,0
1.5,1.02932,-0.32395,0,0,0,0,0,0,0
1.55,1.02932,-0.32395,0,0,0,0,0,0,0
1.6,1.02932,-0.32395,0,0,0,0,0,0,0
1.65,1.02932,-0.32395,0,0,0,0,0,0,0
1.7,1.02932,-0.32395,0,0,0,0,0,0,0
1.75,1.02932,-0.32395,0,0,0,0,0,0,0
1.8,1.02932,-0.32395,0,0,0,0,0,0,0
1.85,1.02932,-0.32395,0,0,0,0,0,0,0
1.9,1.02932,-0.32395,0,0,0,0,0,0,0
1.95,1.02932,-0.32395,0,0,0,0,0,0,0
2,1.02932,-0.32395,0,0,0,0,1,1,0
2.05,1.02932,-0.32393111653,0,0.0011234551466,0,0.044176541358,1,1,0
2.1,1.02932,-0.323802727649,0,0.00434277864198,0,0.0838605530864,1,1,0
2.15,1.02932,-0.323465591056,0,0.009437216875,0,0.11920695,1,1,0
2.2,1.02932,-0.322831308484,0,0.0161937619753,0,0.150370646914,1,1,0
2.25,1.02932,-0.321821938416,0,0.0244071518133,0,0.177506558642,1,1,0
2.3,1.02932,-0.3203696088,0,0.03387987,0,0.2007696,1,1,0
2.35,1.02932,-0.318416129758,0,0.0444221458873,0,0.220314685802,1,1,0
2.4,1.02932,-0.315912606301,0,0.0558519545679,0,0.236296730864,1,1,0
2.45,1.02932,-0.312819051044,0,0.067995016875,0,0.24887065,1,1,0
2.5,1.02932,-0.309103996914,0,0.0806847993827,0,0.258191358025,1,1,0
2.55,1.02932,-0.304744109867,0,0.0937625144059,0,0.264413769753,1,1,0
2.6,1.02932,-0.2997238016,0,0.10707712,0,0.2676928,1,1,0
2.65,1.02932,-0.294034842264,0,0.120485319961,0,0.26818336358,1,1,0
2.7,1.02932,-0.287675973175,0,0.133851563827,0,0.266040375309,1,1,0
2.75,1.02932,-0.280652519531,0,0.147048046875,0,0.26141875,1,1,0
2.8,1.02932,-0.272976003121,0,0.159954710123,0,0.254473402469,1,1,0
2.85,1.02932,-0.264663755039,0,0.172459240332,0,0.245359247531,1,1,0
2.9,1.02932,-0.2557385284,0,0.18445707,0,0.2342312,1,1,0
2.95,1.02932,-0.246228111048,0,0.195851377369,0,0.221244174691,1,1,0
3,1.02932,-0.236164938272,0,0.20655308642,0,0.20655308642,1,1,0
3.05,1.02932,-0.225585705519,0,0.216480866875,0,0.19031285,1,1,0
3.1,1.02932,-0.214530981106,0,0.225561134198,0,0.172678380247,1,1,0
3.15,1.02932,-0.203044818934,0,0.233728049591,0,0.153804591975,1,1,0
3.2,1.02932,-0.1911743712,0,0.24092352,0,0.1338464,1,1,0
3.25,1.02932,-0.178969501109,0,0.24709719811,0,0.112958719136,1,1,0
3.3,1.02932,-0.16648239559,0,0.252206482346,0,0.0912964641975,1,1,0
3.35,1.02932,-0.153767178006,0,0.256216516875,0,0.06901455,1,1,0
3.4,1.02932,-0.140879520869,0,0.259100191605,0,0.046267891358,1,1,0
3.45,1.02932,-0.127876258551,0,0.260838142184,0,0.0232114030864,1,1,0
3.5,1.02932,-0.114815,0,0.26141875,0,0,1,1,0
3.55,1.02932,-0.101753741449,0,0.260838142184,-0,-0.0232114030864,1,1,0
3.6,1.02932,-0.0887504791309,0,0.259100191605,-0,-0.046267891358,1,1,0
3.65,1.02932,-0.0758628219938,0,0.256216516875,-0,-0.06901455,1,1,0
3.7,1.02932,-0.0631476044099,0,0.252206482346,-0,-0.0912964641975,1,1,0
3.75,1.02932,-0.0506604988908,0,0.24709719811,-0,-0.112958719136,1,1,0
3.8,1.02932,-0.0384556288,0,0.24092352,-0,-0.1338464,1,1,0
3.85,1.02932,-0.0265851810657,0,0.233728049591,-0,-0.153804591975,1,1,0
3.9,1.02932,-0.0150990188938,0,0.225561134198,-0,-0.172678380247,1,1,0
3.95,1.02932,-0.00404429448125,0,0.216480866875,-0,-0.19031285,1,1,0
4,1.02932,0.0065349382716,0,0.20655308642,-0,-0.20655308642,1,1,0
4.05,1.02932,0.0165981110476,0,0.195851377369,-0,-0.221244174691,1,1,0
4.1,1.02932,0.0261085284,0,0.18445707,-0,-0.2342312,1,1,0
4.15,1.02932,0.0350337550394,0,0.172459240332,-0,-0.245359247531,1,1,0
4.2,1.02932,0.043346003121,0,0.159954710123,-0,-0.254473402469,1,1,0
4.25,1.02932,0.0510225195312,0,0.147048046875,-0,-0.26141875,1,1,0
4.3,1.02932,0.0580459731753,0,0.133851563827,-0,-0.266040375309,1,1,0
4.35,1.02932,0.0644048422638,0,0.120485319961,-0,-0.26818336358,1,1,0
4.4,1.02932,0.0700938016,0,0.10707712,-0,-0.2676928,1,1,0
4.45,1.02932,0.0751141098667,0,0.0937625144059,-0,-0.264413769753,1,1,0
4.5,1.02932,0.0794739969136,0,0.0806847993827,-0,-0.258191358025,1,1,0
4.55,1.02932,0.0831890510437,0,0.067995016875,-0,-0.24887065,1,1,0
4.6,1.02932,0.0862826063012,0,0.0558519545679,-0,-0.236296730864,1,1,0
4.65,1.02932,0.0887861297578,0,0.0444221458873,-0,-0.220314685802,1,1,0
4.7,1.02932,0.0907396088,0,0.03387987,-0,-0.2007696,1,1,0
4.75,1.02932,0.0921919384163,0,0.0244071518133,-0,-0.177506558642,1,1,0
4.8,1.02932,0.093201308484,0,0.0161937619753,-0,-0.150370646914,1,1,0
4.85,1.02932,0.0938355910562,0,0.009437216875,-0,-0.11920695,1,1,0
4.9,1.02932,0.0941727276494,0,0.00434277864198,-0,-0.0838605530864,1,1,0
4.95,1.02932,0.0943011165296,0,0.0011234551466,-0,-0.044176541358,1,1,0
5,1.02932,0.09432,0,0,0,0,2,0,0
5.05,1.02932,0.09432,0,0,0,0,2,0,0
5.1,1.02932,0.09432,0,0,0,0,2,0,0
5.15,1.02932,0.09432,0,0,0,0,2,0,0
5.2,1.02932,0.09432,0,0,0,0,2,0,0
5.25,1.02932,0.09432,0,0,0,0,2,0,0
5.3,1.02932,0.09432,0,0,0,0,2,0,0
5.35,1.02932,0.09432,0,0,0,0,2,0,0
5.4,1.02932,0.09432,0,0,0,0,2,0,0
5.45,1.02932,0.09432,0,0,0,0,2,0,0
5.5,1.02932,0.09432,0,0,0,0,2,0,0
5.55,1.02932,0.09432,0,0,0,0,2,0,0
5.6,1.02932,0.09432,0,0,0,0,2,0,0
5.65,1.02932,0.09432,0,0,0,0,2,0,0
5.7,1.02932,0.09432,0,0,0,0,2,0,0
5.75,1.02932,0.09432,0,0,0,0,2,0,0
5.8,1.02932,0.09432,0,0,0,0,2,0,0
5.85,1.02932,0.09432,0,0,0,0,2,0,0
5.9,1.02932,0.09432,0,0,0,0,2,0,0
5.95,1.02932,0.09432,0,0,0,0,2,0,0
6,1.02932,0.09432,0,0,0,0,2,0,0
6.05,1.02932,0.09432,0,0,0,0,2,0,0
6.1,1.02932,0.09432,0,0,0,0,2,0,0
6.15,1.02932,0.09432,0,0,0,0,2,0,0
6.2,1.02932,0.09432,0,0,0,0,2,0,0
6.25,1.02932,0.09432,0,0,0,0,2,0,0
6.3,1.02932,0.09432,0,0,0,0,2,0,0
6.35,1.02932,0.09432,0,0,0,0,2,0,0
6.4,1.02932,0.09432,0,0,0,0,2,0,0
6.45,1.02932,0.09432,0,0,0,0,2,0,0
6.5,1.02932,0.09432,0,0,0,0,2,0,0
6.55,1.02932,0.09432,0,0,0,0,2,0,0
6.6,1.02932,0.09432,0,0,0,0,2,0,0
6.65,1.02932,0.09432,0,0,0,0,2,0,0
6.7,1.02932,0.09432,0,0,0,0,2,0,0
6.75,1.02932,0.09432,0,0,0,0,2,0,0
6.8,1.02932,0.09432,0,0,0,0,2,0,0
6.85,1.02932,0.09432,0,0,0,0,2,0,0
6.9,1.02932,0.09432,0,0,0,0,2,0,0
6.95,1.02932,0.09432,0,0,0,0,2,0,0
7,1.02932,0.09432,0,0,0,0,3,3,0
7.05,1.02990073557,0.0949007355652,0.0337056325463,0.0337056325463,1.25834361506,1.25834361506,3,3,0
7.1,1.0335224682,0.0985224682001,0.117445404072,0.117445404072,2.0133497841,2.0133497841,3,3,0
7.15,1.04208769361,0.107087693609,0.227850076013,0.227850076013,2.33692385654,2.33692385654,3,3,0
7.2,1.05642032725,0.121420327253,0.345145677274,0.345145677274,2.30097118183,2.30097118183,3,3,0
7.25,1.07644546773,0.141445467727,0.453153504234,0.453153504234,1.97739710938,1.97739710938,3,3,0
7.3,1.10136916013,0.166369160131,0.539290120741,0.539290120741,1.43810698864,1.43810698864,3,3,0
7.35,1.12985815944,0.194858159445,0.594567358117,0.594567358117,0.755006169037,0.755006169037,3,3,0
7.4,1.1602196939,0.2252196939,0.613592315154,0.613592315154,-5.44979452814e-15,-5.44979452814e-15,3,3,0
7.45,1.19058122835,0.255581228355,0.594567358117,0.594567358117,-0.755006169037,-0.755006169037,3,3,0
7.5,1.21907022767,0.284070227668,0.539290120741,0.539290120741,-1.43810698864,-1.43810698864,3,3,0
7.55,1.24399392007,0.308993920072,0.453153504234,0.453153504234,-1.97739710938,-1.97739710938,3,3,0
7.6,1.26401906055,0.329019060547,0.345145677274,0.345145677274,-2.30097118183,-2.30097118183,3,3,0
7.65,1.27835169419,0.343351694191,0.227850076013,0.227850076013,-2.33692385654,-2.33692385654,3,3,0
7.7,1.2869169196,0.351916919599,0.117445404072,0.117445404072,-2.0133497841,-2.0133497841,3,3,0
7.75,1.29053865223,0.355538652234,0.0337056325463,0.0337056325463,-1.25834361506,-1.25834361506,3,3,0
7.8,1.2911193878,0.356119387799,0,0,0,0,4,0,0
7.85,1.2911193878,0.356119387799,0,0,0,0,4,0,0
7.9,1.2911193878,0.356119387799,0,0,0,0,4,0,0
7.95,1.2911193878,0.356119387799,0,0,0,0,4,0,0
8,1.2911193878,0.356119387799,0,0,0,0,4,0,0
8.05,1.2911193878,0.356119387799,0,0,0,0,4,0,0
8.1,1.2911193878,0.356119387799,0,0,0,0,4,0,0
8.15,1.2911193878,0.356119387799,0,0,0,0,4,0,0
8.2,1.2911193878,0.356119387799,0,0,0,0,4,0,0
8.25,1.2911193878,0.356119387799,0,0,0,0,4,0,0
8.3,1.2911193878,0.356119387799,0,0,0,0,4,0,0
8.35,1.2911193878,0.356119387799,0,0,0,0,4,0,0
8.4,1.2911193878,0.356119387799,0,0,0,0,4,0,0
8.45,1.2911193878,0.356119387799,0,0,0,0,4,0,0
8.5,1.2911193878,0.356119387799,0,0,0,0,4,0,0
8.55,1.2911193878,0.356119387799,0,0,0,0,4,0,0
8.6,1.2911193878,0.356119387799,0,0,0,0,4,0,0
8.65,1.2911193878,0.356119387799,0,0,0,0,4,0,0
8.7,1.2911193878,0.356119387799,0,0,0,0,4,0,0
8.75,1.2911193878,0.356119387799,0,0,0,0,4,0,0
8.8,1.2911193878,0.356119387799,0,0,0,0,4,0,0
8.85,1.2911193878,0.356119387799,0,0,0,0,4,0,0
8.9,1.2911193878,0.356119387799,0,0,0,0,4,0,0
8.95,1.2911193878,0.356119387799,0,0,0,0,4,0,0
9,1.2911193878,0.356119387799,0,0,0,0,4,0,0
9.05,1.2911193878,0.356119387799,0,0,0,0,4,0,0
9.1,1.2911193878,0.356119387799,0,0,0,0,4,0,0
9.15,1.2911193878,0.356119387799,0,0,0,0,4,0,0
9.2,1.2911193878,0.356119387799,0,0,0,0,4,0,0
9.25,1.2911193878,0.356119387799,0,0,0,0,4,0,0
9.3,1.2911193878,0.356119387799,0,0,0,0,4,0,0
9.35,1.2911193878,0.356119387799,0,0,0,0,4,0,0
9.4,1.2911193878,0.356119387799,0,0,0,0,4,0,0
9.45,1.2911193878,0.356119387799,0,0,0,0,4,0,0
9.5,1.2911193878,0.356119387799,0,0,0,0,4,0,0
9.55,1.2911193878,0.356119387799,0,0,0,0,4,0,0
9.6,1.2911193878,0.356119387799,0,0,0,0,4,0,0
9.65,1.2911193878,0.356119387799,0,0,0,0,4,0,0
9.7,1.2911193878,0.356119387799,0,0,0,0,4,0,0
9.75,1.2911193878,0.356119387799,0,0,0,0,4,0,0
9.8,1.2911193878,0.356119387799,-0,-0,-0,-0,5,3,0
9.85,1.29053865223,0.355538652234,-0.0337056325463,-0.0337056325463,-1.25834361506,-1.25834361506,5,3,0
9.9,1.2869169196,0.351916919599,-0.117445404072,-0.117445404072,-2.0133497841,-2.0133497841,5,3,0
9.95,1.27835169419,0.343351694191,-0.227850076013,-0.227850076013,-2.33692385654,-2.33692385654,5,3,0
10,1.26401906055,0.329019060547,-0.345145677274,-0.345145677274,-2.30097118183,-2.30097118183,5,3,0
10.05,1.24399392007,0.308993920072,-0.453153504234,-0.453153504234,-1.97739710938,-1.97739710938,5,3,0
10.1,1.21907022767,0.284070227668,-0.539290120741,-0.539290120741,-1.43810698864,-1.43810698864,5,3,0
10.15,1.19058122835,0.255581228355,-0.594567358117,-0.594567358117,-0.755006169037,-0.755006169037,5,3,0
10.2,1.1602196939,0.2252196939,-0.613592315154,-0.613592315154,5.44979452814e-15,5.44979452814e-15,5,3,0
10.25,1.12985815944,0.194858159445,-0.594567358117,-0.594567358117,0.755006169037,0.755006169037,5,3,0
10.3,1.10136916013,0.166369160131,-0.539290120741,-0.539290120741,1.43810698864,1.43810698864,5,3,0
10.35,1.07644546773,0.141445467727,-0.453153504234,-0.453153504234,1.97739710938,1.97739710938,5,3,0
10.4,1.05642032725,0.121420327253,-0.345145677274,-0.345145677274,2.30097118183,2.30097118183,5,3,0
10.45,1.04208769361,0.107087693609,-0.227850076013,-0.227850076013,2.33692385654,2.33692385654,5,3,0
10.5,1.0335224682,0.0985224682001,-0.117445404072,-0.117445404072,2.0133497841,2.0133497841,5,3,0
10.55,1.02990073557,0.0949007355652,-0.0337056325463,-0.0337056325463,1.25834361506,1.25834361506,5,3,0
10.6,1.02932,0.09432,-1.74254036101e-29,-1.74254036101e-29,3.26987671688e-14,3.26987671688e-14,5,3,0
10.65,1.02932,0.09432,0,0,0,0,6,0,0
10.7,1.02932,0.09432,0,0,0,0,6,0,0
10.75,1.02932,0.09432,0,0,0,0,6,0,0
10.8,1.02932,0.09432,0,0,0,0,6,0,0
10.85,1.02932,0.09432,0,0,0,0,6,0,0
10.9,1.02932,0.09432,0,0,0,0,6,0,0
10.95,1.02932,0.09432,0,0,0,0,6,0,0
11,1.02932,0.09432,0,0,0,0,6,0,0
11.05,1.02932,0.09432,0,0,0,0,6,0,0
11.1,1.02932,0.09432,0,0,0,0,6,0,0
11.15,1.02932,0.09432,0,0,0,0,6,0,0
11.2,1.02932,0.09432,0,0,0,0,6,0,0
11.25,1.02932,0.09432,0,0,0,0,6,0,0
11.3,1.02932,0.09432,0,0,0,0,6,0,0
11.35,1.02932,0.09432,0,0,0,0,6,0,0
11.4,1.02932,0.09432,0,0,0,0,6,0,0
11.45,1.02932,0.09432,0,0,0,0,6,0,0
11.5,1.02932,0.09432,0,0,0,0,6,0,0
11.55,1.02932,0.09432,0,0,0,0,6,0,0
11.6,1.02932,0.09432,0,0,0,0,6,0,0
11.65,1.02932,0.09432,0,0,0,0,6,0,0
11.7,1.02932,0.09432,0,0,0,0,6,0,0
11.75,1.02932,0.09432,0,0,0,0,6,0,0
11.8,1.02932,0.09432,0,0,0,0,6,0,0
11.85,1.02932,0.09432,0,0,0,0,6,0,0
11.9,1.02932,0.09432,0,0,0,0,6,0,0
11.95,1.02932,0.09432,0,0,0,0,6,0,0
12,1.02932,0.09432,0,0,0,0,6,0,0
12.05,1.02932,0.09432,0,0,0,0,6,0,0
12.1,1.02932,0.09432,0,0,0,0,6,0,0
12.15,1.02932,0.09432,0,0,0,0,6,0,0
12.2,1.02932,0.09432,0,0,0,0,6,0,0
12.25,1.02932,0.09432,0,0,0,0,6,0,0
12.3,1.02932,0.09432,0,0,0,0,6,0,0
12.35,1.02932,0.09432,0,0,0,0,6,0,0
12.4,1.02932,0.09432,0,0,0,0,6,0,0
12.45,1.02932,0.09432,0,0,0,0,6,0,0
12.5,1.02932,0.09432,0,0,0,0,6,0,0
12.55,1.02932,0.09432,0,0,0,0,6,0,0
12.6,1.02932,0.09432,0,0,0,0,6,0,0
12.65,1.02873926443,0.0937392644348,-0.0337056325463,-0.0337056325463,-1.25834361506,-1.25834361506,7,3,0
12.7,1.0251175318,0.0901175317999,-0.117445404072,-0.117445404072,-2.0133497841,-2.0133497841,7,3,0
12.75,1.01655230639,0.0815523063915,-0.227850076013,-0.227850076013,-2.33692385654,-2.33692385654,7,3,0
12.8,1.00221967275,0.0672196727474,-0.345145677274,-0.345145677274,-2.30097118183,-2.30097118183,7,3,0
12.85,0.982194532273,0.0471945322732,-0.453153504234,-0.453153504234,-1.97739710938,-1.97739710938,7,3,0
12.9,0.957270839869,0.022270839869,-0.539290120741,-0.539290120741,-1.43810698864,-1.43810698864,7,3,0
12.95,0.928781840555,-0.00621815944456,-0.594567358117,-0.594567358117,-0.755006169037,-0.755006169037,7,3,0
13,0.8984203061,-0.0365796938996,-0.613592315154,-0.613592315154,-2.17991781126e-14,-2.17991781126e-14,7,3,0
13.05,0.868058771645,-0.0669412283546,-0.594567358117,-0.594567358117,0.755006169037,0.755006169037,7,3,0
13.1,0.839569772332,-0.0954302276681,-0.539290120741,-0.539290120741,1.43810698864,1.43810698864,7,3,0
13.15,0.814646079928,-0.120353920072,-0.453153504234,-0.453153504234,1.97739710938,1.97739710938,7,3,0
13.2,0.794620939453,-0.140379060547,-0.345145677274,-0.345145677274,2.30097118183,2.30097118183,7,3,0
13.25,0.780288305809,-0.154711694191,-0.227850076013,-0.227850076013,2.33692385654,2.33692385654,7,3,0
13.3,0.771723080401,-0.163276919599,-0.117445404072,-0.117445404072,2.0133497841,2.0133497841,7,3,0
13.35,0.768101347766,-0.166898652234,-0.0337056325463,-0.0337056325463,1.25834361506,1.25834361506,7,3,0
13.4,0.767520612201,-0.167479387799,-1.74254036101e-29,-1.74254036101e-29,3.26987671688e-14,3.26987671688e-14,7,3,0
13.45,0.767520612201,-0.167479387799,0,0,0,0,8,0,0
13.5,0.767520612201,-0.167479387799,0,0,0,0,8,0,0
13.55,0.767520612201,-0.167479387799,0,0,0,0,8,0,0
13.6,0.767520612201,-0.167479387799,0,0,0,0,8,0,0
13.65,0.767520612201,-0.167479387799,0,0,0,0,8,0,0
13.7,0.767520612201,-0.167479387799,0,0,0,0,8,0,0
13.75,0.767520612201,-0.167479387799,0,0,0,0,8,0,0
13.8,0.767520612201,-0.167479387799,0,0,0,0,8,0,0
13.85,0.767520612201,-0.167479387799,0,0,0,0,8,0,0
13.9,0.767520612201,-0.167479387799,0,0,0,0,8,0,0
13.95,0.767520612201,-0.167479387799,0,0,0,0,8,0,0
14,0.767520612201,-0.167479387799,0,0,0,0,8,0,0
14.05,0.767520612201,-0.167479387799,0,0,0,0,8,0,0
14.1,0.767520612201,-0.167479387799,0,0,0,0,8,0,0
14.15,0.767520612201,-0.167479387799,0,0,0,0,8,0,0
14.2,0.767520612201,-0.167479387799,0,0,0,0,8,0,0
14.25,0.767520612201,-0.167479387799,0,0,0,0,8,0,0
14.3,0.767520612201,-0.167479387799,0,0,0,0,8,0,0
14.35,0.767520612201,-0.167479387799,0,0,0,0,8,0,0
14.4,0.767520612201,-0.167479387799,0,0,0,0,8,0,0
14.45,0.767520612201,-0.167479387799,0,0,0,0,8,0,0
14.5,0.767520612201,-0.167479387799,0,0,0,0,8,0,0
14.55,0.767520612201,-0.167479387799,0,0,0,0,8,0,0
14.6,0.767520612201,-0.167479387799,0,0,0,0,8,0,0
14.65,0.767520612201,-0.167479387799,0,0,0,0,8,0,0
14.7,0.767520612201,-0.167479387799,0,0,0,0,8,0,0
14.75,0.767520612201,-0.167479387799,0,0,0,0,8,0,0
14.8,0.767520612201,-0.167479387799,0,0,0,0,8,0,0
14.85,0.767520612201,-0.167479387799,0,0,0,0,8,0,0
14.9,0.767520612201,-0.167479387799,0,0,0,0,8,0,0
14.95,0.767520612201,-0.167479387799,0,0,0,0,8,0,0
15,0.767520612201,-0.167479387799,0,0,0,0,8,0,0
15.05,0.767520612201,-0.167479387799,0,0,0,0,8,0,0
15.1,0.767520612201,-0.167479387799,0,0,0,0,8,0,0
15.15,0.767520612201,-0.167479387799,0,0,0,0,8,0,0
15.2,0.767520612201,-0.167479387799,0,0,0,0,8,0,0
15.25,0.767520612201,-0.167479387799,0,0,0,0,8,0,0
15.3,0.767520612201,-0.167479387799,0,0,0,0,8,0,0
15.35,0.767520612201,-0.167479387799,0,0,0,0,8,0,0
15.4,0.767520612201,-0.167479387799,0,0,0,0,8,0,0
15.45,0.768101347766,-0.166898652234,0.0337056325463,0.0337056325463,1.25834361506,1.25834361506,9,3,0
15.5,0.771723080401,-0.163276919599,0.117445404072,0.117445404072,2.0133497841,2.0133497841,9,3,0
15.55,0.780288305809,-0.154711694191,0.227850076013,0.227850076013,2.33692385654,2.33692385654,9,3,0
15.6,0.794620939453,-0.140379060547,0.345145677274,0.345145677274,2.30097118183,2.30097118183,9,3,0
15.65,0.814646079928,-0.120353920072,0.453153504234,0.453153504234,1.97739710938,1.97739710938,9,3,0
15.7,0.839569772332,-0.0954302276681,0.539290120741,0.539290120741,1.43810698864,1.43810698864,9,3,0
15.75,0.868058771645,-0.0669412283546,0.594567358117,0.594567358117,0.755006169037,0.755006169037,9,3,0
15.8,0.8984203061,-0.0365796938996,0.613592315154,0.613592315154,2.17991781126e-14,2.17991781126e-14,9,3,0
15.85,0.928781840555,-0.00621815944456,0.594567358117,0.594567358117,-0.755006169037,-0.755006169037,9,3,0
15.9,0.957270839869,0.022270839869,0.539290120741,0.539290120741,-1.43810698864,-1.43810698864,9,3,0
15.95,0.982194532273,0.0471945322732,0.453153504234,0.453153504234,-1.97739710938,-1.97739710938,9,3,0
16,1.00221967275,0.0672196727474,0.345145677274,0.345145677274,-2.30097118183,-2.30097118183,9,3,0
16.05,1.01655230639,0.0815523063915,0.227850076013,0.227850076013,-2.33692385654,-2.33692385654,9,3,0
16.1,1.0251175318,0.0901175317999,0.117445404072,0.117445404072,-2.0133497841,-2.0133497841,9,3,0
16.15,1.02873926443,0.0937392644348,0.0337056325463,0.0337056325463,-1.25834361506,-1.25834361506,9,3,0
16.2,1.02932,0.09432,1.23913981227e-28,1.23913981227e-28,-8.71967124502e-14,-8.71967124502e-14,9,3,0
16.25,1.02932,0.09432,0,0,0,0,10,0,0
16.3,1.02932,0.09432,0,0,0,0,10,0,0
16.35,1.02932,0.09432,0,0,0,0,10,0,0
16.4,1.02932,0.09432,0,0,0,0,10,0,0
16.45,1.02932,0.09432,0,0,0,0,10,0,0
16.5,1.02932,0.09432,0,0,0,0,10,0,0
16.55,1.02932,0.09432,0,0,0,0,10,0,0
16.6,1.02932,0.09432,0,0,0,0,10,0,0
16.65,1.02932,0.09432,0,0,0,0,10,0,0
16.7,1.02932,0.09432,0,0,0,0,10,0,0
16.75,1.02932,0.09432,0,0,0,0,10,0,0
16.8,1.02932,0.09432,0,0,0,0,10,0,0
16.85,1.02932,0.09432,0,0,0,0,10,0,0
16.9,1.02932,0.09432,0,0,0,0,10,0,0
16.95,1.02932,0.09432,0,0,0,0,10,0,0
17,1.02932,0.09432,0,0,0,0,10,0,0
17.05,1.02932,0.09432,0,0,0,0,10,0,0
17.1,1.02932,0.09432,0,0,0,0,10,0,0
17.15,1.02932,0.09432,0,0,0,0,10,0,0
17.2,1.02932,0.09432,0,0,0,0,10,0,0
17.25,1.02932,0.09432,0,0,0,0,10,0,0
17.3,1.02932,0.09432,0,0,0,0,10,0,0
17.35,1.02932,0.09432,0,0,0,0,10,0,0
17.4,1.02932,0.09432,0,0,0,0,10,0,0
17.45,1.02932,0.09432,0,0,0,0,10,0,0
17.5,1.02932,0.09432,0,0,0,0,10,0,0
17.55,1.02932,0.09432,0,0,0,0,10,0,0
17.6,1.02932,0.09432,0,0,0,0,10,0,0
17.65,1.02932,0.09432,0,0,0,0,10,0,0
17.7,1.02932,0.09432,0,0,0,0,10,0,0
17.75,1.02932,0.09432,0,0,0,0,10,0,0
17.8,1.02932,0.09432,0,0,0,0,10,0,0
17.85,1.02932,0.09432,0,0,0,0,10,0,0
17.9,1.02932,0.09432,0,0,0,0,10,0,0
17.95,1.02932,0.09432,0,0,0,0,10,0,0
18,1.02932,0.09432,0,0,0,0,10,0,0
18.05,1.02932,0.09432,0,0,0,0,10,0,0
18.1,1.02932,0.09432,0,0,0,0,10,0,0
18.15,1.02932,0.09432,0,0,0,0,10,0,0
18.2,1.02932,0.09432,0,0,0,0,10,0,0
18.25,1.02932,0.094652736969,0,0.0193119049072,0,0.720977783203,11,3,0
18.3,1.02932,0.0967278369141,0,0.0672912597656,0,1.15356445312,11,3,0
18.35,1.02932,0.101635349579,0,0.130548477173,0,1.33895874023,11,3,0
18.4,1.02932,0.10984734375,0,0.19775390625,0,1.318359375,11,3,0
18.45,1.02932,0.121320904083,0,0.259637832642,0,1.13296508789,11,3,0
18.5,1.02932,0.13560112793,0,0.308990478516,0,0.823974609375,11,3,0
18.55,1.02932,0.151924122162,0,0.340662002563,0,0.432586669922,11,3,0
18.6,1.02932,0.16932,0,0.3515625,0,1.2490009027e-14,11,3,0
18.65,1.02932,0.186715877838,0,0.340662002563,-0,-0.432586669922,11,3,0
18.7,1.02932,0.20303887207,0,0.308990478516,-0,-0.823974609375,11,3,0
18.75,1.02932,0.217319095917,0,0.259637832642,-0,-1.13296508789,11,3,0
18.8,1.02932,0.22879265625,0,0.19775390625,-0,-1.318359375,11,3,0
18.85,1.02932,0.237004650421,0,0.130548477173,-0,-1.33895874023,11,3,0
18.9,1.02932,0.241912163086,0,0.0672912597656,-0,-1.15356445313,11,3,0
18.95,1.02932,0.243987263031,0,0.0193119049072,-0,-0.720977783203,11,3,0
19,1.02932,0.24432,0,7.09974814699e-29,-0,-4.99600361081e-14,11,3,0
19.05,1.02932,0.24432,0,0,0,0,12,0,0
19.1,1.02932,0.24432,0,0,0,0,12,0,0
19.15,1.02932,0.24432,0,0,0,0,12,0,0
19.2,1.02932,0.24432,0,0,0,0,12,0,0
19.25,1.02932,0.24432,0,0,0,0,12,0,0
19.3,1.02932,0.24432,0,0,0,0,12,0,0
19.35,1.02932,0.24432,0,0,0,0,12,0,0
19.4,1.02932,0.24432,0,0,0,0,12,0,0
19.45,1.02932,0.24432,0,0,0,0,12,0,0
19.5,1.02932,0.24432,0,0,0,0,12,0,0
19.55,1.02932,0.24432,0,0,0,0,12,0,0
19.6,1.02932,0.24432,0,0,0,0,12,0,0
19.65,1.02932,0.24432,0,0,0,0,12,0,0
19.7,1.02932,0.24432,0,0,0,0,12,0,0
19.75,1.02932,0.24432,0,0,0,0,12,0,0
19.8,1.02932,0.24432,0,0,0,0,12,0,0
19.85,1.02932,0.24432,0,0,0,0,12,0,0
19.9,1.02932,0.24432,0,0,0,0,12,0,0
19.95,1.02932,0.24432,0,0,0,0,12,0,0
20,1.02932,0.24432,0,0,0,0,12,0,0
20.05,1.02932,0.24432,0,0,0,0,12,0,0
20.1,1.02932,0.24432,0,0,0,0,12,0,0
20.15,1.02932,0.24432,0,0,0,0,12,0,0
20.2,1.02932,0.24432,0,0,0,0,12,0,0
20.25,1.02932,0.24432,0,0,0,0,12,0,0
20.3,1.02932,0.24432,0,0,0,0,12,0,0
20.35,1.02932,0.24432,0,0,0,0,12,0,0
20.4,1.02932,0.24432,0,0,0,0,12,0,0
20.45,1.02932,0.24432,0,0,0,0,12,0,0
20.5,1.02932,0.24432,0,0,0,0,12,0,0
20.55,1.02932,0.24432,0,0,0,0,12,0,0
20.6,1.02932,0.24432,0,0,0,0,12,0,0
20.65,1.02932,0.24432,0,0,0,0,12,0,0
20.7,1.02932,0.24432,0,0,0,0,12,0,0
20.75,1.02932,0.24432,0,0,0,0,12,0,0
20.8,1.02932,0.24432,0,0,0,0,12,0,0
20.85,1.02932,0.24432,0,0,0,0,12,0,0
20.9,1.02932,0.24432,0,0,0,0,12,0,0
20.95,1.02932,0.24432,0,0,0,0,12,0,0
21,1.02932,0.24432,0,0,0,0,12,0,0
21.05,1.02932,0.243987263031,0,-0.0193119049072,0,-0.720977783203,13,3,0
21.1,1.02932,0.241912163086,0,-0.0672912597656,0,-1.15356445312,13,3,0
21.15,1.02932,0.237004650421,0,-0.130548477173,0,-1.33895874023,13,3,0
21.2,1.02932,0.22879265625,0,-0.19775390625,0,-1.318359375,13,3,0
21.25,1.02932,0.217319095917,0,-0.259637832642,0,-1.13296508789,13,3,0
21.3,1.02932,0.20303887207,0,-0.308990478516,0,-0.823974609375,13,3,0
21.35,1.02932,0.186715877838,0,-0.340662002563,0,-0.432586669922,13,3,0
21.4,1.02932,0.16932,0,-0.3515625,0,-1.2490009027e-14,13,3,0
21.45,1.02932,0.151924122162,0,-0.340662002563,-0,0.432586669922,13,3,0
21.5,1.02932,0.13560112793,0,-0.308990478516,-0,0.823974609375,13,3,0
21.55,1.02932,0.121320904083,0,-0.259637832642,-0,1.13296508789,13,3,0
21.6,1.02932,0.10984734375,0,-0.19775390625,-0,1.318359375,13,3,0
21.65,1.02932,0.101635349579,0,-0.130548477173,-0,1.33895874023,13,3,0
21.7,1.02932,0.0967278369141,0,-0.0672912597656,-0,1.15356445313,13,3,0
21.75,1.02932,0.094652736969,0,-0.0193119049072,-0,0.720977783203,13,3,0
21.8,1.02932,0.09432,0,-7.09974814699e-29,-0,4.99600361081e-14,13,3,0
21.85,1.02932,0.09432,0,0,0,0,14,0,0
21.9,1.02932,0.09432,0,0,0,0,14,0,0
21.95,1.02932,0.09432,0,0,0,0,14,0,0
22,1.02932,0.09432,0,0,0,0,14,0,0
22.05,1.02932,0.09432,0,0,0,0,14,0,0
22.1,1.02932,0.09432,0,0,0,0,14,0,0
22.15,1.02932,0.09432,0,0,0,0,14,0,0
22.2,1.02932,0.09432,0,0,0,0,14,0,0
22.25,1.02932,0.09432,0,0,0,0,14,0,0
22.3,1.02932,0.09432,0,0,0,0,14,0,0
22.35,1.02932,0.09432,0,0,0,0,14,0,0
22.4,1.02932,0.09432,0,0,0,0,14,0,0
22.45,1.02932,0.09432,0,0,0,0,14,0,0
22.5,1.02932,0.09432,0,0,0,0,14,0,0
22.55,1.02932,0.09432,0,0,0,0,14,0,0
22.6,1.02932,0.09432,0,0,0,0,14,0,0
22.65,1.02932,0.09432,0,0,0,0,14,0,0
22.7,1.02932,0.09432,0,0,0,0,14,0,0
22.75,1.02932,0.09432,0,0,0,0,14,0,0
22.8,1.02932,0.09432,0,0,0,0,14,0,0
22.85,1.02932,0.09432,0,0,0,0,14,0,0
22.9,1.02932,0.09432,0,0,0,0,14,0,0
22.95,1.02932,0.09432,0,0,0,0,14,0,0
23,1.02932,0.09432,0,0,0,0,14,0,0
23.05,1.02932,0.09432,0,0,0,0,14,0,0
23.1,1.02932,0.09432,0,0,0,0,14,0,0
23.15,1.02932,0.09432,0,0,0,0,14,0,0
23.2,1.02932,0.09432,0,0,0,0,14,0,0
23.25,1.02932,0.09432,0,0,0,0,14,0,0
23.3,1.02932,0.09432,0,0,0,0,14,0,0
23.35,1.02932,0.09432,0,0,0,0,14,0,0
23.4,1.02932,0.09432,0,0,0,0,14,0,0
23.45,1.02932,0.09432,0,0,0,0,14,0,0
23.5,1.02932,0.09432,0,0,0,0,14,0,0
23.55,1.02932,0.09432,0,0,0,0,14,0,0
23.6,1.02932,0.09432,0,0,0,0,14,0,0
23.65,1.02932,0.09432,0,0,0,0,14,0,0
23.7,1.02932,0.09432,0,0,0,0,14,0,0
23.75,1.02932,0.09432,0,0,0,0,14,0,0
23.8,1.02932,0.09432,0,0,0,0,14,0,0
23.85,1.02932,0.093987263031,0,-0.0193119049072,0,-0.720977783203,15,3,0
23.9,1.02932,0.0919121630859,0,-0.0672912597656,0,-1.15356445312,15,3,0
23.95,1.02932,0.0870046504211,0,-0.130548477173,0,-1.33895874023,15,3,0
24,1.02932,0.07879265625,0,-0.19775390625,0,-1.318359375,15,3,0
24.05,1.02932,0.0673190959167,0,-0.259637832642,0,-1.13296508789,15,3,0
24.1,1.02932,0.0530388720703,0,-0.308990478516,0,-0.823974609375,15,3,0
24.15,1.02932,0.0367158778381,0,-0.340662002563,0,-0.432586669922,15,3,0
24.2,1.02932,0.01932,0,-0.3515625,0,-4.37150315946e-14,15,3,0
24.25,1.02932,0.00192412216187,0,-0.340662002563,-0,0.432586669922,15,3,0
24.3,1.02932,-0.0143988720703,0,-0.308990478516,-0,0.823974609375,15,3,0
24.35,1.02932,-0.0286790959167,0,-0.259637832642,-0,1.13296508789,15,3,0
24.4,1.02932,-0.04015265625,0,-0.19775390625,-0,1.318359375,15,3,0
24.45,1.02932,-0.0483646504211,0,-0.130548477173,-0,1.33895874023,15,3,0
24.5,1.02932,-0.0532721630859,0,-0.0672912597656,-0,1.15356445313,15,3,0
24.55,1.02932,-0.055347263031,0,-0.0193119049072,-0,0.720977783203,15,3,0
24.6,1.02932,-0.05568,0,-7.09974814699e-29,-0,4.99600361081e-14,15,3,0
24.65,1.02932,-0.05568,0,0,0,0,16,0,0
24.7,1.02932,-0.05568,0,0,0,0,16,0,0
24.75,1.02932,-0.05568,0,0,0,0,16,0,0
24.8,1.02932,-0.05568,0,0,0,0,16,0,0
24.85,1.02932,-0.05568,0,0,0,0,16,0,0
24.9,1.02932,-0.05568,0,0,0,0,16,0,0
24.95,1.02932,-0.05568,0,0,0,0,16,0,0
25,1.02932,-0.05568,0,0,0,0,16,0,0
25.05,1.02932,-0.05568,0,0,0,0,16,0,0
25.1,1.02932,-0.05568,0,0,0,0,16,0,0
25.15,1.02932,-0.05568,0,0,0,0,16,0,0
25.2,1.02932,-0.05568,0,0,0,0,16,0,0
25.25,1.02932,-0.05568,0,0,0,0,16,0,0
25.3,1.02932,-0.05568,0,0,0,0,16,0,0
25.35,1.02932,-0.05568,0,0,0,0,16,0,0
25.4,1.02932,-0.05568,0,0,0,0,16,0,0
25.45,1.02932,-0.05568,0,0,0,0,16,0,0
25.5,1.02932,-0.05568,0,0,0,0,16,0,0
25.55,1.02932,-0.05568,0,0,0,0,16,0,0
25.6,1.02932,-0.05568,0,0,0,0,16,0,0
25.65,1.02932,-0.05568,0,0,0,0,16,0,0
25.7,1.02932,-0.05568,0,0,0,0,16,0,0
25.75,1.02932,-0.05568,0,0,0,0,16,0,0
25.8,1.02932,-0.05568,0,0,0,0,16,0,0
25.85,1.02932,-0.05568,0,0,0,0,16,0,0
25.9,1.02932,-0.05568,0,0,0,0,16,0,0
25.95,1.02932,-0.05568,0,0,0,0,16,0,0
26,1.02932,-0.05568,0,0,0,0,16,0,0
26.05,1.02932,-0.05568,0,0,0,0,16,0,0
26.1,1.02932,-0.05568,0,0,0,0,16,0,0
26.15,1.02932,-0.05568,0,0,0,0,16,0,0
26.2,1.02932,-0.05568,0,0,0,0,16,0,0
26.25,1.02932,-0.05568,0,0,0,0,16,0,0
26.3,1.02932,-0.05568,0,0,0,0,16,0,0
26.35,1.02932,-0.05568,0,0,0,0,16,0,0
26.4,1.02932,-0.05568,0,0,0,0,16,0,0
26.45,1.02932,-0.05568,0,0,0,0,16,0,0
26.5,1.02932,-0.05568,0,0,0,0,16,0,0
26.55,1.02932,-0.05568,0,0,0,0,16,0,0
26.6,1.02932,-0.05568,0,0,0,0,16,0,0
26.65,1.02932,-0.055347263031,0,0.0193119049072,0,0.720977783203,17,3,0
26.7,1.02932,-0.0532721630859,0,0.0672912597656,0,1.15356445312,17,3,0
26.75,1.02932,-0.0483646504211,0,0.130548477173,0,1.33895874023,17,3,0
26.8,1.02932,-0.04015265625,0,0.19775390625,0,1.318359375,17,3,0
26.85,1.02932,-0.0286790959167,0,0.259637832642,0,1.13296508789,17,3,0
26.9,1.02932,-0.0143988720703,0,0.308990478516,0,0.823974609375,17,3,0
26.95,1.02932,0.00192412216186,0,0.340662002563,0,0.432586669922,17,3,0
27,1.02932,0.01932,0,0.3515625,0,4.37150315946e-14,17,3,0
27.05,1.02932,0.0367158778381,0,0.340662002563,-0,-0.432586669922,17,3,0
27.1,1.02932,0.0530388720703,0,0.308990478516,-0,-0.823974609375,17,3,0
27.15,1.02932,0.0673190959167,0,0.259637832642,-0,-1.13296508789,17,3,0
27.2,1.02932,0.07879265625,0,0.19775390625,-0,-1.318359375,17,3,0
27.25,1.02932,0.0870046504211,0,0.130548477173,-0,-1.33895874023,17,3,0
27.3,1.02932,0.0919121630859,0,0.0672912597656,-0,-1.15356445313,17,3,0
27.35,1.02932,0.093987263031,0,0.0193119049072,-0,-0.720977783203,17,3,0
27.4,1.02932,0.09432,0,7.09974814699e-29,-0,-4.99600361081e-14,17,3,0
27.45,1.02932,0.09432,0,0,0,0,18,0,0
27.5,1.02932,0.09432,0,0,0,0,18,0,0
27.55,1.02932,0.09432,0,0,0,0,18,0,0
27.6,1.02932,0.09432,0,0,0,0,18,0,0
27.65,1.02932,0.09432,0,0,0,0,18,0,0
27.7,1.02932,0.09432,0,0,0,0,18,0,0
27.75,1.02932,0.09432,0,0,0,0,18,0,0
27.8,1.02932,0.09432,0,0,0,0,18,0,0
27.85,1.02932,0.09432,0,0,0,0,18,0,0
27.9,1.02932,0.09432,0,0,0,0,18,0,0
27.95,1.02932,0.09432,0,0,0,0,18,0,0
28,1.02932,0.09432,0,0,0,0,18,0,0
28.05,1.02932,0.09432,0,0,0,0,18,0,0
28.1,1.02932,0.09432,0,0,0,0,18,0,0
28.15,1.02932,0.09432,0,0,0,0,18,0,0
28.2,1.02932,0.09432,0,0,0,0,18,0,0
28.25,1.02932,0.09432,0,0,0,0,18,0,0
28.3,1.02932,0.09432,0,0,0,0,18,0,0
28.35,1.02932,0.09432,0,0,0,0,18,0,0
28.4,1.02932,0.09432,0,0,0,0,18,0,0
28.45,1.02932,0.09432,0,0,0,0,18,0,0
28.5,1.02932,0.09432,0,0,0,0,18,0,0
28.55,1.02932,0.09432,0,0,0,0,18,0,0
28.6,1.02932,0.09432,0,0,0,0,18,0,0
28.65,1.02932,0.09432,0,0,0,0,18,0,0
28.7,1.02932,0.09432,0,0,0,0,18,0,0
28.75,1.02932,0.09432,0,0,0,0,18,0,0
28.8,1.02932,0.09432,0,0,0,0,18,0,0
28.85,1.02932,0.09432,0,0,0,0,18,0,0
28.9,1.02932,0.09432,0,0,0,0,18,0,0
28.95,1.02932,0.09432,0,0,0,0,18,0,0
29,1.02932,0.09432,0,0,0,0,18,0,0
29.05,1.02932,0.09432,0,0,0,0,18,0,0
29.1,1.02932,0.09432,0,0,0,0,18,0,0
29.15,1.02932,0.09432,0,0,0,0,18,0,0
29.2,1.02932,0.09432,0,0,0,0,18,0,0
29.25,1.02932,0.09432,0,0,0,0,18,0,0
29.3,1.02932,0.09432,0,0,0,0,18,0,0
29.35,1.02932,0.09432,0,0,0,0,18,0,0
29.4,1.02932,0.09432,0,0,0,0,18,0,0
29.45,1.02935010725,0.0943501072492,0.00179504514322,0.00179504514322,0.0708929221121,0.0708929221121,19,7,0
29.5,1.02955632508,0.0945563250802,0.00699955433512,0.00699955433512,0.136401571659,0.136401571659,19,7,0
29.55,1.03010245388,0.095102453879,0.0153477654042,0.0153477654042,0.196664006911,0.196664006911,19,7,0
29.6,1.0311391785,0.096139178496,0.0265808190925,0.0265808190925,0.251818286139,0.251818286139,19,7,0
29.65,1.03280441339,0.0978044133912,0.0404467590556,0.0404467590556,0.302002467615,0.302002467615,19,7,0
29.7,1.03522364778,0.100223647781,0.0567005318626,0.0567005318626,0.347354609609,0.347354609609,19,7,0
29.75,1.03851029078,0.103510290781,0.0751039869963,0.0751039869963,0.388012770392,0.388012770392,19,7,0
29.8,1.04276601656,0.107766016557,0.0954258768528,0.0954258768528,0.424115008235,0.424115008235,19,7,0
29.85,1.04808110947,0.113081109466,0.117441856742,0.117441856742,0.455799381408,0.455799381408,19,7,0
29.9,1.0545348092,0.119534809201,0.140934484887,0.140934484887,0.483203948184,0.483203948184,19,7,0
29.95,1.06219565594,0.127195655942,0.165693222425,0.165693222425,0.506466766832,0.506466766832,19,7,0
30,1.0711218355,0.136121835499,0.191514433406,0.191514433406,0.525725895624,0.525725895624,19,7,0
30.05,1.08136152445,0.146361524455,0.218201384794,0.218201384794,0.541119392831,0.541119392831,19,7,0
30.1,1.09295323532,0.157953235315,0.245564246467,0.245564246467,0.552785316722,0.552785316722,19,7,0
30.15,1.10592616165,0.170926161651,0.273420091216,0.273420091216,0.560861725571,0.560861725571,19,7,0
30.2,1.12030052325,0.185300523248,0.301592894745,0.301592894745,0.565486677646,0.565486677646,19,7,0
30.25,1.13608791125,0.201087911247,0.329913535672,0.329913535672,0.56679823122,0.56679823122,19,7,0
30.3,1.1532916333,0.218291633296,0.358219795529,0.358219795529,0.564934444563,0.564934444563,19,7,0
30.35,1.17190705869,0.236907058688,0.386356358762,0.386356358762,0.560033375945,0.560033375945,19,7,0
30.4,1.19192196352,0.256921963516,0.414174812729,0.414174812729,0.552233083639,0.552233083639,19,7,0
30.45,1.21331687581,0.27831687581,0.441533647702,0.441533647702,0.541671625914,0.541671625914,19,7,0
30.5,1.23606542069,0.301065420688,0.468298256868,0.468298256868,0.528487061042,0.528487061042,19,7,0
30.55,1.2601346655,0.3251346655,0.494340936325,0.494340936325,0.512817447294,0.512817447294,19,7,0
30.6,1.28548546497,0.350485464974,0.519540885087,0.519540885087,0.49480084294,0.49480084294,19,7,0
30.65,1.31207280636,0.377072806361,0.543784205081,0.543784205081,0.474575306252,0.474575306252,19,7,0
30.7,1.33984615458,0.404846154581,0.566963901145,0.566963901145,0.4522788955,0.4522788955,19,7,0
30.75,1.36874979737,0.433749797371,0.588979881034,0.588979881034,0.428049668956,0.428049668956,19,7,0
30.8,1.39872319042,0.463723190425,0.609738955415,0.609738955415,0.402025684889,0.402025684889,19,7,0
30.85,1.42970130255,0.494701302545,0.629154837869,0.629154837869,0.374345001572,0.374345001572,19,7,0
30.9,1.46161496079,0.526614960786,0.647148144889,0.647148144889,0.345145677274,0.345145677274,19,7,0
30.95,1.4943911956,0.559391195599,0.663646395884,0.663646395884,0.314565770268,0.314565770268,19,7,0
31,1.52795358598,0.592953585978,0.678584013175,0.678584013175,0.282743338823,0.282743338823,19,7,0
31.05,1.56222260461,0.627222604607,0.691902321997,0.691902321997,0.249816441211,0.249816441211,19,7,0
31.1,1.597115963,0.662115963004,0.703549550498,0.703549550498,0.215923135703,0.215923135703,19,7,0
31.15,1.63254895667,0.697548956667,0.71348082974,0.71348082974,0.181201480569,0.181201480569,19,7,0
31.2,1.66843481022,0.733434810222,0.721658193699,0.721658193699,0.145789534081,0.145789534081,19,7,0
31.25,1.70468502256,0.769685022562,0.728050579264,0.728050579264,0.109825354509,0.109825354509,19,7,0
31.3,1.741209712,0.806209712003,0.732633826237,0.732633826237,0.073447000124,0.073447000124,19,7,0
31.35,1.77791796142,0.84291796142,0.735390677334,0.735390677334,0.0367925291974,0.0367925291974,19,7,0
31.4,1.8147181634,0.879718163397,0.736310778185,0.736310778185,2.61590137351e-15,2.61590137351e-15,19,7,0
31.45,1.85151836538,0.916518365375,0.735390677334,0.735390677334,-0.0367925291974,-0.0367925291974,19,7,0
31.5,1.88822661479,0.953226614792,0.732633826237,0.732633826237,-0.073447000124,-0.073447000124,19,7,0
31.55,1.92475130423,0.989751304232,0.728050579264,0.728050579264,-0.109825354509,-0.109825354509,19,7,0
31.6,1.96100151657,1.02600151657,0.721658193699,0.721658193699,-0.145789534081,-0.145789534081,19,7,0
31.65,1.99688737013,1.06188737013,0.71348082974,0.71348082974,-0.181201480569,-0.181201480569,19,7,0
31.7,2.03232036379,1.09732036379,0.703549550498,0.703549550498,-0.215923135703,-0.215923135703,19,7,0
31.75,2.06721372219,1.13221372219,0.691902321997,0.691902321997,-0.249816441211,-0.249816441211,19,7,0
31.8,2.10148274082,1.16648274082,0.678584013175,0.678584013175,-0.282743338823,-0.282743338823,19,7,0
31.85,2.1350451312,1.2000451312,0.663646395884,0.663646395884,-0.314565770268,-0.314565770268,19,7,0
31.9,2.16782136601,1.23282136601,0.647148144889,0.647148144889,-0.345145677274,-0.345145677274,19,7,0
31.95,2.19973502425,1.26473502425,0.629154837869,0.629154837869,-0.374345001572,-0.374345001572,19,7,0
32,2.23071313637,1.29571313637,0.609738955415,0.609738955415,-0.402025684889,-0.402025684889,19,7,0
32.05,2.26068652942,1.32568652942,0.588979881034,0.588979881034,-0.428049668956,-0.428049668956,19,7,0
32.1,2.28959017221,1.35459017221,0.566963901145,0.566963901145,-0.4522788955,-0.4522788955,19,7,0
32.15,2.31736352043,1.38236352043,0.543784205081,0.543784205081,-0.474575306252,-0.474575306252,19,7,0
32.2,2.34395086182,1.40895086182,0.519540885087,0.519540885087,-0.49480084294,-0.49480084294,19,7,0
32.25,2.3693016613,1.4343016613,0.494340936325,0.494340936325,-0.512817447294,-0.512817447294,19,7,0
32.3,2.39337090611,1.45837090611,0.468298256868,0.468298256868,-0.528487061042,-0.528487061042,19,7,0
32.35,2.41611945099,1.48111945099,0.441533647702,0.441533647702,-0.541671625914,-0.541671625914,19,7,0
32.4,2.43751436328,1.50251436328,0.414174812729,0.414174812729,-0.552233083639,-0.552233083639,19,7,0
32.45,2.45752926811,1.52252926811,0.386356358762,0.386356358762,-0.560033375945,-0.560033375945,19,7,0
32.5,2.4761446935,1.5411446935,0.358219795529,0.358219795529,-0.564934444563,-0.564934444563,19,7,0
32.55,2.49334841555,1.55834841555,0.329913535672,0.329913535672,-0.56679823122,-0.56679823122,19,7,0
32.6,2.50913580355,1.57413580355,0.301592894745,0.301592894745,-0.565486677646,-0.565486677646,19,7,0
32.65,2.52351016514,1.58851016514,0.273420091216,0.273420091216,-0.560861725571,-0.560861725571,19,7,0
32.7,2.53648309148,1.60148309148,0.245564246467,0.245564246467,-0.552785316722,-0.552785316722,19,7,0
32.75,2.54807480234,1.61307480234,0.218201384794,0.218201384794,-0.541119392831,-0.541119392831,19,7,0
32.8,2.5583144913,1.6233144913,0.191514433406,0.191514433406,-0.525725895624,-0.525725895624,19,7,0
32.85,2.56724067085,1.63224067085,0.165693222425,0.165693222425,-0.506466766832,-0.506466766832,19,7,0
32.9,2.57490151759,1.63990151759,0.140934484887,0.140934484887,-0.483203948184,-0.483203948184,19,7,0
32.95,2.58135521733,1.64635521733,0.117441856742,0.117441856742,-0.455799381408,-0.455799381408,19,7,0
33,2.58667031024,1.65167031024,0.0954258768528,0.0954258768528,-0.424115008235,-0.424115008235,19,7,0
33.05,2.59092603601,1.65592603601,0.0751039869963,0.0751039869963,-0.388012770392,-0.388012770392,19,7,0
33.1,2.59421267901,1.65921267901,0.0567005318626,0.0567005318626,-0.347354609609,-0.347354609609,19,7,0
33.15,2.5966319134,1.6616319134,0.0404467590556,0.0404467590556,-0.302002467615,-0.302002467615,19,7,0
33.2,2.5982971483,1.6632971483,0.0265808190925,0.0265808190925,-0.251818286139,-0.251818286139,19,7,0
33.25,2.59933387292,1.66433387292,0.0153477654042,0.0153477654042,-0.196664006911,-0.196664006911,19,7,0
33.3,2.59988000171,1.66488000171,0.00699955433512,0.00699955433512,-0.136401571659,-0.136401571659,19,7,0
33.35,2.60008621955,1.66508621955,0.00179504514322,0.00179504514322,-0.0708929221121,-0.0708929221121,19,7,0
33.4,2.60011632679,1.66511632679,3.71741943682e-29,3.71741943682e-29,-1.0463605494e-14,-1.0463605494e-14,19,7,0
33.45,2.60011632679,1.66511632679,0,0,0,0,20,0,0
33.5,2.60011632679,1.66511632679,0,0,0,0,20,0,0
33.55,2.60011632679,1.66511632679,0,0,0,0,20,0,0
33.6,2.60011632679,1.66511632679,0,0,0,0,20,0,0
33.65,2.60011632679,1.66511632679,0,0,0,0,20,0,0
33.7,2.60011632679,1.66511632679,0,0,0,0,20,0,0
33.75,2.60011632679,1.66511632679,0,0,0,0,20,0,0
33.8,2.60011632679,1.66511632679,0,0,0,0,20,0,0
33.85,2.60011632679,1.66511632679,0,0,0,0,20,0,0
33.9,2.60011632679,1.66511632679,0,0,0,0,20,0,0
33.95,2.60011632679,1.66511632679,0,0,0,0,20,0,0
34,2.60011632679,1.66511632679,0,0,0,0,20,0,0
34.05,2.60011632679,1.66511632679,0,0,0,0,20,0,0
34.1,2.60011632679,1.66511632679,0,0,0,0,20,0,0
34.15,2.60011632679,1.66511632679,0,0,0,0,20,0,0
34.2,2.60011632679,1.66511632679,0,0,0,0,20,0,0
34.25,2.60011632679,1.66511632679,0,0,0,0,20,0,0
34.3,2.60011632679,1.66511632679,0,0,0,0,20,0,0
34.35,2.60011632679,1.66511632679,0,0,0,0,20,0,0
34.4,2.60011632679,1.66511632679,0,0,0,0,20,0,0
34.45,2.60011632679,1.66511632679,0,0,0,0,20,0,0
34.5,2.60011632679,1.66511632679,0,0,0,0,20,0,0
34.55,2.60011632679,1.66511632679,0,0,0,0,20,0,0
34.6,2.60011632679,1.66511632679,0,0,0,0,20,0,0
34.65,2.60011632679,1.66511632679,0,0,0,0,20,0,0
34.7,2.60011632679,1.66511632679,0,0,0,0,20,0,0
34.75,2.60011632679,1.66511632679,0,0,0,0,20,0,0
34.8,2.60011632679,1.66511632679,0,0,0,0,20,0,0
34.85,2.60011632679,1.66511632679,0,0,0,0,20,0,0
34.9,2.60011632679,1.66511632679,0,0,0,0,20,0,0
34.95,2.60011632679,1.66511632679,0,0,0,0,20,0,0
35,2.60011632679,1.66511632679,0,0,0,0,20,0,0
35.05,2.60011632679,1.66511632679,0,0,0,0,20,0,0
35.1,2.60011632679,1.66511632679,0,0,0,0,20,0,0
35.15,2.60011632679,1.66511632679,0,0,0,0,20,0,0
35.2,2.60011632679,1.66511632679,0,0,0,0,20,0,0
35.25,2.60011632679,1.66511632679,0,0,0,0,20,0,0
35.3,2.60011632679,1.66511632679,0,0,0,0,20,0,0
35.35,2.60011632679,1.66511632679,0,0,0,0,20,0,0
35.4,2.60011632679,1.66511632679,0,0,0,0,20,0,0
35.45,2.60014643404,1.66514643404,0.00179504514322,0.00179504514322,0.0708929221121,0.0708929221121,21,7,0
35.5,2.60035265188,1.66535265188,0.00699955433512,0.00699955433512,0.136401571659,0.136401571659,21,7,0
35.55,2.60089878067,1.66589878067,0.0153477654042,0.0153477654042,0.196664006911,0.196664006911,21,7,0
35.6,2.60193550529,1.66693550529,0.0265808190925,0.0265808190925,0.251818286139,0.251818286139,21,7,0
35.65,2.60360074019,1.66860074019,0.0404467590556,0.0404467590556,0.302002467615,0.302002467615,21,7,0
35.7,2.60601997458,1.67101997458,0.0567005318626,0.0567005318626,0.347354609609,0.347354609609,21,7,0
35.75,2.60930661758,1.67430661758,0.0751039869963,0.0751039869963,0.388012770392,0.388012770392,21,7,0
35.8,2.61356234335,1.67856234335,0.0954258768528,0.0954258768528,0.424115008235,0.424115008235,21,7,0
35.85,2.61887743626,1.68387743626,0.117441856742,0.117441856742,0.455799381408,0.455799381408,21,7,0
35.9,2.625331136,1.690331136,0.140934484887,0.140934484887,0.483203948184,0.483203948184,21,7,0
35.95,2.63299198274,1.69799198274,0.165693222425,0.165693222425,0.506466766832,0.506466766832,21,7,0
36,2.64191816229,1.70691816229,0.191514433406,0.191514433406,0.525725895624,0.525725895624,21,7,0
36.05,2.65215785125,1.71715785125,0.218201384794,0.218201384794,0.541119392831,0.541119392831,21,7,0
36.1,2.66374956211,1.72874956211,0.245564246467,0.245564246467,0.552785316722,0.552785316722,21,7,0
36.15,2.67672248845,1.74172248845,0.273420091216,0.273420091216,0.560861725571,0.560861725571,21,7,0
36.2,2.69109685004,1.75609685004,0.301592894745,0.301592894745,0.565486677646,0.565486677646,21,7,0
36.25,2.70688423804,1.77188423804,0.329913535672,0.329913535672,0.56679823122,0.56679823122,21,7,0
36.3,2.72408796009,1.78908796009,0.358219795529,0.358219795529,0.564934444563,0.564934444563,21,7,0
36.35,2.74270338548,1.80770338548,0.386356358762,0.386356358762,0.560033375945,0.560033375945,21,7,0
36.4,2.76271829031,1.82771829031,0.414174812729,0.414174812729,0.552233083639,0.552233083639,21,7,0
36.45,2.7841132026,1.8491132026,0.441533647702,0.441533647702,0.541671625914,0.541671625914,21,7,0
36.5,2.80686174748,1.87186174748,0.468298256868,0.468298256868,0.528487061042,0.528487061042,21,7,0
36.55,2.83093099229,1.89593099229,0.494340936325,0.494340936325,0.512817447294,0.512817447294,21,7,0
36.6,2.85628179177,1.92128179177,0.519540885087,0.519540885087,0.49480084294,0.49480084294,21,7,0
36.65,2.88286913316,1.94786913316,0.543784205081,0.543784205081,0.474575306252,0.474575306252,21,7,0
36.7,2.91064248138,1.97564248138,0.566963901145,0.566963901145,0.4522788955,0.4522788955,21,7,0
36.75,2.93954612417,2.00454612417,0.588979881034,0.588979881034,0.428049668956,0.428049668956,21,7,0
36.8,2.96951951722,2.03451951722,0.609738955415,0.609738955415,0.402025684889,0.402025684889,21,7,0
36.85,3.00049762934,2.06549762934,0.629154837869,0.629154837869,0.374345001572,0.374345001572,21,7,0
36.9,3.03241128758,2.09741128758,0.647148144889,0.647148144889,0.345145677274,0.345145677274,21,7,0
36.95,3.06518752239,2.13018752239,0.663646395884,0.663646395884,0.314565770268,0.314565770268,21,7,0
37,3.09874991277,2.16374991277,0.678584013175,0.678584013175,0.282743338823,0.282743338823,21,7,0
37.05,3.1330189314,2.1980189314,0.691902321997,0.691902321997,0.249816441211,0.249816441211,21,7,0
37.1,3.1679122898,2.2329122898,0.703549550498,0.703549550498,0.215923135703,0.215923135703,21,7,0
37.15,3.20334528346,2.26834528346,0.71348082974,0.71348082974,0.181201480569,0.181201480569,21,7,0
37.2,3.23923113702,2.30423113702,0.721658193699,0.721658193699,0.145789534081,0.145789534081,21,7,0
37.25,3.27548134936,2.34048134936,0.728050579264,0.728050579264,0.109825354509,0.109825354509,21,7,0
37.3,3.3120060388,2.3770060388,0.732633826237,0.732633826237,0.073447000124,0.073447000124,21,7,0
37.35,3.34871428821,2.41371428821,0.735390677334,0.735390677334,0.0367925291974,0.0367925291974,21,7,0
37.4,3.38551449019,2.45051449019,0.736310778185,0.736310778185,5.23180274701e-15,5.23180274701e-15,21,7,0
37.45,3.42231469217,2.48731469217,0.735390677334,0.735390677334,-0.0367925291974,-0.0367925291974,21,7,0
37.5,3.45902294159,2.52402294159,0.732633826237,0.732633826237,-0.073447000124,-0.073447000124,21,7,0
37.55,3.49554763103,2.56054763103,0.728050579264,0.728050579264,-0.109825354509,-0.109825354509,21,7,0
37.6,3.53179784337,2.59679784337,0.721658193699,0.721658193699,-0.145789534081,-0.145789534081,21,7,0
37.65,3.56768369692,2.63268369692,0.71348082974,0.71348082974,-0.181201480569,-0.181201480569,21,7,0
37.7,3.60311669059,2.66811669059,0.703549550498,0.703549550498,-0.215923135703,-0.215923135703,21,7,0
37.75,3.63801004898,2.70301004898,0.691902321997,0.691902321997,-0.249816441211,-0.249816441211,21,7,0
37.8,3.67227906761,2.73727906761,0.678584013175,0.678584013175,-0.282743338823,-0.282743338823,21,7,0
37.85,3.70584145799,2.77084145799,0.663646395884,0.663646395884,-0.314565770268,-0.314565770268,21,7,0
37.9,3.7386176928,2.8036176928,0.647148144889,0.647148144889,-0.345145677274,-0.345145677274,21,7,0
37.95,3.77053135104,2.83553135104,0.629154837869,0.629154837869,-0.374345001572,-0.374345001572,21,7,0
38,3.80150946317,2.86650946317,0.609738955415,0.609738955415,-0.402025684889,-0.402025684889,21,7,0
38.05,3.83148285622,2.89648285622,0.588979881034,0.588979881034,-0.428049668956,-0.428049668956,21,7,0
38.1,3.86038649901,2.92538649901,0.566963901145,0.566963901145,-0.4522788955,-0.4522788955,21,7,0
38.15,3.88815984723,2.95315984723,0.543784205081,0.543784205081,-0.474575306252,-0.474575306252,21,7,0
38.2,3.91474718862,2.97974718862,0.519540885087,0.519540885087,-0.49480084294,-0.49480084294,21,7,0
38.25,3.94009798809,3.00509798809,0.494340936325,0.494340936325,-0.512817447294,-0.512817447294,21,7,0
38.3,3.9641672329,3.0291672329,0.468298256868,0.468298256868,-0.528487061042,-0.528487061042,21,7,0
38.35,3.98691577778,3.05191577778,0.441533647702,0.441533647702,-0.541671625914,-0.541671625914,21,7,0
38.4,4.00831069007,3.07331069007,0.414174812729,0.414174812729,-0.552233083639,-0.552233083639,21,7,0
38.45,4.0283255949,3.0933255949,0.386356358762,0.386356358762,-0.560033375945,-0.560033375945,21,7,0
38.5,4.04694102029,3.11194102029,0.358219795529,0.358219795529,-0.564934444563,-0.564934444563,21,7,0
38.55,4.06414474234,3.12914474234,0.329913535672,0.329913535672,-0.56679823122,-0.56679823122,21,7,0
38.6,4.07993213034,3.14493213034,0.301592894745,0.301592894745,-0.565486677646,-0.565486677646,21,7,0
38.65,4.09430649194,3.15930649194,0.273420091216,0.273420091216,-0.560861725571,-0.560861725571,21,7,0
38.7,4.10727941827,3.17227941827,0.245564246467,0.245564246467,-0.552785316722,-0.552785316722,21,7,0
38.75,4.11887112913,3.18387112913,0.218201384794,0.218201384794,-0.541119392831,-0.541119392831,21,7,0
38.8,4.12911081809,3.19411081809,0.191514433406,0.191514433406,-0.525725895624,-0.525725895624,21,7,0
38.85,4.13803699765,3.20303699765,0.165693222425,0.165693222425,-0.506466766832,-0.506466766832,21,7,0
38.9,4.14569784439,3.21069784439,0.140934484887,0.140934484887,-0.483203948184,-0.483203948184,21,7,0
38.95,4.15215154412,3.21715154412,0.117441856742,0.117441856742,-0.455799381408,-0.455799381408,21,7,0
39,4.15746663703,3.22246663703,0.0954258768528,0.0954258768528,-0.424115008235,-0.424115008235,21,7,0
39.05,4.16172236281,3.22672236281,0.0751039869963,0.0751039869963,-0.388012770392,-0.388012770392,21,7,0
39.1,4.16500900581,3.23000900581,0.0567005318626,0.0567005318626,-0.347354609609,-0.347354609609,21,7,0
39.15,4.1674282402,3.2324282402,0.0404467590556,0.0404467590556,-0.302002467615,-0.302002467615,21,7,0
39.2,4.16909347509,3.23409347509,0.0265808190925,0.0265808190925,-0.251818286139,-0.251818286139,21,7,0
39.25,4.17013019971,3.23513019971,0.0153477654042,0.0153477654042,-0.196664006911,-0.196664006911,21,7,0
39.3,4.17067632851,3.23567632851,0.00699955433512,0.00699955433512,-0.136401571659,-0.136401571659,21,7,0
39.35,4.17088254634,3.23588254634,0.00179504514322,0.00179504514322,-0.0708929221121,-0.0708929221121,21,7,0
39.4,4.17091265359,3.23591265359,3.71741943682e-29,3.71741943682e-29,-1.0463605494e-14,-1.0463605494e-14,21,7,0
39.45,4.17091265359,3.23591265359,0,0,0,0,22,0,0
39.5,4.17091265359,3.23591265359,0,0,0,0,22,0,0
39.55,4.17091265359,3.23591265359,0,0,0,0,22,0,0
39.6,4.17091265359,3.23591265359,0,0,0,0,22,0,0
39.65,4.17091265359,3.23591265359,0,0,0,0,22,0,0
39.7,4.17091265359,3.23591265359,0,0,0,0,22,0,0
39.75,4.17091265359,3.23591265359,0,0,0,0,22,0,0
39.8,4.17091265359,3.23591265359,0,0,0,0,22,0,0
39.85,4.17091265359,3.23591265359,0,0,0,0,22,0,0
39.9,4.17091265359,3.23591265359,0,0,0,0,22,0,0
39.95,4.17091265359,3.23591265359,0,0,0,0,22,0,0
40,4.17091265359,3.23591265359,0,0,0,0,22,0,0
40.05,4.17091265359,3.23591265359,0,0,0,0,22,0,0
40.1,4.17091265359,3.23591265359,0,0,0,0,22,0,0
40.15,4.17091265359,3.23591265359,0,0,0,0,22,0,0
40.2,4.17091265359,3.23591265359,0,0,0,0,22,0,0
40.25,4.17091265359,3.23591265359,0,0,0,0,22,0,0
40.3,4.17091265359,3.23591265359,0,0,0,0,22,0,0
40.35,4.17091265359,3.23591265359,0,0,0,0,22,0,0
40.4,4.17091265359,3.23591265359,0,0,0,0,22,0,0
40.45,4.17091265359,3.23591265359,0,0,0,0,22,0,0
40.5,4.17091265359,3.23591265359,0,0,0,0,22,0,0
40.55,4.17091265359,3.23591265359,0,0,0,0,22,0,0
40.6,4.17091265359,3.23591265359,0,0,0,0,22,0,0
40.65,4.17091265359,3.23591265359,0,0,0,0,22,0,0
40.7,4.17091265359,3.23591265359,0,0,0,0,22,0,0
40.75,4.17091265359,3.23591265359,0,0,0,0,22,0,0
40.8,4.17091265359,3.23591265359,0,0,0,0,22,0,0
40.85,4.17091265359,3.23591265359,0,0,0,0,22,0,0
40.9,4.17091265359,3.23591265359,0,0,0,0,22,0,0
40.95,4.17091265359,3.23591265359,0,0,0,0,22,0,0
41,4.17091265359,3.23591265359,0,0,0,0,22,0,0
41.05,4.17091265359,3.23591265359,0,0,0,0,22,0,0
41.1,4.17091265359,3.23591265359,0,0,0,0,22,0,0
41.15,4.17091265359,3.23591265359,0,0,0,0,22,0,0
41.2,4.17091265359,3.23591265359,0,0,0,0,22,0,0
41.25,4.17091265359,3.23591265359,0,0,0,0,22,0,0
41.3,4.17091265359,3.23591265359,0,0,0,0,22,0,0
41.35,4.17091265359,3.23591265359,0,0,0,0,22,0,0
41.4,4.17091265359,3.23591265359,0,0,0,0,22,0,0
41.45,4.17094276084,3.23594276084,0.00179504514322,0.00179504514322,0.0708929221121,0.0708929221121,23,7,0
41.5,4.17114897867,3.23614897867,0.00699955433512,0.00699955433512,0.136401571659,0.136401571659,23,7,0
41.55,4.17169510747,3.23669510747,0.0153477654042,0.0153477654042,0.196664006911,0.196664006911,23,7,0
41.6,4.17273183209,3.23773183209,0.0265808190925,0.0265808190925,0.251818286139,0.251818286139,23,7,0
41.65,4.17439706698,3.23939706698,0.0404467590556,0.0404467590556,0.302002467615,0.302002467615,23,7,0
41.7,4.17681630137,3.24181630137,0.0567005318626,0.0567005318626,0.347354609609,0.347354609609,23,7,0
41.75,4.18010294437,3.24510294437,0.0751039869963,0.0751039869963,0.388012770392,0.388012770392,23,7,0
41.8,4.18435867015,3.24935867015,0.0954258768528,0.0954258768528,0.424115008235,0.424115008235,23,7,0
41.85,4.18967376306,3.25467376306,0.117441856742,0.117441856742,0.455799381408,0.455799381408,23,7,0
41.9,4.19612746279,3.26112746279,0.140934484887,0.140934484887,0.483203948184,0.483203948184,23,7,0
41.95,4.20378830953,3.26878830953,0.165693222425,0.165693222425,0.506466766832,0.506466766832,23,7,0
42,4.21271448909,3.27771448909,0.191514433406,0.191514433406,0.525725895624,0.525725895624,23,7,0
42.05,4.22295417804,3.28795417804,0.218201384794,0.218201384794,0.541119392831,0.541119392831,23,7,0
42.1,4.2345458889,3.2995458889,0.245564246467,0.245564246467,0.552785316722,0.552785316722,23,7,0
42.15,4.24751881524,3.31251881524,0.273420091216,0.273420091216,0.560861725571,0.560861725571,23,7,0
42.2,4.26189317684,3.32689317684,0.301592894745,0.301592894745,0.565486677646,0.565486677646,23,7,0
42.25,4.27768056484,3.34268056484,0.329913535672,0.329913535672,0.56679823122,0.56679823122,23,7,0
42.3,4.29488428689,3.35988428689,0.358219795529,0.358219795529,0.564934444563,0.564934444563,23,7,0
42.35,4.31349971228,3.37849971228,0.386356358762,0.386356358762,0.560033375945,0.560033375945,23,7,0
42.4,4.33351461711,3.39851461711,0.414174812729,0.414174812729,0.552233083639,0.552233083639,23,7,0
42.45,4.3549095294,3.4199095294,0.441533647702,0.441533647702,0.541671625914,0.541671625914,23,7,0
42.5,4.37765807428,3.44265807428,0.468298256868,0.468298256868,0.528487061042,0.528487061042,23,7,0
42.55,4.40172731909,3.46672731909,0.494340936325,0.494340936325,0.512817447294,0.512817447294,23,7,0
42.6,4.42707811856,3.49207811856,0.519540885087,0.519540885087,0.49480084294,0.49480084294,23,7,0
42.65,4.45366545995,3.51866545995,0.543784205081,0.543784205081,0.474575306252,0.474575306252,23,7,0
42.7,4.48143880817,3.54643880817,0.566963901145,0.566963901145,0.4522788955,0.4522788955,23,7,0
42.75,4.51034245096,3.57534245096,0.588979881034,0.588979881034,0.428049668956,0.428049668956,23,7,0
42.8,4.54031584401,3.60531584401,0.609738955415,0.609738955415,0.402025684889,0.402025684889,23,7,0
42.85,4.57129395613,3.63629395613,0.629154837869,0.629154837869,0.374345001572,0.374345001572,23,7,0
42.9,4.60320761438,3.66820761438,0.647148144889,0.647148144889,0.345145677274,0.345145677274,23,7,0
42.95,4.63598384919,3.70098384919,0.663646395884,0.663646395884,0.314565770268,0.314565770268,23,7,0
43,4.66954623957,3.73454623957,0.678584013175,0.678584013175,0.282743338823,0.282743338823,23,7,0
43.05,4.7038152582,3.7688152582,0.691902321997,0.691902321997,0.249816441211,0.249816441211,23,7,0
43.1,4.73870861659,3.80370861659,0.703549550498,0.703549550498,0.215923135703,0.215923135703,23,7,0
43.15,4.77414161026,3.83914161026,0.71348082974,0.71348082974,0.181201480569,0.181201480569,23,7,0
43.2,4.81002746381,3.87502746381,0.721658193699,0.721658193699,0.145789534081,0.145789534081,23,7,0
43.25,4.84627767615,3.91127767615,0.728050579264,0.728050579264,0.109825354509,0.109825354509,23,7,0
43.3,4.88280236559,3.94780236559,0.732633826237,0.732633826237,0.073447000124,0.073447000124,23,7,0
43.35,4.91951061501,3.98451061501,0.735390677334,0.735390677334,0.0367925291974,0.0367925291974,23,7,0
43.4,4.95631081699,4.02131081699,0.736310778185,0.736310778185,5.23180274701e-15,5.23180274701e-15,23,7,0
43.45,4.99311101896,4.05811101896,0.735390677334,0.735390677334,-0.0367925291974,-0.0367925291974,23,7,0
43.5,5.02981926838,4.09481926838,0.732633826237,0.732633826237,-0.073447000124,-0.073447000124,23,7,0
43.55,5.06634395782,4.13134395782,0.728050579264,0.728050579264,-0.109825354509,-0.109825354509,23,7,0
43.6,5.10259417016,4.16759417016,0.721658193699,0.721658193699,-0.145789534081,-0.145789534081,23,7,0
43.65,5.13848002372,4.20348002372,0.71348082974,0.71348082974,-0.181201480569,-0.181201480569,23,7,0
43.7,5.17391301738,4.23891301738,0.703549550498,0.703549550498,-0.215923135703,-0.215923135703,23,7,0
43.75,5.20880637578,4.27380637578,0.691902321997,0.691902321997,-0.249816441211,-0.249816441211,23,7,0
43.8,5.24307539441,4.30807539441,0.678584013175,0.678584013175,-0.282743338823,-0.282743338823,23,7,0
43.85,5.27663778479,4.34163778479,0.663646395884,0.663646395884,-0.314565770268,-0.314565770268,23,7,0
43.9,5.3094140196,4.3744140196,0.647148144889,0.647148144889,-0.345145677274,-0.345145677274,23,7,0
43.95,5.34132767784,4.40632767784,0.629154837869,0.629154837869,-0.374345001572,-0.374345001572,23,7,0
44,5.37230578996,4.43730578996,0.609738955415,0.609738955415,-0.402025684889,-0.402025684889,23,7,0
44.05,5.40227918301,4.46727918301,0.588979881034,0.588979881034,-0.428049668956,-0.428049668956,23,7,0
44.1,5.4311828258,4.4961828258,0.566963901145,0.566963901145,-0.4522788955,-0.4522788955,23,7,0
44.15,5.45895617402,4.52395617402,0.543784205081,0.543784205081,-0.474575306252,-0.474575306252,23,7,0
44.2,5.48554351541,4.55054351541,0.519540885087,0.519540885087,-0.49480084294,-0.49480084294,23,7,0
44.25,5.51089431488,4.57589431488,0.494340936325,0.494340936325,-0.512817447294,-0.512817447294,23,7,0
44.3,5.5349635597,4.5999635597,0.468298256868,0.468298256868,-0.528487061042,-0.528487061042,23,7,0
44.35,5.55771210457,4.62271210457,0.441533647702,0.441533647702,-0.541671625914,-0.541671625914,23,7,0
44.4,5.57910701687,4.64410701687,0.414174812729,0.414174812729,-0.552233083639,-0.552233083639,23,7,0
44.45,5.5991219217,4.6641219217,0.386356358762,0.386356358762,-0.560033375945,-0.560033375945,23,7,0
44.5,5.61773734709,4.68273734709,0.358219795529,0.358219795529,-0.564934444563,-0.564934444563,23,7,0
44.55,5.63494106914,4.69994106914,0.329913535672,0.329913535672,-0.56679823122,-0.56679823122,23,7,0
44.6,5.65072845714,4.71572845714,0.301592894745,0.301592894745,-0.565486677646,-0.565486677646,23,7,0
44.65,5.66510281873,4.73010281873,0.273420091216,0.273420091216,-0.560861725571,-0.560861725571,23,7,0
44.7,5.67807574507,4.74307574507,0.245564246467,0.245564246467,-0.552785316722,-0.552785316722,23,7,0
44.75,5.68966745593,4.75466745593,0.218201384794,0.218201384794,-0.541119392831,-0.541119392831,23,7,0
44.8,5.69990714489,4.76490714489,0.191514433406,0.191514433406,-0.525725895624,-0.525725895624,23,7,0
44.85,5.70883332444,4.77383332444,0.165693222425,0.165693222425,-0.506466766832,-0.506466766832,23,7,0
44.9,5.71649417118,4.78149417118,0.140934484887,0.140934484887,-0.483203948184,-0.483203948184,23,7,0
44.95,5.72294787092,4.78794787092,0.117441856742,0.117441856742,-0.455799381408,-0.455799381408,23,7,0
45,5.72826296383,4.79326296383,0.0954258768528,0.0954258768528,-0.424115008235,-0.424115008235,23,7,0
45.05,5.7325186896,4.7975186896,0.0751039869963,0.0751039869963,-0.388012770392,-0.388012770392,23,7,0
45.1,5.7358053326,4.8008053326,0.0567005318626,0.0567005318626,-0.347354609609,-0.347354609609,23,7,0
45.15,5.73822456699,4.80322456699,0.0404467590556,0.0404467590556,-0.302002467615,-0.302002467615,23,7,0
45.2,5.73988980189,4.80488980189,0.0265808190925,0.0265808190925,-0.251818286139,-0.251818286139,23,7,0
45.25,5.74092652651,4.80592652651,0.0153477654042,0.0153477654042,-0.196664006911,-0.196664006911,23,7,0
45.3,5.7414726553,4.8064726553,0.00699955433512,0.00699955433512,-0.136401571659,-0.136401571659,23,7,0
45.35,5.74167887314,4.80667887314,0.00179504514322,0.00179504514322,-0.0708929221121,-0.0708929221121,23,7,0
45.4,5.74170898038,4.80670898038,3.71741943682e-29,3.71741943682e-29,-1.0463605494e-14,-1.0463605494e-14,23,7,0
45.45,5.74170898038,4.80670898038,0,0,0,0,24,0,0
45.5,5.74170898038,4.80670898038,0,0,0,0,24,0,0
45.55,5.74170898038,4.80670898038,0,0,0,0,24,0,0
45.6,5.74170898038,4.80670898038,0,0,0,0,24,0,0
45.65,5.74170898038,4.80670898038,0,0,0,0,24,0,0
45.7,5.74170898038,4.80670898038,0,0,0,0,24,0,0
45.75,5.74170898038,4.80670898038,0,0,0,0,24,0,0
45.8,5.74170898038,4.80670898038,0,0,0,0,24,0,0
45.85,5.74170898038,4.80670898038,0,0,0,0,24,0,0
45.9,5.74170898038,4.80670898038,0,0,0,0,24,0,0
45.95,5.74170898038,4.80670898038,0,0,0,0,24,0,0
46,5.74170898038,4.80670898038,0,0,0,0,24,0,0
46.05,5.74170898038,4.80670898038,0,0,0,0,24,0,0
46.1,5.74170898038,4.80670898038,0,0,0,0,24,0,0
46.15,5.74170898038,4.80670898038,0,0,0,0,24,0,0
46.2,5.74170898038,4.80670898038,0,0,0,0,24,0,0
46.25,5.74170898038,4.80670898038,0,0,0,0,24,0,0
46.3,5.74170898038,4.80670898038,0,0,0,0,24,0,0
46.35,5.74170898038,4.80670898038,0,0,0,0,24,0,0
46.4,5.74170898038,4.80670898038,0,0,0,0,24,0,0
46.45,5.74170898038,4.80670898038,0,0,0,0,24,0,0
46.5,5.74170898038,4.80670898038,0,0,0,0,24,0,0
46.55,5.74170898038,4.80670898038,0,0,0,0,24,0,0
46.6,5.74170898038,4.80670898038,0,0,0,0,24,0,0
46.65,5.74170898038,4.80670898038,0,0,0,0,24,0,0
46.7,5.74170898038,4.80670898038,0,0,0,0,24,0,0
46.75,5.74170898038,4.80670898038,0,0,0,0,24,0,0
46.8,5.74170898038,4.80670898038,0,0,0,0,24,0,0
46.85,5.74170898038,4.80670898038,0,0,0,0,24,0,0
46.9,5.74170898038,4.80670898038,0,0,0,0,24,0,0
46.95,5.74170898038,4.80670898038,0,0,0,0,24,0,0
47,5.74170898038,4.80670898038,0,0,0,0,24,0,0
47.05,5.74170898038,4.80670898038,0,0,0,0,24,0,0
47.1,5.74170898038,4.80670898038,0,0,0,0,24,0,0
47.15,5.74170898038,4.80670898038,0,0,0,0,24,0,0
47.2,5.74170898038,4.80670898038,0,0,0,0,24,0,0
47.25,5.74170898038,4.80670898038,0,0,0,0,24,0,0
47.3,5.74170898038,4.80670898038,0,0,0,0,24,0,0
47.35,5.74170898038,4.80670898038,0,0,0,0,24,0,0
47.4,5.74170898038,4.80670898038,0,0,0,0,24,0,0
47.45,5.74173908763,4.80673908763,0.00179504514322,0.00179504514322,0.0708929221121,0.0708929221121,25,7,0
47.5,5.74194530546,4.80694530546,0.00699955433512,0.00699955433512,0.136401571659,0.136401571659,25,7,0
47.55,5.74249143426,4.80749143426,0.0153477654042,0.0153477654042,0.196664006911,0.196664006911,25,7,0
47.6,5.74352815888,4.80852815888,0.0265808190925,0.0265808190925,0.251818286139,0.251818286139,25,7,0
47.65,5.74519339378,4.81019339378,0.0404467590556,0.0404467590556,0.302002467615,0.302002467615,25,7,0
47.7,5.74761262817,4.81261262817,0.0567005318626,0.0567005318626,0.347354609609,0.347354609609,25,7,0
47.75,5.75089927117,4.81589927117,0.0751039869963,0.0751039869963,0.388012770392,0.388012770392,25,7,0
47.8,5.75515499694,4.82015499694,0.0954258768528,0.0954258768528,0.424115008235,0.424115008235,25,7,0
47.85,5.76047008985,4.82547008985,0.117441856742,0.117441856742,0.455799381408,0.455799381408,25,7,0
47.9,5.76692378959,4.83192378959,0.140934484887,0.140934484887,0.483203948184,0.483203948184,25,7,0
47.95,5.77458463633,4.83958463633,0.165693222425,0.165693222425,0.506466766832,0.506466766832,25,7,0
48,5.78351081588,4.84851081588,0.191514433406,0.191514433406,0.525725895624,0.525725895624,25,7,0
48.05,5.79375050484,4.85875050484,0.218201384794,0.218201384794,0.541119392831,0.541119392831,25,7,0
48.1,5.8053422157,4.8703422157,0.245564246467,0.245564246467,0.552785316722,0.552785316722,25,7,0
48.15,5.81831514204,4.88331514204,0.273420091216,0.273420091216,0.560861725571,0.560861725571,25,7,0
48.2,5.83268950363,4.89768950363,0.301592894745,0.301592894745,0.565486677646,0.565486677646,25,7,0
48.25,5.84847689163,4.91347689163,0.329913535672,0.329913535672,0.56679823122,0.56679823122,25,7,0
48.3,5.86568061368,4.93068061368,0.358219795529,0.358219795529,0.564934444563,0.564934444563,25,7,0
48.35,5.88429603907,4.94929603907,0.386356358762,0.386356358762,0.560033375945,0.560033375945,25,7,0
48.4,5.9043109439,4.9693109439,0.414174812729,0.414174812729,0.552233083639,0.552233083639,25,7,0
48.45,5.92570585619,4.99070585619,0.441533647702,0.441533647702,0.541671625914,0.541671625914,25,7,0
48.5,5.94845440107,5.01345440107,0.468298256868,0.468298256868,0.528487061042,0.528487061042,25,7,0
48.55,5.97252364588,5.03752364588,0.494340936325,0.494340936325,0.512817447294,0.512817447294,25,7,0
48.6,5.99787444536,5.06287444536,0.519540885087,0.519540885087,0.49480084294,0.49480084294,25,7,0
48.65,6.02446178675,5.08946178675,0.543784205081,0.543784205081,0.474575306252,0.474575306252,25,7,0
48.7,6.05223513497,5.11723513497,0.566963901145,0.566963901145,0.4522788955,0.4522788955,25,7,0
48.75,6.08113877776,5.14613877776,0.588979881034,0.588979881034,0.428049668956,0.428049668956,25,7,0
48.8,6.11111217081,5.17611217081,0.609738955415,0.609738955415,0.402025684889,0.402025684889,25,7,0
48.85,6.14209028293,5.20709028293,0.629154837869,0.629154837869,0.374345001572,0.374345001572,25,7,0
48.9,6.17400394117,5.23900394117,0.647148144889,0.647148144889,0.345145677274,0.345145677274,25,7,0
48.95,6.20678017598,5.27178017598,0.663646395884,0.663646395884,0.314565770268,0.314565770268,25,7,0
49,6.24034256636,5.30534256636,0.678584013175,0.678584013175,0.282743338823,0.282743338823,25,7,0
49.05,6.27461158499,5.33961158499,0.691902321997,0.691902321997,0.249816441211,0.249816441211,25,7,0
49.1,6.30950494339,5.37450494339,0.703549550498,0.703549550498,0.215923135703,0.215923135703,25,7,0
49.15,6.34493793705,5.40993793705,0.71348082974,0.71348082974,0.181201480569,0.181201480569,25,7,0
49.2,6.38082379061,5.44582379061,0.721658193699,0.721658193699,0.145789534081,0.145789534081,25,7,0
49.25,6.41707400295,5.48207400295,0.728050579264,0.728050579264,0.109825354509,0.109825354509,25,7,0
49.3,6.45359869239,5.51859869239,0.732633826237,0.732633826237,0.073447000124,0.073447000124,25,7,0
49.35,6.4903069418,5.5553069418,0.735390677334,0.735390677334,0.0367925291974,0.0367925291974,25,7,0
49.4,6.52710714378,5.59210714378,0.736310778185,0.736310778185,5.23180274701e-15,5.23180274701e-15,25,7,0
49.45,6.56390734576,5.62890734576,0.735390677334,0.735390677334,-0.0367925291974,-0.0367925291974,25,7,0
49.5,6.60061559518,5.66561559518,0.732633826237,0.732633826237,-0.073447000124,-0.073447000124,25,7,0
49.55,6.63714028462,5.70214028462,0.728050579264,0.728050579264,-0.109825354509,-0.109825354509,25,7,0
49.6,6.67339049696,5.73839049696,0.721658193699,0.721658193699,-0.145789534081,-0.145789534081,25,7,0
49.65,6.70927635051,5.77427635051,0.71348082974,0.71348082974,-0.181201480569,-0.181201480569,25,7,0
49.7,6.74470934418,5.80970934418,0.703549550498,0.703549550498,-0.215923135703,-0.215923135703,25,7,0
49.75,6.77960270257,5.84460270257,0.691902321997,0.691902321997,-0.249816441211,-0.249816441211,25,7,0
49.8,6.8138717212,5.8788717212,0.678584013175,0.678584013175,-0.282743338823,-0.282743338823,25,7,0
49.85,6.84743411158,5.91243411158,0.663646395884,0.663646395884,-0.314565770268,-0.314565770268,25,7,0
49.9,6.88021034639,5.94521034639,0.647148144889,0.647148144889,-0.345145677274,-0.345145677274,25,7,0
49.95,6.91212400463,5.97712400463,0.629154837869,0.629154837869,-0.374345001572,-0.374345001572,25,7,0
50,6.94310211675,6.00810211675,0.609738955415,0.609738955415,-0.402025684889,-0.402025684889,25,7,0
50.05,6.97307550981,6.03807550981,0.588979881034,0.588979881034,-0.428049668956,-0.428049668956,25,7,0
50.1,7.0019791526,6.0669791526,0.566963901145,0.566963901145,-0.4522788955,-0.4522788955,25,7,0
50.15,7.02975250082,6.09475250082,0.543784205081,0.543784205081,-0.474575306252,-0.474575306252,25,7,0
50.2,7.05633984221,6.12133984221,0.519540885087,0.519540885087,-0.49480084294,-0.49480084294,25,7,0
50.25,7.08169064168,6.14669064168,0.494340936325,0.494340936325,-0.512817447294,-0.512817447294,25,7,0
50.3,7.10575988649,6.17075988649,0.468298256868,0.468298256868,-0.528487061042,-0.528487061042,25,7,0
50.35,7.12850843137,6.19350843137,0.441533647702,0.441533647702,-0.541671625914,-0.541671625914,25,7,0
50.4,7.14990334366,6.21490334366,0.414174812729,0.414174812729,-0.552233083639,-0.552233083639,25,7,0
50.45,7.16991824849,6.23491824849,0.386356358762,0.386356358762,-0.560033375945,-0.560033375945,25,7,0
50.5,7.18853367388,6.25353367388,0.358219795529,0.358219795529,-0.564934444563,-0.564934444563,25,7,0
50.55,7.20573739593,6.27073739593,0.329913535672,0.329913535672,-0.56679823122,-0.56679823122,25,7,0
50.6,7.22152478393,6.28652478393,0.301592894745,0.301592894745,-0.565486677646,-0.565486677646,25,7,0
50.65,7.23589914553,6.30089914553,0.273420091216,0.273420091216,-0.560861725571,-0.560861725571,25,7,0
50.7,7.24887207186,6.31387207186,0.245564246467,0.245564246467,-0.552785316722,-0.552785316722,25,7,0
50.75,7.26046378272,6.32546378272,0.218201384794,0.218201384794,-0.541119392831,-0.541119392831,25,7,0
50.8,7.27070347168,6.33570347168,0.191514433406,0.191514433406,-0.525725895624,-0.525725895624,25,7,0
50.85,7.27962965124,6.34462965124,0.165693222425,0.165693222425,-0.506466766832,-0.506466766832,25,7,0
50.9,7.28729049798,6.35229049798,0.140934484887,0.140934484887,-0.483203948184,-0.483203948184,25,7,0
50.95,7.29374419771,6.35874419771,0.117441856742,0.117441856742,-0.455799381408,-0.455799381408,25,7,0
51,7.29905929062,6.36405929062,0.0954258768528,0.0954258768528,-0.424115008235,-0.424115008235,25,7,0
51.05,7.3033150164,6.3683150164,0.0751039869963,0.0751039869963,-0.388012770392,-0.388012770392,25,7,0
51.1,7.3066016594,6.3716016594,0.0567005318626,0.0567005318626,-0.347354609609,-0.347354609609,25,7,0
51.15,7.30902089379,6.37402089379,0.0404467590556,0.0404467590556,-0.302002467615,-0.302002467615,25,7,0
51.2,7.31068612868,6.37568612868,0.0265808190925,0.0265808190925,-0.251818286139,-0.251818286139,25,7,0
51.25,7.3117228533,6.3767228533,0.0153477654042,0.0153477654042,-0.196664006911,-0.196664006911,25,7,0
51.3,7.3122689821,6.3772689821,0.00699955433512,0.00699955433512,-0.136401571659,-0.136401571659,25,7,0
51.35,7.31247519993,6.37747519993,0.00179504514322,0.00179504514322,-0.0708929221121,-0.0708929221121,25,7,0
51.4,7.31250530718,6.37750530718,3.71741943682e-29,3.71741943682e-29,-1.0463605494e-14,-1.0463605494e-14,25,7,0
51.45,7.31250530718,6.37750530718,0,0,0,0,26,0,0
51.5,7.31250530718,6.37750530718,0,0,0,0,26,0,0
51.55,7.31250530718,6.37750530718,0,0,0,0,26,0,0
51.6,7.31250530718,6.37750530718,0,0,0,0,26,0,0
51.65,7.31250530718,6.37750530718,0,0,0,0,26,0,0
51.7,7.31250530718,6.37750530718,0,0,0,0,26,0,0
51.75,7.31250530718,6.37750530718,0,0,0,0,26,0,0
51.8,7.31250530718,6.37750530718,0,0,0,0,26,0,0
51.85,7.31250530718,6.37750530718,0,0,0,0,26,0,0
51.9,7.31250530718,6.37750530718,0,0,0,0,26,0,0
51.95,7.31250530718,6.37750530718,0,0,0,0,26,0,0
52,7.31250530718,6.37750530718,0,0,0,0,26,0,0
52.05,7.31250530718,6.37750530718,0,0,0,0,26,0,0
52.1,7.31250530718,6.37750530718,0,0,0,0,26,0,0
52.15,7.31250530718,6.37750530718,0,0,0,0,26,0,0
52.2,7.31250530718,6.37750530718,0,0,0,0,26,0,0
52.25,7.31250530718,6.37750530718,0,0,0,0,26,0,0
52.3,7.31250530718,6.37750530718,0,0,0,0,26,0,0
52.35,7.31250530718,6.37750530718,0,0,0,0,26,0,0
52.4,7.31250530718,6.37750530718,0,0,0,0,26,0,0
52.45,7.31250530718,6.37750530718,0,0,0,0,26,0,0
52.5,7.31250530718,6.37750530718,0,0,0,0,26,0,0
52.55,7.31250530718,6.37750530718,0,0,0,0,26,0,0
52.6,7.31250530718,6.37750530718,0,0,0,0,26,0,0
52.65,7.31250530718,6.37750530718,0,0,0,0,26,0,0
52.7,7.31250530718,6.37750530718,0,0,0,0,26,0,0
52.75,7.31250530718,6.37750530718,0,0,0,0,26,0,0
52.8,7.31250530718,6.37750530718,0,0,0,0,26,0,0
52.85,7.31250530718,6.37750530718,0,0,0,0,26,0,0
52.9,7.31250530718,6.37750530718,0,0,0,0,26,0,0
52.95,7.31250530718,6.37750530718,0,0,0,0,26,0,0
53,7.31250530718,6.37750530718,0,0,0,0,26,0,0
53.05,7.31250530718,6.37750530718,0,0,0,0,26,0,0
53.1,7.31250530718,6.37750530718,0,0,0,0,26,0,0
53.15,7.31250530718,6.37750530718,0,0,0,0,26,0,0
53.2,7.31250530718,6.37750530718,0,0,0,0,26,0,0
53.25,7.31250530718,6.37750530718,0,0,0,0,26,0,0
53.3,7.31250530718,6.37750530718,0,0,0,0,26,0,0
53.35,7.31250530718,6.37750530718,0,0,0,0,26,0,0
53.4,7.31250530718,6.37750530718,0,0,0,0,26,0,0
53.45,7.31247519993,6.37747519993,-0.00179504514322,-0.00179504514322,-0.0708929221121,-0.0708929221121,27,7,0
53.5,7.3122689821,6.3772689821,-0.00699955433512,-0.00699955433512,-0.136401571659,-0.136401571659,27,7,0
53.55,7.3117228533,6.3767228533,-0.0153477654042,-0.0153477654042,-0.196664006911,-0.196664006911,27,7,0
53.6,7.31068612868,6.37568612868,-0.0265808190925,-0.0265808190925,-0.251818286139,-0.251818286139,27,7,0
53.65,7.30902089379,6.37402089379,-0.0404467590556,-0.0404467590556,-0.302002467615,-0.302002467615,27,7,0
53.7,7.3066016594,6.3716016594,-0.0567005318626,-0.0567005318626,-0.347354609609,-0.347354609609,27,7,0
53.75,7.3033150164,6.3683150164,-0.0751039869963,-0.0751039869963,-0.388012770392,-0.388012770392,27,7,0
53.8,7.29905929062,6.36405929062,-0.0954258768528,-0.0954258768528,-0.424115008235,-0.424115008235,27,7,0
53.85,7.29374419771,6.35874419771,-0.117441856742,-0.117441856742,-0.455799381408,-0.455799381408,27,7,0
53.9,7.28729049798,6.35229049798,-0.140934484887,-0.140934484887,-0.483203948184,-0.483203948184,27,7,0
53.95,7.27962965124,6.34462965124,-0.165693222425,-0.165693222425,-0.506466766832,-0.506466766832,27,7,0
54,7.27070347168,6.33570347168,-0.191514433406,-0.191514433406,-0.525725895624,-0.525725895624,27,7,0
54.05,7.26046378272,6.32546378272,-0.218201384794,-0.218201384794,-0.541119392831,-0.541119392831,27,7,0
54.1,7.24887207186,6.31387207186,-0.245564246467,-0.245564246467,-0.552785316722,-0.552785316722,27,7,0
54.15,7.23589914553,6.30089914553,-0.273420091216,-0.273420091216,-0.560861725571,-0.560861725571,27,7,0
54.2,7.22152478393,6.28652478393,-0.301592894745,-0.301592894745,-0.565486677646,-0.565486677646,27,7,0
54.25,7.20573739593,6.27073739593,-0.329913535672,-0.329913535672,-0.56679823122,-0.56679823122,27,7,0
54.3,7.18853367388,6.25353367388,-0.358219795529,-0.358219795529,-0.564934444563,-0.564934444563,27,7,0
54.35,7.16991824849,6.23491824849,-0.386356358762,-0.386356358762,-0.560033375945,-0.560033375945,27,7,0
54.4,7.14990334366,6.21490334366,-0.414174812729,-0.414174812729,-0.552233083639,-0.552233083639,27,7,0
54.45,7.12850843137,6.19350843137,-0.441533647702,-0.441533647702,-0.541671625914,-0.541671625914,27,7,0
54.5,7.10575988649,6.17075988649,-0.468298256868,-0.468298256868,-0.528487061042,-0.528487061042,27,7,0
54.55,7.08169064168,6.14669064168,-0.494340936325,-0.494340936325,-0.512817447294,-0.512817447294,27,7,0
54.6,7.05633984221,6.12133984221,-0.519540885087,-0.519540885087,-0.49480084294,-0.49480084294,27,7,0
54.65,7.02975250082,6.09475250082,-0.543784205081,-0.543784205081,-0.474575306252,-0.474575306252,27,7,0
54.7,7.0019791526,6.0669791526,-0.566963901145,-0.566963901145,-0.4522788955,-0.4522788955,27,7,0
54.75,6.97307550981,6.03807550981,-0.588979881034,-0.588979881034,-0.428049668956,-0.428049668956,27,7,0
54.8,6.94310211675,6.00810211675,-0.609738955415,-0.609738955415,-0.402025684889,-0.402025684889,27,7,0
54.85,6.91212400463,5.97712400463,-0.629154837869,-0.629154837869,-0.374345001572,-0.374345001572,27,7,0
54.9,6.88021034639,5.94521034639,-0.647148144889,-0.647148144889,-0.345145677274,-0.345145677274,27,7,0
54.95,6.84743411158,5.91243411158,-0.663646395884,-0.663646395884,-0.314565770268,-0.314565770268,27,7,0
55,6.8138717212,5.8788717212,-0.678584013175,-0.678584013175,-0.282743338823,-0.282743338823,27,7,0
55.05,6.77960270257,5.84460270257,-0.691902321997,-0.691902321997,-0.249816441211,-0.249816441211,27,7,0
55.1,6.74470934418,5.80970934418,-0.703549550498,-0.703549550498,-0.215923135703,-0.215923135703,27,7,0
55.15,6.70927635051,5.77427635051,-0.71348082974,-0.71348082974,-0.181201480569,-0.181201480569,27,7,0
55.2,6.67339049696,5.73839049696,-0.721658193699,-0.721658193699,-0.145789534081,-0.145789534081,27,7,0
55.25,6.63714028462,5.70214028462,-0.728050579264,-0.728050579264,-0.109825354509,-0.109825354509,27,7,0
55.3,6.60061559518,5.66561559518,-0.732633826237,-0.732633826237,-0.073447000124,-0.073447000124,27,7,0
55.35,6.56390734576,5.62890734576,-0.735390677334,-0.735390677334,-0.0367925291974,-0.0367925291974,27,7,0
55.4,6.52710714378,5.59210714378,-0.736310778185,-0.736310778185,-5.23180274701e-15,-5.23180274701e-15,27,7,0
55.45,6.4903069418,5.5553069418,-0.735390677334,-0.735390677334,0.0367925291974,0.0367925291974,27,7,0
55.5,6.45359869239,5.51859869239,-0.732633826237,-0.732633826237,0.073447000124,0.073447000124,27,7,0
55.55,6.41707400295,5.48207400295,-0.728050579264,-0.728050579264,0.109825354509,0.109825354509,27,7,0
55.6,6.38082379061,5.44582379061,-0.721658193699,-0.721658193699,0.145789534081,0.145789534081,27,7,0
55.65,6.34493793705,5.40993793705,-0.71348082974,-0.71348082974,0.181201480569,0.181201480569,27,7,0
55.7,6.30950494339,5.37450494339,-0.703549550498,-0.703549550498,0.215923135703,0.215923135703,27,7,0
55.75,6.27461158499,5.33961158499,-0.691902321997,-0.691902321997,0.249816441211,0.249816441211,27,7,0
55.8,6.24034256636,5.30534256636,-0.678584013175,-0.678584013175,0.282743338823,0.282743338823,27,7,0
55.85,6.20678017598,5.27178017598,-0.663646395884,-0.663646395884,0.314565770268,0.314565770268,27,7,0
55.9,6.17400394117,5.23900394117,-0.647148144889,-0.647148144889,0.345145677274,0.345145677274,27,7,0
55.95,6.14209028293,5.20709028293,-0.629154837869,-0.629154837869,0.374345001572,0.374345001572,27,7,0
56,6.11111217081,5.17611217081,-0.609738955415,-0.609738955415,0.402025684889,0.402025684889,27,7,0
56.05,6.08113877776,5.14613877776,-0.588979881034,-0.588979881034,0.428049668956,0.428049668956,27,7,0
56.1,6.05223513497,5.11723513497,-0.566963901145,-0.566963901145,0.4522788955,0.4522788955,27,7,0
56.15,6.02446178675,5.08946178675,-0.543784205081,-0.543784205081,0.474575306252,0.474575306252,27,7,0
56.2,5.99787444536,5.06287444536,-0.519540885087,-0.519540885087,0.49480084294,0.49480084294,27,7,0
56.25,5.97252364588,5.03752364588,-0.494340936325,-0.494340936325,0.512817447294,0.512817447294,27,7,0
56.3,5.94845440107,5.01345440107,-0.468298256868,-0.468298256868,0.528487061042,0.528487061042,27,7,0
56.35,5.92570585619,4.99070585619,-0.441533647702,-0.441533647702,0.541671625914,0.541671625914,27,7,0
56.4,5.9043109439,4.9693109439,-0.414174812729,-0.414174812729,0.552233083639,0.552233083639,27,7,0
56.45,5.88429603907,4.94929603907,-0.386356358762,-0.386356358762,0.560033375945,0.560033375945,27,7,0
56.5,5.86568061368,4.93068061368,-0.358219795529,-0.358219795529,0.564934444563,0.564934444563,27,7,0
56.55,5.84847689163,4.91347689163,-0.329913535672,-0.329913535672,0.56679823122,0.56679823122,27,7,0
56.6,5.83268950363,4.89768950363,-0.301592894745,-0.301592894745,0.565486677646,0.565486677646,27,7,0
56.65,5.81831514204,4.88331514204,-0.273420091216,-0.273420091216,0.560861725571,0.560861725571,27,7,0
56.7,5.8053422157,4.8703422157,-0.245564246467,-0.245564246467,0.552785316722,0.552785316722,27,7,0
56.75,5.79375050484,4.85875050484,-0.218201384794,-0.218201384794,0.541119392831,0.541119392831,27,7,0
56.8,5.78351081588,4.84851081588,-0.191514433406,-0.191514433406,0.525725895624,0.525725895624,27,7,0
56.85,5.77458463633,4.83958463633,-0.165693222425,-0.165693222425,0.506466766832,0.506466766832,27,7,0
56.9,5.76692378959,4.83192378959,-0.140934484887,-0.140934484887,0.483203948184,0.483203948184,27,7,0
56.95,5.76047008985,4.82547008985,-0.117441856742,-0.117441856742,0.455799381408,0.455799381408,27,7,0
57,5.75515499694,4.82015499694,-0.0954258768528,-0.0954258768528,0.424115008235,0.424115008235,27,7,0
57.05,5.75089927117,4.81589927117,-0.0751039869963,-0.0751039869963,0.388012770392,0.388012770392,27,7,0
57.1,5.74761262817,4.81261262817,-0.0567005318626,-0.0567005318626,0.347354609609,0.347354609609,27,7,0
57.15,5.74519339378,4.81019339378,-0.0404467590556,-0.0404467590556,0.302002467615,0.302002467615,27,7,0
57.2,5.74352815888,4.80852815888,-0.0265808190925,-0.0265808190925,0.251818286139,0.251818286139,27,7,0
57.25,5.74249143426,4.80749143426,-0.0153477654042,-0.0153477654042,0.196664006911,0.196664006911,27,7,0
57.3,5.74194530546,4.80694530546,-0.00699955433512,-0.00699955433512,0.136401571659,0.136401571659,27,7,0
57.35,5.74173908763,4.80673908763,-0.00179504514322,-0.00179504514322,0.0708929221121,0.0708929221121,27,7,0
57.4,5.74170898038,4.80670898038,-3.71741943682e-29,-3.71741943682e-29,1.0463605494e-14,1.0463605494e-14,27,7,0
57.45,5.74170898038,4.80670898038,0,0,0,0,28,0,0
57.5,5.74170898038,4.80670898038,0,0,0,0,28,0,0
57.55,5.74170898038,4.80670898038,0,0,0,0,28,0,0
57.6,5.74170898038,4.80670898038,0,0,0,0,28,0,0
57.65,5.74170898038,4.80670898038,0,0,0,0,28,0,0
57.7,5.74170898038,4.80670898038,0,0,0,0,28,0,0
57.75,5.74170898038,4.80670898038,0,0,0,0,28,0,0
57.8,5.74170898038,4.80670898038,0,0,0,0,28,0,0
57.85,5.74170898038,4.80670898038,0,0,0,0,28,0,0
57.9,5.74170898038,4.80670898038,0,0,0,0,28,0,0
57.95,5.74170898038,4.80670898038,0,0,0,0,28,0,0
58,5.74170898038,4.80670898038,0,0,0,0,28,0,0
58.05,5.74170898038,4.80670898038,0,0,0,0,28,0,0
58.1,5.74170898038,4.80670898038,0,0,0,0,28,0,0
58.15,5.74170898038,4.80670898038,0,0,0,0,28,0,0
58.2,5.74170898038,4.80670898038,0,0,0,0,28,0,0
58.25,5.74170898038,4.80670898038,0,0,0,0,28,0,0
58.3,5.74170898038,4.80670898038,0,0,0,0,28,0,0
58.35,5.74170898038,4.80670898038,0,0,0,0,28,0,0
58.4,5.74170898038,4.80670898038,0,0,0,0,28,0,0
58.45,5.74170898038,4.80670898038,0,0,0,0,28,0,0
58.5,5.74170898038,4.80670898038,0,0,0,0,28,0,0
58.55,5.74170898038,4.80670898038,0,0,0,0,28,0,0
58.6,5.74170898038,4.80670898038,0,0,0,0,28,0,0
58.65,5.74170898038,4.80670898038,0,0,0,0,28,0,0
58.7,5.74170898038,4.80670898038,0,0,0,0,28,0,0
58.75,5.74170898038,4.80670898038,0,0,0,0,28,0,0
58.8,5.74170898038,4.80670898038,0,0,0,0,28,0,0
58.85,5.74170898038,4.80670898038,0,0,0,0,28,0,0
58.9,5.74170898038,4.80670898038,0,0,0,0,28,0,0
58.95,5.74170898038,4.80670898038,0,0,0,0,28,0,0
59,5.74170898038,4.80670898038,0,0,0,0,28,0,0
59.05,5.74170898038,4.80670898038,0,0,0,0,28,0,0
59.1,5.74170898038,4.80670898038,0,0,0,0,28,0,0
59.15,5.74170898038,4.80670898038,0,0,0,0,28,0,0
59.2,5.74170898038,4.80670898038,0,0,0,0,28,0,0
59.25,5.74170898038,4.80670898038,0,0,0,0,28,0,0
59.3,5.74170898038,4.80670898038,0,0,0,0,28,0,0
59.35,5.74170898038,4.80670898038,0,0,0,0,28,0,0
59.4,5.74170898038,4.80670898038,0,0,0,0,28,0,0
59.45,5.74167887314,4.80667887314,-0.00179504514322,-0.00179504514322,-0.0708929221121,-0.0708929221121,29,7,0
59.5,5.7414726553,4.8064726553,-0.00699955433512,-0.00699955433512,-0.136401571659,-0.136401571659,29,7,0
59.55,5.74092652651,4.80592652651,-0.0153477654042,-0.0153477654042,-0.196664006911,-0.196664006911,29,7,0
59.6,5.73988980189,4.80488980189,-0.0265808190925,-0.0265808190925,-0.251818286139,-0.251818286139,29,7,0
59.65,5.73822456699,4.80322456699,-0.0404467590556,-0.0404467590556,-0.302002467615,-0.302002467615,29,7,0
59.7,5.7358053326,4.8008053326,-0.0567005318626,-0.0567005318626,-0.347354609609,-0.347354609609,29,7,0
59.75,5.7325186896,4.7975186896,-0.0751039869963,-0.0751039869963,-0.388012770392,-0.388012770392,29,7,0
59.8,5.72826296383,4.79326296383,-0.0954258768528,-0.0954258768528,-0.424115008235,-0.424115008235,29,7,0
59.85,5.72294787092,4.78794787092,-0.117441856742,-0.117441856742,-0.455799381408,-0.455799381408,29,7,0
59.9,5.71649417118,4.78149417118,-0.140934484887,-0.140934484887,-0.483203948184,-0.483203948184,29,7,0
59.95,5.70883332444,4.77383332444,-0.165693222425,-0.165693222425,-0.506466766832,-0.506466766832,29,7,0
60,5.69990714489,4.76490714489,-0.191514433406,-0.191514433406,-0.525725895624,-0.525725895624,29,7,0
60.05,5.68966745593,4.75466745593,-0.218201384794,-0.218201384794,-0.541119392831,-0.541119392831,29,7,0
60.1,5.67807574507,4.74307574507,-0.245564246467,-0.245564246467,-0.552785316722,-0.552785316722,29,7,0
60.15,5.66510281873,4.73010281873,-0.273420091216,-0.273420091216,-0.560861725571,-0.560861725571,29,7,0
60.2,5.65072845714,4.71572845714,-0.301592894745,-0.301592894745,-0.565486677646,-0.565486677646,29,7,0
60.25,5.63494106914,4.69994106914,-0.329913535672,-0.329913535672,-0.56679823122,-0.56679823122,29,7,0
60.3,5.61773734709,4.68273734709,-0.358219795529,-0.358219795529,-0.564934444563,-0.564934444563,29,7,0
60.35,5.5991219217,4.6641219217,-0.386356358762,-0.386356358762,-0.560033375945,-0.560033375945,29,7,0
60.4,5.57910701687,4.64410701687,-0.414174812729,-0.414174812729,-0.552233083639,-0.552233083639,29,7,0
60.45,5.55771210457,4.62271210457,-0.441533647702,-0.441533647702,-0.541671625914,-0.541671625914,29,7,0
60.5,5.5349635597,4.5999635597,-0.468298256868,-0.468298256868,-0.528487061042,-0.528487061042,29,7,0
60.55,5.51089431488,4.57589431488,-0.494340936325,-0.494340936325,-0.512817447294,-0.512817447294,29,7,0
60.6,5.48554351541,4.55054351541,-0.519540885087,-0.519540885087,-0.49480084294,-0.49480084294,29,7,0
60.65,5.45895617402,4.52395617402,-0.543784205081,-0.543784205081,-0.474575306252,-0.474575306252,29,7,0
60.7,5.4311828258,4.4961828258,-0.566963901145,-0.566963901145,-0.4522788955,-0.4522788955,29,7,0
60.75,5.40227918301,4.46727918301,-0.588979881034,-0.588979881034,-0.428049668956,-0.428049668956,29,7,0
60.8,5.37230578996,4.43730578996,-0.609738955415,-0.609738955415,-0.402025684889,-0.402025684889,29,7,0
60.85,5.34132767784,4.40632767784,-0.629154837869,-0.629154837869,-0.374345001572,-0.374345001572,29,7,0
60.9,5.3094140196,4.3744140196,-0.647148144889,-0.647148144889,-0.345145677274,-0.345145677274,29,7,0
60.95,5.27663778479,4.34163778479,-0.663646395884,-0.663646395884,-0.314565770268,-0.314565770268,29,7,0
61,5.24307539441,4.30807539441,-0.678584013175,-0.678584013175,-0.282743338823,-0.282743338823,29,7,0
61.05,5.20880637578,4.27380637578,-0.691902321997,-0.691902321997,-0.249816441211,-0.249816441211,29,7,0
61.1,5.17391301738,4.23891301738,-0.703549550498,-0.703549550498,-0.215923135703,-0.215923135703,29,7,0
61.15,5.13848002372,4.20348002372,-0.71348082974,-0.71348082974,-0.181201480569,-0.181201480569,29,7,0
61.2,5.10259417016,4.16759417016,-0.721658193699,-0.721658193699,-0.145789534081,-0.145789534081,29,7,0
61.25,5.06634395782,4.13134395782,-0.728050579264,-0.728050579264,-0.109825354509,-0.109825354509,29,7,0
61.3,5.02981926838,4.09481926838,-0.732633826237,-0.732633826237,-0.073447000124,-0.073447000124,29,7,0
61.35,4.99311101896,4.05811101896,-0.735390677334,-0.735390677334,-0.0367925291974,-0.0367925291974,29,7,0
61.4,4.95631081699,4.02131081699,-0.736310778185,-0.736310778185,-5.23180274701e-15,-5.23180274701e-15,29,7,0
61.45,4.91951061501,3.98451061501,-0.735390677334,-0.735390677334,0.0367925291974,0.0367925291974,29,7,0
61.5,4.88280236559,3.94780236559,-0.732633826237,-0.732633826237,0.073447000124,0.073447000124,29,7,0
61.55,4.84627767615,3.91127767615,-0.728050579264,-0.728050579264,0.109825354509,0.109825354509,29,7,0
61.6,4.81002746381,3.87502746381,-0.721658193699,-0.721658193699,0.145789534081,0.145789534081,29,7,0
61.65,4.77414161026,3.83914161026,-0.71348082974,-0.71348082974,0.181201480569,0.181201480569,29,7,0
61.7,4.73870861659,3.80370861659,-0.703549550498,-0.703549550498,0.215923135703,0.215923135703,29,7,0
61.75,4.7038152582,3.7688152582,-0.691902321997,-0.691902321997,0.249816441211,0.249816441211,29,7,0
61.8,4.66954623957,3.73454623957,-0.678584013175,-0.678584013175,0.282743338823,0.282743338823,29,7,0
61.85,4.63598384919,3.70098384919,-0.663646395884,-0.663646395884,0.314565770268,0.314565770268,29,7,0
61.9,4.60320761438,3.66820761438,-0.647148144889,-0.647148144889,0.345145677274,0.345145677274,29,7,0
61.95,4.57129395613,3.63629395613,-0.629154837869,-0.629154837869,0.374345001572,0.374345001572,29,7,0
62,4.54031584401,3.60531584401,-0.609738955415,-0.609738955415,0.402025684889,0.402025684889,29,7,0
62.05,4.51034245096,3.57534245096,-0.588979881034,-0.588979881034,0.428049668956,0.428049668956,29,7,0
62.1,4.48143880817,3.54643880817,-0.566963901145,-0.566963901145,0.4522788955,0.4522788955,29,7,0
62.15,4.45366545995,3.51866545995,-0.543784205081,-0.543784205081,0.474575306252,0.474575306252,29,7,0
62.2,4.42707811856,3.49207811856,-0.519540885087,-0.519540885087,0.49480084294,0.49480084294,29,7,0
62.25,4.40172731909,3.46672731909,-0.494340936325,-0.494340936325,0.512817447294,0.512817447294,29,7,0
62.3,4.37765807428,3.44265807428,-0.468298256868,-0.468298256868,0.528487061042,0.528487061042,29,7,0
62.35,4.3549095294,3.4199095294,-0.441533647702,-0.441533647702,0.541671625914,0.541671625914,29,7,0
62.4,4.33351461711,3.39851461711,-0.414174812729,-0.414174812729,0.552233083639,0.552233083639,29,7,0
62.45,4.31349971228,3.37849971228,-0.386356358762,-0.386356358762,0.560033375945,0.560033375945,29,7,0
62.5,4.29488428689,3.35988428689,-0.358219795529,-0.358219795529,0.564934444563,0.564934444563,29,7,0
62.55,4.27768056484,3.34268056484,-0.329913535672,-0.329913535672,0.56679823122,0.56679823122,29,7,0
62.6,4.26189317684,3.32689317684,-0.301592894745,-0.301592894745,0.565486677646,0.565486677646,29,7,0
62.65,4.24751881524,3.31251881524,-0.273420091216,-0.273420091216,0.560861725571,0.560861725571,29,7,0
62.7,4.2345458889,3.2995458889,-0.245564246467,-0.245564246467,0.552785316722,0.552785316722,29,7,0
62.75,4.22295417804,3.28795417804,-0.218201384794,-0.218201384794,0.541119392831,0.541119392831,29,7,0
62.8,4.21271448909,3.27771448909,-0.191514433406,-0.191514433406,0.525725895624,0.525725895624,29,7,0
62.85,4.20378830953,3.26878830953,-0.165693222425,-0.165693222425,0.506466766832,0.506466766832,29,7,0
62.9,4.19612746279,3.26112746279,-0.140934484887,-0.140934484887,0.483203948184,0.483203948184,29,7,0
62.95,4.18967376306,3.25467376306,-0.117441856742,-0.117441856742,0.455799381408,0.455799381408,29,7,0
63,4.18435867015,3.24935867015,-0.0954258768528,-0.0954258768528,0.424115008235,0.424115008235,29,7,0
63.05,4.18010294437,3.24510294437,-0.0751039869963,-0.0751039869963,0.388012770392,0.388012770392,29,7,0
63.1,4.17681630137,3.24181630137,-0.0567005318626,-0.0567005318626,0.347354609609,0.347354609609,29,7,0
63.15,4.17439706698,3.23939706698,-0.0404467590556,-0.0404467590556,0.302002467615,0.302002467615,29,7,0
63.2,4.17273183209,3.23773183209,-0.0265808190925,-0.0265808190925,0.251818286139,0.251818286139,29,7,0
63.25,4.17169510747,3.23669510747,-0.0153477654042,-0.0153477654042,0.196664006911,0.196664006911,29,7,0
63.3,4.17114897867,3.23614897867,-0.00699955433512,-0.00699955433512,0.136401571659,0.136401571659,29,7,0
63.35,4.17094276084,3.23594276084,-0.00179504514322,-0.00179504514322,0.0708929221121,0.0708929221121,29,7,0
63.4,4.17091265359,3.23591265359,-3.71741943682e-29,-3.71741943682e-29,1.0463605494e-14,1.0463605494e-14,29,7,0
63.45,4.17091265359,3.23591265359,0,0,0,0,30,0,0
63.5,4.17091265359,3.23591265359,0,0,0,0,30,0,0
63.55,4.17091265359,3.23591265359,0,0,0,0,30,0,0
63.6,4.17091265359,3.23591265359,0,0,0,0,30,0,0
63.65,4.17091265359,3.23591265359,0,0,0,0,30,0,0
63.7,4.17091265359,3.23591265359,0,0,0,0,30,0,0
63.75,4.17091265359,3.23591265359,0,0,0,0,30,0,0
63.8,4.17091265359,3.23591265359,0,0,0,0,30,0,0
63.85,4.17091265359,3.23591265359,0,0,0,0,30,0,0
63.9,4.17091265359,3.23591265359,0,0,0,0,30,0,0
63.95,4.17091265359,3.23591265359,0,0,0,0,30,0,0
64,4.17091265359,3.23591265359,0,0,0,0,30,0,0
64.05,4.17091265359,3.23591265359,0,0,0,0,30,0,0
64.1,4.17091265359,3.23591265359,0,0,0,0,30,0,0
64.15,4.17091265359,3.23591265359,0,0,0,0,30,0,0
64.2,4.17091265359,3.23591265359,0,0,0,0,30,0,0
64.25,4.17091265359,3.23591265359,0,0,0,0,30,0,0
64.3,4.17091265359,3.23591265359,0,0,0,0,30,0,0
64.35,4.17091265359,3.23591265359,0,0,0,0,30,0,0
64.4,4.17091265359,3.23591265359,0,0,0,0,30,0,0
64.45,4.17091265359,3.23591265359,0,0,0,0,30,0,0
64.5,4.17091265359,3.23591265359,0,0,0,0,30,0,0
64.55,4.17091265359,3.23591265359,0,0,0,0,30,0,0
64.6,4.17091265359,3.23591265359,0,0,0,0,30,0,0
64.65,4.17091265359,3.23591265359,0,0,0,0,30,0,0
64.7,4.17091265359,3.23591265359,0,0,0,0,30,0,0
64.75,4.17091265359,3.23591265359,0,0,0,0,30,0,0
64.8,4.17091265359,3.23591265359,0,0,0,0,30,0,0
64.85,4.17091265359,3.23591265359,0,0,0,0,30,0,0
64.9,4.17091265359,3.23591265359,0,0,0,0,30,0,0
64.95,4.17091265359,3.23591265359,0,0,0,0,30,0,0
65,4.17091265359,3.23591265359,0,0,0,0,30,0,0
65.05,4.17091265359,3.23591265359,0,0,0,0,30,0,0
65.1,4.17091265359,3.23591265359,0,0,0,0,30,0,0
65.15,4.17091265359,3.23591265359,0,0,0,0,30,0,0
65.2,4.17091265359,3.23591265359,0,0,0,0,30,0,0
65.25,4.17091265359,3.23591265359,0,0,0,0,30,0,0
65.3,4.17091265359,3.23591265359,0,0,0,0,30,0,0
65.35,4.17091265359,3.23591265359,0,0,0,0,30,0,0
65.4,4.17091265359,3.23591265359,-0,-0,-0,-0,31,7,0
65.45,4.17088254634,3.23588254634,-0.00179504514322,-0.00179504514322,-0.0708929221121,-0.0708929221121,31,7,0
65.5,4.17067632851,3.23567632851,-0.00699955433512,-0.00699955433512,-0.136401571659,-0.136401571659,31,7,0
65.55,4.17013019971,3.23513019971,-0.0153477654042,-0.0153477654042,-0.196664006911,-0.196664006911,31,7,0
65.6,4.16909347509,3.23409347509,-0.0265808190925,-0.0265808190925,-0.251818286139,-0.251818286139,31,7,0
65.65,4.1674282402,3.2324282402,-0.0404467590556,-0.0404467590556,-0.302002467615,-0.302002467615,31,7,0
65.7,4.16500900581,3.23000900581,-0.0567005318626,-0.0567005318626,-0.347354609609,-0.347354609609,31,7,0
65.75,4.16172236281,3.22672236281,-0.0751039869963,-0.0751039869963,-0.388012770392,-0.388012770392,31,7,0
65.8,4.15746663703,3.22246663703,-0.0954258768528,-0.0954258768528,-0.424115008235,-0.424115008235,31,7,0
65.85,4.15215154412,3.21715154412,-0.117441856742,-0.117441856742,-0.455799381408,-0.455799381408,31,7,0
65.9,4.14569784439,3.21069784439,-0.140934484887,-0.140934484887,-0.483203948184,-0.483203948184,31,7,0
65.95,4.13803699765,3.20303699765,-0.165693222425,-0.165693222425,-0.506466766832,-0.506466766832,31,7,0
66,4.12911081809,3.19411081809,-0.191514433406,-0.191514433406,-0.525725895624,-0.525725895624,31,7,0
66.05,4.11887112913,3.18387112913,-0.218201384794,-0.218201384794,-0.541119392831,-0.541119392831,31,7,0
66.1,4.10727941827,3.17227941827,-0.245564246467,-0.245564246467,-0.552785316722,-0.552785316722,31,7,0
66.15,4.09430649194,3.15930649194,-0.273420091216,-0.273420091216,-0.560861725571,-0.560861725571,31,7,0
66.2,4.07993213034,3.14493213034,-0.301592894745,-0.301592894745,-0.565486677646,-0.565486677646,31,7,0
66.25,4.06414474234,3.12914474234,-0.329913535672,-0.329913535672,-0.56679823122,-0.56679823122,31,7,0
66.3,4.04694102029,3.11194102029,-0.358219795529,-0.358219795529,-0.564934444563,-0.564934444563,31,7,0
66.35,4.0283255949,3.0933255949,-0.386356358762,-0.386356358762,-0.560033375945,-0.560033375945,31,7,0
66.4,4.00831069007,3.07331069007,-0.414174812729,-0.414174812729,-0.552233083639,-0.552233083639,31,7,0
66.45,3.98691577778,3.05191577778,-0.441533647702,-0.441533647702,-0.541671625914,-0.541671625914,31,7,0
66.5,3.9641672329,3.0291672329,-0.468298256868,-0.468298256868,-0.528487061042,-0.528487061042,31,7,0
66.55,3.94009798809,3.00509798809,-0.494340936325,-0.494340936325,-0.512817447294,-0.512817447294,31,7,0
66.6,3.91474718862,2.97974718862,-0.519540885087,-0.519540885087,-0.49480084294,-0.49480084294,31,7,0
66.65,3.88815984723,2.95315984723,-0.543784205081,-0.543784205081,-0.474575306252,-0.474575306252,31,7,0
66.7,3.86038649901,2.92538649901,-0.566963901145,-0.566963901145,-0.4522788955,-0.4522788955,31,7,0
66.75,3.83148285622,2.89648285622,-0.588979881034,-0.588979881034,-0.428049668956,-0.428049668956,31,7,0
66.8,3.80150946317,2.86650946317,-0.609738955415,-0.609738955415,-0.402025684889,-0.402025684889,31,7,0
66.85,3.77053135104,2.83553135104,-0.629154837869,-0.629154837869,-0.374345001572,-0.374345001572,31,7,0
66.9,3.7386176928,2.8036176928,-0.647148144889,-0.647148144889,-0.345145677274,-0.345145677274,31,7,0
66.95,3.70584145799,2.77084145799,-0.663646395884,-0.663646395884,-0.314565770268,-0.314565770268,31,7,0
67,3.67227906761,2.73727906761,-0.678584013175,-0.678584013175,-0.282743338823,-0.282743338823,31,7,0
67.05,3.63801004898,2.70301004898,-0.691902321997,-0.691902321997,-0.249816441211,-0.249816441211,31,7,0
67.1,3.60311669059,2.66811669059,-0.703549550498,-0.703549550498,-0.215923135703,-0.215923135703,31,7,0
67.15,3.56768369692,2.63268369692,-0.71348082974,-0.71348082974,-0.181201480569,-0.181201480569,31,7,0
67.2,3.53179784337,2.59679784337,-0.721658193699,-0.721658193699,-0.145789534081,-0.145789534081,31,7,0
67.25,3.49554763103,2.56054763103,-0.728050579264,-0.728050579264,-0.109825354509,-0.109825354509,31,7,0
67.3,3.45902294159,2.52402294159,-0.732633826237,-0.732633826237,-0.073447000124,-0.073447000124,31,7,0
67.35,3.42231469217,2.48731469217,-0.735390677334,-0.735390677334,-0.0367925291974,-0.0367925291974,31,7,0
67.4,3.38551449019,2.45051449019,-0.736310778185,-0.736310778185,-0,-0,31,7,0
67.45,3.34871428821,2.41371428821,-0.735390677334,-0.735390677334,0.0367925291974,0.0367925291974,31,7,0
67.5,3.3120060388,2.3770060388,-0.732633826237,-0.732633826237,0.073447000124,0.073447000124,31,7,0
67.55,3.27548134936,2.34048134936,-0.728050579264,-0.728050579264,0.109825354509,0.109825354509,31,7,0
67.6,3.23923113702,2.30423113702,-0.721658193699,-0.721658193699,0.145789534081,0.145789534081,31,7,0
67.65,3.20334528346,2.26834528346,-0.71348082974,-0.71348082974,0.181201480569,0.181201480569,31,7,0
67.7,3.1679122898,2.2329122898,-0.703549550498,-0.703549550498,0.215923135703,0.215923135703,31,7,0
67.75,3.1330189314,2.1980189314,-0.691902321997,-0.691902321997,0.249816441211,0.249816441211,31,7,0
67.8,3.09874991277,2.16374991277,-0.678584013175,-0.678584013175,0.282743338823,0.282743338823,31,7,0
67.85,3.06518752239,2.13018752239,-0.663646395884,-0.663646395884,0.314565770268,0.314565770268,31,7,0
67.9,3.03241128758,2.09741128758,-0.647148144889,-0.647148144889,0.345145677274,0.345145677274,31,7,0
67.95,3.00049762934,2.06549762934,-0.629154837869,-0.629154837869,0.374345001572,0.374345001572,31,7,0
68,2.96951951722,2.03451951722,-0.609738955415,-0.609738955415,0.402025684889,0.402025684889,31,7,0
68.05,2.93954612417,2.00454612417,-0.588979881034,-0.588979881034,0.428049668956,0.428049668956,31,7,0
68.1,2.91064248138,1.97564248138,-0.566963901145,-0.566963901145,0.4522788955,0.4522788955,31,7,0
68.15,2.88286913316,1.94786913316,-0.543784205081,-0.543784205081,0.474575306252,0.474575306252,31,7,0
68.2,2.85628179177,1.92128179177,-0.519540885087,-0.519540885087,0.49480084294,0.49480084294,31,7,0
68.25,2.83093099229,1.89593099229,-0.494340936325,-0.494340936325,0.512817447294,0.512817447294,31,7,0
68.3,2.80686174748,1.87186174748,-0.468298256868,-0.468298256868,0.528487061042,0.528487061042,31,7,0
68.35,2.7841132026,1.8491132026,-0.441533647702,-0.441533647702,0.541671625914,0.541671625914,31,7,0
68.4,2.76271829031,1.82771829031,-0.414174812729,-0.414174812729,0.552233083639,0.552233083639,31,7,0
68.45,2.74270338548,1.80770338548,-0.386356358762,-0.386356358762,0.560033375945,0.560033375945,31,7,0
68.5,2.72408796009,1.78908796009,-0.358219795529,-0.358219795529,0.564934444563,0.564934444563,31,7,0
68.55,2.70688423804,1.77188423804,-0.329913535672,-0.329913535672,0.56679823122,0.56679823122,31,7,0
68.6,2.69109685004,1.75609685004,-0.301592894745,-0.301592894745,0.565486677646,0.565486677646,31,7,0
68.65,2.67672248845,1.74172248845,-0.273420091216,-0.273420091216,0.560861725571,0.560861725571,31,7,0
68.7,2.66374956211,1.72874956211,-0.245564246467,-0.245564246467,0.552785316722,0.552785316722,31,7,0
68.75,2.65215785125,1.71715785125,-0.218201384794,-0.218201384794,0.541119392831,0.541119392831,31,7,0
68.8,2.64191816229,1.70691816229,-0.191514433406,-0.191514433406,0.525725895624,0.525725895624,31,7,0
68.85,2.63299198274,1.69799198274,-0.165693222425,-0.165693222425,0.506466766832,0.506466766832,31,7,0
68.9,2.625331136,1.690331136,-0.140934484887,-0.140934484887,0.483203948184,0.483203948184,31,7,0
68.95,2.61887743626,1.68387743626,-0.117441856742,-0.117441856742,0.455799381408,0.455799381408,31,7,0
69,2.61356234335,1.67856234335,-0.0954258768528,-0.0954258768528,0.424115008235,0.424115008235,31,7,0
69.05,2.60930661758,1.67430661758,-0.0751039869963,-0.0751039869963,0.388012770392,0.388012770392,31,7,0
69.1,2.60601997458,1.67101997458,-0.0567005318626,-0.0567005318626,0.347354609609,0.347354609609,31,7,0
69.15,2.60360074019,1.66860074019,-0.0404467590556,-0.0404467590556,0.302002467615,0.302002467615,31,7,0
69.2,2.60193550529,1.66693550529,-0.0265808190925,-0.0265808190925,0.251818286139,0.251818286139,31,7,0
69.25,2.60089878067,1.66589878067,-0.0153477654042,-0.0153477654042,0.196664006911,0.196664006911,31,7,0
69.3,2.60035265188,1.66535265188,-0.00699955433512,-0.00699955433512,0.136401571659,0.136401571659,31,7,0
69.35,2.60014643404,1.66514643404,-0.00179504514322,-0.00179504514322,0.0708929221121,0.0708929221121,31,7,0
69.4,2.60011632679,1.66511632679,0,0,0,0,32,0,0
69.45,2.60011632679,1.66511632679,0,0,0,0,32,0,0
69.5,2.60011632679,1.66511632679,0,0,0,0,32,0,0
69.55,2.60011632679,1.66511632679,0,0,0,0,32,0,0
69.6,2.60011632679,1.66511632679,0,0,0,0,32,0,0
69.65,2.60011632679,1.66511632679,0,0,0,0,32,0,0
69.7,2.60011632679,1.66511632679,0,0,0,0,32,0,0
69.75,2.60011632679,1.66511632679,0,0,0,0,32,0,0
69.8,2.60011632679,1.66511632679,0,0,0,0,32,0,0
69.85,2.60011632679,1.66511632679,0,0,0,0,32,0,0
69.9,2.60011632679,1.66511632679,0,0,0,0,32,0,0
69.95,2.60011632679,1.66511632679,0,0,0,0,32,0,0
70,2.60011632679,1.66511632679,0,0,0,0,32,0,0
70.05,2.60011632679,1.66511632679,0,0,0,0,32,0,0
70.1,2.60011632679,1.66511632679,0,0,0,0,32,0,0
70.15,2.60011632679,1.66511632679,0,0,0,0,32,0,0
70.2,2.60011632679,1.66511632679,0,0,0,0,32,0,0
70.25,2.60011632679,1.66511632679,0,0,0,0,32,0,0
70.3,2.60011632679,1.66511632679,0,0,0,0,32,0,0
70.35,2.60011632679,1.66511632679,0,0,0,0,32,0,0
70.4,2.60011632679,1.66511632679,0,0,0,0,32,0,0
70.45,2.60011632679,1.66511632679,0,0,0,0,32,0,0
70.5,2.60011632679,1.66511632679,0,0,0,0,32,0,0
70.55,2.60011632679,1.66511632679,0,0,0,0,32,0,0
70.6,2.60011632679,1.66511632679,0,0,0,0,32,0,0
70.65,2.60011632679,1.66511632679,0,0,0,0,32,0,0
70.7,2.60011632679,1.66511632679,0,0,0,0,32,0,0
70.75,2.60011632679,1.66511632679,0,0,0,0,32,0,0
70.8,2.60011632679,1.66511632679,0,0,0,0,32,0,0
70.85,2.60011632679,1.66511632679,0,0,0,0,32,0,0
70.9,2.60011632679,1.66511632679,0,0,0,0,32,0,0
70.95,2.60011632679,1.66511632679,0,0,0,0,32,0,0
71,2.60011632679,1.66511632679,0,0,0,0,32,0,0
71.05,2.60011632679,1.66511632679,0,0,0,0,32,0,0
71.1,2.60011632679,1.66511632679,0,0,0,0,32,0,0
71.15,2.60011632679,1.66511632679,0,0,0,0,32,0,0
71.2,2.60011632679,1.66511632679,0,0,0,0,32,0,0
71.25,2.60011632679,1.66511632679,0,0,0,0,32,0,0
71.3,2.60011632679,1.66511632679,0,0,0,0,32,0,0
71.35,2.60011632679,1.66511632679,0,0,0,0,32,0,0
71.4,2.60011632679,1.66511632679,-0,-0,-0,-0,33,7,0
71.45,2.60008621955,1.66508621955,-0.00179504514322,-0.00179504514322,-0.0708929221121,-0.0708929221121,33,7,0
71.5,2.59988000171,1.66488000171,-0.00699955433512,-0.00699955433512,-0.136401571659,-0.136401571659,33,7,0
71.55,2.59933387292,1.66433387292,-0.0153477654042,-0.0153477654042,-0.196664006911,-0.196664006911,33,7,0
71.6,2.5982971483,1.6632971483,-0.0265808190925,-0.0265808190925,-0.251818286139,-0.251818286139,33,7,0
71.65,2.5966319134,1.6616319134,-0.0404467590556,-0.0404467590556,-0.302002467615,-0.302002467615,33,7,0
71.7,2.59421267901,1.65921267901,-0.0567005318626,-0.0567005318626,-0.347354609609,-0.347354609609,33,7,0
71.75,2.59092603601,1.65592603601,-0.0751039869963,-0.0751039869963,-0.388012770392,-0.388012770392,33,7,0
71.8,2.58667031024,1.65167031024,-0.0954258768528,-0.0954258768528,-0.424115008235,-0.424115008235,33,7,0
71.85,2.58135521733,1.64635521733,-0.117441856742,-0.117441856742,-0.455799381408,-0.455799381408,33,7,0
71.9,2.57490151759,1.63990151759,-0.140934484887,-0.140934484887,-0.483203948184,-0.483203948184,33,7,0
71.95,2.56724067085,1.63224067085,-0.165693222425,-0.165693222425,-0.506466766832,-0.506466766832,33,7,0
72,2.5583144913,1.6233144913,-0.191514433406,-0.191514433406,-0.525725895624,-0.525725895624,33,7,0
72.05,2.54807480234,1.61307480234,-0.218201384794,-0.218201384794,-0.541119392831,-0.541119392831,33,7,0
72.1,2.53648309148,1.60148309148,-0.245564246467,-0.245564246467,-0.552785316722,-0.552785316722,33,7,0
72.15,2.52351016514,1.58851016514,-0.273420091216,-0.273420091216,-0.560861725571,-0.560861725571,33,7,0
72.2,2.50913580355,1.57413580355,-0.301592894745,-0.301592894745,-0.565486677646,-0.565486677646,33,7,0
72.25,2.49334841555,1.55834841555,-0.329913535672,-0.329913535672,-0.56679823122,-0.56679823122,33,7,0
72.3,2.4761446935,1.5411446935,-0.358219795529,-0.358219795529,-0.564934444563,-0.564934444563,33,7,0
72.35,2.45752926811,1.52252926811,-0.386356358762,-0.386356358762,-0.560033375945,-0.560033375945,33,7,0
72.4,2.43751436328,1.50251436328,-0.414174812729,-0.414174812729,-0.552233083639,-0.552233083639,33,7,0
72.45,2.41611945099,1.48111945099,-0.441533647702,-0.441533647702,-0.541671625914,-0.541671625914,33,7,0
72.5,2.39337090611,1.45837090611,-0.468298256868,-0.468298256868,-0.528487061042,-0.528487061042,33,7,0
72.55,2.3693016613,1.4343016613,-0.494340936325,-0.494340936325,-0.512817447294,-0.512817447294,33,7,0
72.6,2.34395086182,1.40895086182,-0.519540885087,-0.519540885087,-0.49480084294,-0.49480084294,33,7,0
72.65,2.31736352043,1.38236352043,-0.543784205081,-0.543784205081,-0.474575306252,-0.474575306252,33,7,0
72.7,2.28959017221,1.35459017221,-0.566963901145,-0.566963901145,-0.4522788955,-0.4522788955,33,7,0
72.75,2.26068652942,1.32568652942,-0.588979881034,-0.588979881034,-0.428049668956,-0.428049668956,33,7,0
72.8,2.23071313637,1.29571313637,-0.609738955415,-0.609738955415,-0.402025684889,-0.402025684889,33,7,0
72.85,2.19973502425,1.26473502425,-0.629154837869,-0.629154837869,-0.374345001572,-0.374345001572,33,7,0
72.9,2.16782136601,1.23282136601,-0.647148144889,-0.647148144889,-0.345145677274,-0.345145677274,33,7,0
72.95,2.1350451312,1.2000451312,-0.663646395884,-0.663646395884,-0.314565770268,-0.314565770268,33,7,0
73,2.10148274082,1.16648274082,-0.678584013175,-0.678584013175,-0.282743338823,-0.282743338823,33,7,0
73.05,2.06721372219,1.13221372219,-0.691902321997,-0.691902321997,-0.249816441211,-0.249816441211,33,7,0
73.1,2.03232036379,1.09732036379,-0.703549550498,-0.703549550498,-0.215923135703,-0.215923135703,33,7,0
73.15,1.99688737013,1.06188737013,-0.71348082974,-0.71348082974,-0.181201480569,-0.181201480569,33,7,0
73.2,1.96100151657,1.02600151657,-0.721658193699,-0.721658193699,-0.145789534081,-0.145789534081,33,7,0
73.25,1.92475130423,0.989751304232,-0.728050579264,-0.728050579264,-0.109825354509,-0.109825354509,33,7,0
73.3,1.88822661479,0.953226614792,-0.732633826237,-0.732633826237,-0.073447000124,-0.073447000124,33,7,0
73.35,1.85151836538,0.916518365375,-0.735390677334,-0.735390677334,-0.0367925291974,-0.0367925291974,33,7,0
73.4,1.8147181634,0.879718163397,-0.736310778185,-0.736310778185,-0,-0,33,7,0
73.45,1.77791796142,0.84291796142,-0.735390677334,-0.735390677334,0.0367925291974,0.0367925291974,33,7,0
73.5,1.741209712,0.806209712003,-0.732633826237,-0.732633826237,0.073447000124,0.073447000124,33,7,0
73.55,1.70468502256,0.769685022562,-0.728050579264,-0.728050579264,0.109825354509,0.109825354509,33,7,0
73.6,1.66843481022,0.733434810222,-0.721658193699,-0.721658193699,0.145789534081,0.145789534081,33,7,0
73.65,1.63254895667,0.697548956667,-0.71348082974,-0.71348082974,0.181201480569,0.181201480569,33,7,0
73.7,1.597115963,0.662115963004,-0.703549550498,-0.703549550498,0.215923135703,0.215923135703,33,7,0
73.75,1.56222260461,0.627222604607,-0.691902321997,-0.691902321997,0.249816441211,0.249816441211,33,7,0
73.8,1.52795358598,0.592953585978,-0.678584013175,-0.678584013175,0.282743338823,0.282743338823,33,7,0
73.85,1.4943911956,0.559391195599,-0.663646395884,-0.663646395884,0.314565770268,0.314565770268,33,7,0
73.9,1.46161496079,0.526614960786,-0.647148144889,-0.647148144889,0.345145677274,0.345145677274,33,7,0
73.95,1.42970130255,0.494701302545,-0.629154837869,-0.629154837869,0.374345001572,0.374345001572,33,7,0
74,1.39872319042,0.463723190425,-0.609738955415,-0.609738955415,0.402025684889,0.402025684889,33,7,0
74.05,1.36874979737,0.433749797371,-0.588979881034,-0.588979881034,0.428049668956,0.428049668956,33,7,0
74.1,1.33984615458,0.404846154581,-0.566963901145,-0.566963901145,0.4522788955,0.4522788955,33,7,0
74.15,1.31207280636,0.377072806361,-0.543784205081,-0.543784205081,0.474575306252,0.474575306252,33,7,0
74.2,1.28548546497,0.350485464974,-0.519540885087,-0.519540885087,0.49480084294,0.49480084294,33,7,0
74.25,1.2601346655,0.3251346655,-0.494340936325,-0.494340936325,0.512817447294,0.512817447294,33,7,0
74.3,1.23606542069,0.301065420688,-0.468298256868,-0.468298256868,0.528487061042,0.528487061042,33,7,0
74.35,1.21331687581,0.27831687581,-0.441533647702,-0.441533647702,0.541671625914,0.541671625914,33,7,0
74.4,1.19192196352,0.256921963516,-0.414174812729,-0.414174812729,0.552233083639,0.552233083639,33,7,0
74.45,1.17190705869,0.236907058688,-0.386356358762,-0.386356358762,0.560033375945,0.560033375945,33,7,0
74.5,1.1532916333,0.218291633296,-0.358219795529,-0.358219795529,0.564934444563,0.564934444563,33,7,0
74.55,1.13608791125,0.201087911247,-0.329913535672,-0.329913535672,0.56679823122,0.56679823122,33,7,0
74.6,1.12030052325,0.185300523248,-0.301592894745,-0.301592894745,0.565486677646,0.565486677646,33,7,0
74.65,1.10592616165,0.170926161651,-0.273420091216,-0.273420091216,0.560861725571,0.560861725571,33,7,0
74.7,1.09295323532,0.157953235315,-0.245564246467,-0.245564246467,0.552785316722,0.552785316722,33,7,0
74.75,1.08136152445,0.146361524455,-0.218201384794,-0.218201384794,0.541119392831,0.541119392831,33,7,0
74.8,1.0711218355,0.136121835499,-0.191514433406,-0.191514433406,0.525725895624,0.525725895624,33,7,0
74.85,1.06219565594,0.127195655942,-0.165693222425,-0.165693222425,0.506466766832,0.506466766832,33,7,0
74.9,1.0545348092,0.119534809201,-0.140934484887,-0.140934484887,0.483203948184,0.483203948184,33,7,0
74.95,1.04808110947,0.113081109466,-0.117441856742,-0.117441856742,0.455799381408,0.455799381408,33,7,0
75,1.04276601656,0.107766016557,-0.0954258768528,-0.0954258768528,0.424115008235,0.424115008235,33,7,0
75.05,1.03851029078,0.103510290781,-0.0751039869963,-0.0751039869963,0.388012770392,0.388012770392,33,7,0
75.1,1.03522364778,0.100223647781,-0.0567005318626,-0.0567005318626,0.347354609609,0.347354609609,33,7,0
75.15,1.03280441339,0.0978044133912,-0.0404467590556,-0.0404467590556,0.302002467615,0.302002467615,33,7,0
75.2,1.0311391785,0.096139178496,-0.0265808190925,-0.0265808190925,0.251818286139,0.251818286139,33,7,0
75.25,1.03010245388,0.095102453879,-0.0153477654042,-0.0153477654042,0.196664006911,0.196664006911,33,7,0
75.3,1.02955632508,0.0945563250802,-0.00699955433512,-0.00699955433512,0.136401571659,0.136401571659,33,7,0
75.35,1.02935010725,0.0943501072492,-0.00179504514322,-0.00179504514322,0.0708929221121,0.0708929221121,33,7,0
75.4,1.02932,0.09432,0,0,0,0,34,0,0
75.45,1.02932,0.09432,0,0,0,0,34,0,0
75.5,1.02932,0.09432,0,0,0,0,34,0,0
75.55,1.02932,0.09432,0,0,0,0,34,0,0
75.6,1.02932,0.09432,0,0,0,0,34,0,0
75.65,1.02932,0.09432,0,0,0,0,34,0,0
75.7,1.02932,0.09432,0,0,0,0,34,0,0
75.75,1.02932,0.09432,0,0,0,0,34,0,0
75.8,1.02932,0.09432,0,0,0,0,34,0,0
75.85,1.02932,0.09432,0,0,0,0,34,0,0
75.9,1.02932,0.09432,0,0,0,0,34,0,0
75.95,1.02932,0.09432,0,0,0,0,34,0,0
76,1.02932,0.09432,0,0,0,0,34,0,0
76.05,1.02932,0.09432,0,0,0,0,34,0,0
76.1,1.02932,0.09432,0,0,0,0,34,0,0
76.15,1.02932,0.09432,0,0,0,0,34,0,0
76.2,1.02932,0.09432,0,0,0,0,34,0,0
76.25,1.02932,0.09432,0,0,0,0,34,0,0
76.3,1.02932,0.09432,0,0,0,0,34,0,0
76.35,1.02932,0.09432,0,0,0,0,34,0,0
76.4,1.02932,0.09432,0,0,0,0,34,0,0
76.45,1.02932,0.09432,0,0,0,0,34,0,0
76.5,1.02932,0.09432,0,0,0,0,34,0,0
76.55,1.02932,0.09432,0,0,0,0,34,0,0
76.6,1.02932,0.09432,0,0,0,0,34,0,0
76.65,1.02932,0.09432,0,0,0,0,34,0,0
76.7,1.02932,0.09432,0,0,0,0,34,0,0
76.75,1.02932,0.09432,0,0,0,0,34,0,0
76.8,1.02932,0.09432,0,0,0,0,34,0,0
76.85,1.02932,0.09432,0,0,0,0,34,0,0
76.9,1.02932,0.09432,0,0,0,0,34,0,0
76.95,1.02932,0.09432,0,0,0,0,34,0,0
77,1.02932,0.09432,0,0,0,0,34,0,0
77.05,1.02932,0.09432,0,0,0,0,34,0,0
77.1,1.02932,0.09432,0,0,0,0,34,0,0
77.15,1.02932,0.09432,0,0,0,0,34,0,0
77.2,1.02932,0.09432,0,0,0,0,34,0,0
77.25,1.02932,0.09432,0,0,0,0,34,0,0
77.3,1.02932,0.09432,0,0,0,0,34,0,0
77.35,1.02932,0.09432,0,0,0,0,34,0,0
77.4,1.02932,0.09432,0,0,0,0,35,6,0
77.45,1.02932056008,0.0943205600836,4.45850636435e-05,4.45850636435e-05,0.00265293626447,0.00265293626447,35,6,0
77.5,1.02932878395,0.0943287839475,0.000347808528404,0.000347808528404,0.0102567339376,0.0102567339376,35,6,0
77.55,1.02936357002,0.0943635700241,0.00114388883725,0.00114388883725,0.0222783736786,0.0222783736786,35,6,0
77.6,1.02945486147,0.094454861472,0.00264040147876,0.00264040147876,0.0381854216447,0.0381854216447,35,6,0
77.65,1.02964231543,0.0946423154293,0.00501834850629,0.00501834850629,0.0574476490637,0.0574476490637,35,6,0
77.7,1.02997397779,0.094973977791,0.0084323104776,0.0084323104776,0.0795387088931,0.0795387088931,35,6,0
77.75,1.0305049677,0.0955049677015,0.0130106835771,0.0130106835771,0.103937865795,0.103937865795,35,6,0
77.8,1.03129617609,0.0962961760874,0.0188560044811,0.0188560044811,0.130131775107,0.130131775107,35,6,0
77.85,1.03241298268,0.0974129826752,0.0260453652955,0.0260453652955,0.157616305928,0.157616305928,35,6,0
77.9,1.03392399605,0.0989239960524,0.0346309206388,0.0346309206388,0.18589840287,0.18589840287,35,6,0
77.95,1.03589982142,0.100899821423,0.0446404886552,0.0446404886552,0.214497980447,0.214497980447,35,6,0
78,1.0384118608,0.103411860796,0.0560782474253,0.0560782474253,0.242949843472,0.242949843472,35,6,0
78.05,1.0415311504,0.106531150399,0.0689255278987,0.0689255278987,0.270805626257,0.270805626257,35,6,0
78.1,1.04532724017,0.110327240171,0.0831417040952,0.0831417040952,0.297635742799,0.297635742799,35,6,0
78.15,1.04986712021,0.114867120205,0.0986651809148,0.0986651809148,0.323031339534,0.323031339534,35,6,0
78.2,1.05521419902,0.120214199021,0.115414479465,0.115414479465,0.346606241676,0.346606241676,35,6,0
78.25,1.06142733853,0.126427338526,0.133289419345,0.133289419345,0.367998883516,0.367998883516,35,6,0
78.3,1.06855995051,0.133559950505,0.152172396833,0.152172396833,0.386874212523,0.386874212523,35,6,0
78.35,1.07665915937,0.14165915937,0.171929757399,0.171929757399,0.402925556495,0.402925556495,35,6,0
78.4,1.08576503587,0.150765035865,0.192413260423,0.192413260423,0.415876442445,0.415876442445,35,6,0
78.45,1.09590990625,0.160909906246,0.213461633397,0.213461633397,0.425482355402,0.425482355402,35,6,0
78.5,1.10711774135,0.172117741347,0.234902212316,0.234902212316,0.431532424754,0.431532424754,35,6,0
78.55,1.11940362974,0.184403629738,0.256552664303,0.256552664303,0.433851025324,0.433851025324,35,6,0
78.6,1.13277333897,0.197773338973,0.278222787885,0.278222787885,0.432299279856,0.432299279856,35,6,0
78.65,1.14722296869,0.212222968687,0.299716385637,0.299716385637,0.426776449243,0.426776449243,35,6,0
78.7,1.16273869901,0.227738699014,0.320833203247,0.320833203247,0.417221196389,0.417221196389,35,6,0
78.75,1.17929663748,0.244296637476,0.341370928309,0.341370928309,0.403612709308,0.403612709308,35,6,0
78.8,1.19686276716,0.261862767155,0.361127241447,0.361127241447,0.385971668776,0.385971668776,35,6,0
78.85,1.21539299856,0.280392998563,0.379901911629,0.379901911629,0.364361045632,0.364361045632,35,6,0
78.9,1.23483332719,0.299833327194,0.397498926769,0.397498926769,0.338886712655,0.338886712655,35,6,0
78.95,1.25512009829,0.320120098293,0.413728649978,0.413728649978,0.309697855876,0.309697855876,35,6,0
79,1.27618037986,0.341180379865,0.428409991039,0.428409991039,0.276987170144,0.276987170144,35,6,0
79.05,1.2979324444,0.362932444399,0.441372581969,0.441372581969,0.240990823845,0.240990823845,35,6,0
79.1,1.32028635924,0.385286359236,0.452458944715,0.452458944715,0.201988177812,0.201988177812,35,6,0
79.15,1.34314468485,0.408144684854,0.461526638355,0.461526638355,0.160301243689,0.160301243689,35,6,0
79.2,1.36640327973,0.431403279732,0.468450372401,0.468450372401,0.116293867379,0.116293867379,35,6,0
79.25,1.38995220973,0.454952209729,0.473124072103,0.473124072103,0.070370623602,0.070370623602,35,6,0
79.3,1.41367675923,0.478676759232,0.47546288099,0.47546288099,0.0229754081512,0.0229754081512,35,6,0
79.35,1.43745854054,0.502458540535,0.475405085187,0.475405085187,-0.0254102848976,-0.0254102848976,35,6,0
79.4,1.46117669715,0.526176697148,0.47291394347,0.47291394347,-0.0742694130249,-0.0742694130249,35,6,0
79.45,1.4847091959,0.549709195905,0.467979406423,0.467979406423,-0.123051773233,-0.123051773233,35,6,0
79.5,1.5079342019,0.5729342019,0.460619707526,0.460619707526,-0.171176738204,-0.171176738204,35,6,0
79.55,1.53073152942,0.595731529416,0.450882808543,0.450882808543,-0.218036349551,-0.218036349551,35,6,0
79.6,1.5529841611,0.617984161096,0.438847681162,0.438847681162,-0.262998775782,-0.262998775782,35,6,0
79.65,1.57457982672,0.639579826725,0.424625406487,0.424625406487,-0.305412141142,-0.305412141142,35,6,0
79.7,1.59541263205,0.660412632045,0.408360073712,0.408360073712,-0.344608729926,-0.344608729926,35,6,0
79.75,1.61538472709,0.680384727089,0.390229459132,0.390229459132,-0.37990956914,-0.37990956914,35,6,0
79.8,1.63440800258,0.699408002579,0.37044546654,0.37044546654,-0.410629390497,-0.410629390497,35,6,0
79.85,1.65240580198,0.717405801983,0.349254310055,0.349254310055,-0.436081970703,-0.436081970703,35,6,0
79.9,1.66931463589,0.734314635886,0.326936420539,0.326936420539,-0.455585846824,-0.455585846824,35,6,0
79.95,1.68508588438,0.750085884378,0.303806056985,0.303806056985,-0.468470401186,-0.468470401186,35,6,0
80,1.69968747225,0.764687472251,0.280210604577,0.280210604577,-0.474082307771,-0.474082307771,35,6,0
80.05,1.71310550091,0.778105500907,0.256529541615,0.256529541615,-0.471792329431,-0.471792329431,35,6,0
80.1,1.72534581995,0.790345819953,0.233173058079,0.233173058079,-0.461002452495,-0.461002452495,35,6,0
80.15,1.73643552069,0.801435520692,0.210580309365,0.210580309365,-0.441153342355,-0.441153342355,35,6,0
80.2,1.74642433284,0.811424332836,0.189217289616,0.189217289616,-0.411732100615,-0.411732100615,35,6,0
80.25,1.75538590508,0.820385905081,0.169574310119,0.169574310119,-0.372280301131,-0.372280301131,35,6,0
80.3,1.76341894945,0.828418949446,0.152163069464,0.152163069464,-0.322402278971,-0.322402278971,35,6,0
80.35,1.77064822866,0.835648228657,0.137513303542,0.137513303542,-0.261773642867,-0.261773642867,35,6,0
80.4,1.77722536532,0.842225365317,0.126169004999,0.126169004999,-0.190149978153,-0.190149978153,35,6,0
80.45,1.78329366643,0.848293666434,0.116513908198,0.116513908198,-0.1960455909,-0.1960455909,35,6,0
80.5,1.78887186498,0.853871864982,0.106565358701,0.106565358701,-0.201886426119,-0.201886426119,35,6,0
80.55,1.79394536098,0.85894536098,0.0963263468556,0.0963263468556,-0.207662375327,-0.207662375327,35,6,0
80.6,1.79849971672,0.863499716722,0.0858003758277,0.0858003758277,-0.213363035349,-0.213363035349,35,6,0
80.65,1.80252068278,0.867520682784,0.0749914761697,0.0749914761697,-0.218977715081,-0.218977715081,35,6,0
80.7,1.80599422476,0.870994224755,0.063904220029,0.063904220029,-0.224495443194,-0.224495443194,35,6,0
80.75,1.80890655066,0.873906550656,0.0525437349464,0.0525437349464,-0.229904976812,-0.229904976812,35,6,0
80.8,1.81124413905,0.876244139049,0.0409157171955,0.0409157171955,-0.235194811191,-0.235194811191,35,6,0
80.85,1.8129937678,0.877993767798,0.0290264446134,0.0290264446134,-0.240353190419,-0.240353190419,35,6,0
80.9,1.81414254345,0.879142543454,0.0168827888688,0.0168827888688,-0.245368119184,-0.245368119184,35,6,0
80.95,1.81467793124,0.879677931242,0.0044922271156,0.0044922271156,-0.250227375623,-0.250227375623,35,6,0
81,1.81458778561,0.879587785611,-0.00813714702353,-0.00813714702353,-0.254918525275,-0.254918525275,35,6,0
81.05,1.81386038132,0.878860381319,-0.0209966132002,-0.0209966132002,-0.259428936175,-0.259428936175,35,6,0
81.1,1.81248444501,0.877484445008,-0.0340768148658,-0.0340768148658,-0.263745795096,-0.263745795096,35,6,0
81.15,1.81044918723,0.875449187235,-0.0473677506397,-0.0473677506397,-0.267856124969,-0.267856124969,35,6,0
81.2,1.80774433491,0.872744334908,-0.0608587665767,-0.0608587665767,-0.271746803497,-0.271746803497,35,6,0
81.25,1.80436016409,0.869360164093,-0.0745385493967,-0.0745385493967,-0.275404582977,-0.275404582977,35,6,0
81.3,1.80028753312,0.865287533121,-0.0883951207349,-0.0883951207349,-0.278816111342,-0.278816111342,35,6,0
81.35,1.79551791597,0.860517915972,-0.102415832476,-0.102415832476,-0.28196795444,-0.28196795444,35,6,0
81.4,1.79004343585,0.855043435848,-0.116587363231,-0.116587363231,-0.284846619551,-0.284846619551,35,6,0
81.45,1.78385689891,0.848856898905,-0.130895716027,-0.130895716027,-0.287438580155,-0.287438580155,35,6,0
81.5,1.77695182806,0.841951828062,-0.145326217256,-0.145326217256,-0.289730301945,-0.289730301945,35,6,0
81.55,1.76932249683,0.83432249683,-0.159863516967,-0.159863516967,-0.291708270089,-0.291708270089,35,6,0
81.6,1.76096396309,0.825963963095,-0.174491590547,-0.174491590547,-0.293359017734,-0.293359017734,35,6,0
81.65,1.75187210278,0.816872102776,-0.189193741853,-0.189193741853,-0.294669155751,-0.294669155751,35,6,0
81.7,1.7420436433,0.807043643297,-0.203952607876,-0.203952607876,-0.295625403691,-0.295625403691,35,6,0
81.75,1.73147619677,0.796476196775,-0.218750164964,-0.218750164964,-0.29621462196,-0.29621462196,35,6,0
81.8,1.72016829287,0.785168292866,-0.233567736705,-0.233567736705,-0.29642384517,-0.29642384517,35,6,0
81.85,1.70811941117,0.773119411169,-0.248386003484,-0.248386003484,-0.296240316659,-0.296240316659,35,6,0
81.9,1.69533001311,0.760330013114,-0.263185013814,-0.263185013814,-0.295651524136,-0.295651524136,35,6,0
81.95,1.68180157323,0.74680157323,-0.277944197467,-0.277944197467,-0.294645236428,-0.294645236428,35,6,0
82,1.66753660972,0.732536609719,-0.292642380468,-0.292642380468,-0.293209541284,-0.293209541284,35,6,0
82.05,1.65253871423,0.717538714225,-0.307257802009,-0.307257802009,-0.291332884189,-0.291332884189,35,6,0
82.1,1.63681258072,0.701812580718,-0.321768133328,-0.321768133328,-0.289004108152,-0.289004108152,35,6,0
82.15,1.62036403337,0.685364033369,-0.336150498596,-0.336150498596,-0.28621249439,-0.28621249439,35,6,0
82.2,1.60320005335,0.668200053347,-0.350381497864,-0.350381497864,-0.282947803872,-0.282947803872,35,6,0
82.25,1.5853288044,0.650328804404,-0.364437232107,-0.364437232107,-0.279200319641,-0.279200319641,35,6,0
82.3,1.56675965716,0.631759657156,-0.378293330397,-0.378293330397,-0.274960889842,-0.274960889842,35,6,0
82.35,1.54750321196,0.61250321196,-0.391924979251,-0.391924979251,-0.270220971388,-0.270220971388,35,6,0
82.4,1.52757132025,0.592571320254,-0.405306954169,-0.405306954169,-0.264972674176,-0.264972674176,35,6,0
82.45,1.50697710428,0.571977104281,-0.418413653402,-0.418413653402,-0.259208805748,-0.259208805748,35,6,0
82.5,1.48573497506,0.550734975056,-0.431219133956,-0.431219133956,-0.25292291633,-0.25292291633,35,6,0
82.55,1.46386064848,0.528860648484,-0.443697149859,-0.443697149859,-0.246109344115,-0.246109344115,35,6,0
82.6,1.4413711595,0.506371159499,-0.455821192693,-0.455821192693,-0.238763260707,-0.238763260707,35,6,0
82.65,1.41828487414,0.483284874136,-0.467564534404,-0.467564534404,-0.230880716588,-0.230880716588,35,6,0
82.7,1.39462149938,0.459621499384,-0.478900272381,-0.478900272381,-0.222458686509,-0.222458686509,35,6,0
82.75,1.37040209075,0.435402090747,-0.489801376796,-0.489801376796,-0.213495114658,-0.213495114658,35,6,0
82.8,1.34564905737,0.410649057373,-0.500240740203,-0.500240740203,-0.203988959483,-0.203988959483,35,6,0
82.85,1.32038616465,0.385386164647,-0.51019122936,-0.51019122936,-0.193940238022,-0.193940238022,35,6,0
82.9,1.29463853414,0.359638534138,-0.519625739253,-0.519625739253,-0.183350069602,-0.183350069602,35,6,0
82.95,1.2684326408,0.333432640798,-0.528517249287,-0.528517249287,-0.172220718747,-0.172220718747,35,6,0
83,1.24179630728,0.306796307284,-0.536838881599,-0.536838881599,-0.160555637144,-0.160555637144,35,6,0
83.05,1.21475869533,0.279758695327,-0.544563961446,-0.544563961446,-0.148359504498,-0.148359504498,35,6,0
83.1,1.18735029402,0.252350294018,-0.551666079595,-0.551666079595,-0.135638268111,-0.135638268111,35,6,0
83.15,1.15960290494,0.224602904938,-0.558119156666,-0.558119156666,-0.122399181007,-0.122399181007,35,6,0
83.2,1.13154962402,0.196549624016,-0.563897509339,-0.563897509339,-0.108650838435,-0.108650838435,35,6,0
83.25,1.10322482003,0.168224820029,-0.568975918338,-0.568975918338,-0.094403212548,-0.094403212548,35,6,0
83.3,1.07466410967,0.139664109672,-0.573329698101,-0.573329698101,-0.0796676850946,-0.0796676850946,35,6,0
83.35,1.04590432909,0.110904329092,-0.576934768036,-0.576934768036,-0.0644570779097,-0.0644570779097,35,6,0
83.4,1.01698350183,0.0819835018314,-0.579767725234,-0.579767725234,-0.048785681026,-0.048785681026,35,6,0
83.45,0.987940803093,0.0529408030933,-0.58180591853,-0.58180591853,-0.0326692782004,-0.0326692782004,35,6,0
83.5,0.958816520281,0.0238165202811,-0.583027523771,-0.583027523771,-0.0161251696606,-0.0161251696606,35,6,0
83.55,0.929652009742,-0.00534799025798,-0.583411620146,-0.583411620146,0.000827808133403,0.000827808133403,35,6,0
83.6,0.900489649673,-0.0345103503271,-0.582938267421,-0.582938267421,0.0181692659122,0.0181692659122,35,6,0
83.65,0.871372789144,-0.0636272108557,-0.581588583934,-0.581588583934,0.0358772484096,0.0358772484096,35,6,0
83.7,0.84234569321,-0.0926543067897,-0.579344825137,-0.579344825137,0.0539282247682,0.0539282247682,35,6,0
83.75,0.81345348408,-0.12154651592,-0.57619046255,-0.57619046255,0.0722970827389,0.0722970827389,35,6,0
83.8,0.784742078337,-0.150257921663,-0.572110262882,-0.572110262882,0.0909571268782,0.0909571268782,35,6,0
83.85,0.7562581202,-0.1787418798,-0.567090367155,-0.567090367155,0.10988008094,0.10988008094,35,6,0
83.9,0.728048910836,-0.206951089164,-0.561118369592,-0.561118369592,0.129036094659,0.129036094659,35,6,0
83.95,0.700162333735,-0.234837666265,-0.554183396051,-0.554183396051,0.14839375512,0.14839375512,35,6,0
84,0.67264677618,-0.26235322382,-0.546276181777,-0.546276181777,0.167920102895,0.167920102895,35,6,0
84.05,0.645551046857,-0.289448953143,-0.53738914822,-0.53738914822,0.187580653134,0.187580653134,35,6,0
84.1,0.618924289645,-0.316075710355,-0.527516478674,-0.527516478674,0.207339421793,0.207339421793,35,6,0
84.15,0.592815893661,-0.342184106339,-0.516654192468,-0.516654192468,0.227158957145,0.227158957145,35,6,0
84.2,0.567275399644,-0.367724600356,-0.50480021745,-0.50480021745,0.247000376761,0.247000376761,35,6,0
84.25,0.542352402753,-0.392647597247,-0.491954460485,-0.491954460485,0.266823410085,0.266823410085,35,6,0
84.3,0.518096451901,-0.416903548099,-0.478118875671,-0.478118875671,0.286586446765,0.286586446765,35,6,0
84.35,0.494556945742,-0.440443054258,-0.463297530004,-0.463297530004,0.306246590853,0.306246590853,35,6,0
84.4,0.471783025445,-0.463216974555,-0.447496666174,-0.447496666174,0.325759720992,0.325759720992,35,6,0
84.45,0.4498234644,-0.4851765356,-0.430724762208,-0.430724762208,0.34508055669,0.34508055669,35,6,0
84.5,0.428726555037,-0.506273444963,-0.412992587638,-0.412992587638,0.364162730779,0.364162730779,35,6,0
84.55,0.408539992919,-0.526460007081,-0.394313255896,-0.394313255896,0.382958868107,0.382958868107,35,6,0
84.6,0.389310758327,-0.545689241673,-0.374702272613,-0.374702272613,0.401420670537,0.401420670537,35,6,0
84.65,0.37108499553,-0.56391500447,-0.354177579513,-0.354177579513,0.41949900827,0.41949900827,35,6,0
84.7,0.353907889984,-0.581092110016,-0.332759593577,-0.332759593577,0.437144017521,0.437144017521,35,6,0
84.75,0.33782354369,-0.59717645631,-0.310471241175,-0.310471241175,0.454305204535,0.454305204535,35,6,0
84.8,0.322874848989,-0.612125151011,-0.287337986827,-0.287337986827,0.470931555911,0.470931555911,35,6,0
84.85,0.309103361044,-0.625896638956,-0.263387856296,-0.263387856296,0.486971655193,0.486971655193,35,6,0
84.9,0.296549169332,-0.638450830668,-0.238651453703,-0.238651453703,0.502373805645,0.502373805645,35,6,0
84.95,0.285250768427,-0.649749231573,-0.213161972339,-0.213161972339,0.517086159121,0.517086159121,35,6,0
85,0.275244928406,-0.659755071594,-0.186955198888,-0.186955198888,0.531056850889,0.531056850889,35,6,0
85.05,0.266566565217,-0.668433434783,-0.160069510773,-0.160069510773,0.544234140271,0.544234140271,35,6,0
85.1,0.259248611359,-0.675751388641,-0.132545866308,-0.132545866308,0.556566556916,0.556566556916,35,6,0
85.15,0.253321887238,-0.681678112762,-0.10442778742,-0.10442778742,0.568003052489,0.568003052489,35,6,0
85.2,0.248814973575,-0.686185026425,-0.0757613346452,-0.0757613346452,0.578493157544,0.578493157544,35,6,0
85.25,0.245754085271,-0.689245914729,-0.0465950741574,-0.0465950741574,0.587987143319,0.587987143319,35,6,0
85.3,0.244162947119,-0.690837052881,-0.0169800365943,-0.0169800365943,0.596436188145,0.596436188145,35,6,0
85.35,0.244062671781,-0.690937328219,0.0130303325477,0.0130303325477,0.603792548134,0.603792548134,35,6,0
85.4,0.245471640471,-0.689528359529,0.0433802311525,0.0433802311525,0.610009731801,0.610009731801,35,6,0
85.45,0.248405386757,-0.686594613243,0.0740115675449,0.0740115675449,0.615042678215,0.615042678215,35,6,0
85.5,0.252876483952,-0.682123516048,0.104864036537,0.104864036537,0.618847938249,0.618847938249,35,6,0
85.55,0.258894436526,-0.676105563474,0.135875204606,0.135875204606,0.621383858479,0.621383858479,35,6,0
85.6,0.266465576013,-0.668534423987,0.166980604322,0.166980604322,0.622610767237,0.622610767237,35,6,0
85.65,0.275592961869,-0.659407038131,0.198113838124,0.198113838124,0.622491162298,0.622491162298,35,6,0
85.7,0.28627628776,-0.64872371224,0.229206691508,0.229206691508,0.620989899634,0.620989899634,35,6,0
85.75,0.298511793735,-0.636488206265,0.260189255662,0.260189255662,0.618074382665,0.618074382665,35,6,0
85.8,0.312292184779,-0.622707815221,0.290990059577,0.290990059577,0.61371475138,0.61371475138,35,6,0
85.85,0.3276065562,-0.6073934438,0.321536211581,0.321536211581,0.607884070675,0.607884070675,35,6,0
85.9,0.344440326332,-0.590559673668,0.351753550267,0.351753550267,0.600558517239,0.600558517239,35,6,0
85.95,0.362775177012,-0.572224822988,0.381566804714,0.381566804714,0.591717564284,0.591717564284,35,6,0
86,0.382589002305,-0.552410997695,0.410899763865,0.410899763865,0.581344163375,0.581344163375,35,6,0
86.05,0.403855865917,-0.531144134083,0.439675454925,0.439675454925,0.569424922613,0.569424922613,35,6,0
86.1,0.426545967752,-0.508454032248,0.467816330546,0.467816330546,0.555950280379,0.555950280379,35,6,0
86.15,0.450625620043,-0.484374379957,0.495244464579,0.495244464579,0.540914673846,0.540914673846,35,6,0
86.2,0.476057233481,-0.458942766519,0.521881756101,0.521881756101,0.524316701428,0.524316701428,35,6,0
86.25,0.50279931374,-0.43220068626,0.547650141396,0.547650141396,0.506159278317,0.506159278317,35,6,0
86.3,0.5308064688,-0.4041935312,0.572471813525,0.572471813525,0.486449784265,0.486449784265,35,6,0
86.35,0.560029427419,-0.374970572581,0.596269449068,0.596269449068,0.465200202733,0.465200202733,35,6,0
86.4,0.590415069125,-0.344584930875,0.618966441591,0.618966441591,0.442427250521,0.442427250521,35,6,0
86.45,0.621906466031,-0.313093533969,0.640487141341,0.640487141341,0.418152497001,0.418152497001,35,6,0
86.5,0.654442936778,-0.280557063222,0.660757100624,0.660757100624,0.392402472055,0.392402472055,35,6,0
86.55,0.687960112884,-0.247039887116,0.67970332427,0.67970332427,0.365208761834,0.365208761834,35,6,0
86.6,0.722390017724,-0.212609982276,0.697254524577,0.697254524577,0.336608091436,0.336608091436,35,6,0
86.65,0.757661158357,-0.177338841643,0.713341380033,0.713341380033,0.306642393635,0.306642393635,35,6,0
86.7,0.79369863037,-0.14130136963,0.727896797111,0.727896797111,0.275358862784,0.275358862784,35,6,0
86.75,0.830424235872,-0.104575764128,0.740856174372,0.740856174372,0.24280999304,0.24280999304,35,6,0
86.8,0.867756614734,-0.0672433852659,0.752157668067,0.752157668067,0.209053600067,0.209053600067,35,6,0
86.85,0.905611389128,-0.0293886108718,0.761742458398,0.761742458398,0.174152825416,0.174152825416,35,6,0
86.9,0.943901321379,0.00890132137911,0.769555015542,0.769555015542,0.138176122793,0.138176122793,35,6,0
86.95,0.982536485092,0.047536485092,0.775543364527,0.775543364527,0.101197225463,0.101197225463,35,6,0
87,1.02142444947,0.0864244494743,0.779659347989,0.779659347989,0.0632950940814,0.0632950940814,35,6,0
87.05,1.06047047672,0.125470476723,0.781858885815,0.781858885815,0.0245538442837,0.0245538442837,35,6,0
87.1,1.09957773229,0.164577732293,0.782102230649,0.782102230649,-0.0149373465898,-0.0149373465898,35,6,0
87.15,1.13864750782,0.203647507818,0.780354218203,0.780354218203,-0.0550843542001,-0.0550843542001,35,6,0
87.2,1.17757945639,0.242579456391,0.776584511276,0.776584511276,-0.0957882438562,-0.0957882438562,35,6,0
87.25,1.21627183987,0.281271839872,0.770767836399,0.770767836399,-0.136945429548,-0.136945429548,35,6,0
87.3,1.25462178781,0.319621787809,0.762884211942,0.762884211942,-0.178447855741,-0.178447855741,35,6,0
87.35,1.29252556754,0.35752556754,0.752919166575,0.752919166575,-0.220183202242,-0.220183202242,35,6,0
87.4,1.32987886494,0.394878864942,0.740863946887,0.740863946887,-0.26203511235,-0.26203511235,35,6,0
87.45,1.36657707527,0.431577075272,0.726715713023,0.726715713023,-0.303883444441,-0.303883444441,35,6,0
87.5,1.40251560346,0.467515603463,0.710477721149,0.710477721149,-0.345604547037,-0.345604547037,35,6,0
87.55,1.43759017319,0.502590173193,0.692159491584,0.692159491584,-0.387071557314,-0.387071557314,35,6,0
87.6,1.47169714397,0.53669714397,0.671776961414,0.671776961414,-0.42815472291,-0.42815472291,35,6,0
87.65,1.50473383545,0.569733835447,0.649352620444,0.649352620444,-0.468721746795,-0.468721746795,35,6,0
87.7,1.53659885808,0.601598858083,0.624915629337,0.624915629337,-0.508638154842,-0.508638154842,35,6,0
87.75,1.56719244925,0.63219244925,0.598501918815,0.598501918815,-0.547767685658,-0.547767685658,35,6,0
87.8,1.5964168138,0.661416813801,0.570154268819,0.570154268819,-0.585972702075,-0.585972702075,35,6,0
87.85,1.62417646807,0.689176468069,0.539922366581,0.539922366581,-0.623114623639,-0.623114623639,35,6,0
87.9,1.65037858623,0.71537858623,0.507862842543,0.507862842543,-0.659054379257,-0.659054379257,35,6,0
87.95,1.67493334788,0.739933347875,0.474039283179,0.474039283179,-0.693652879088,-0.693652879088,35,6,0
88,1.69775428564,0.76275428564,0.438522219749,0.438522219749,-0.726771504608,-0.726771504608,35,6,0
88.05,1.71875863164,0.783758631641,0.401389092126,0.401389092126,-0.758272615664,-0.758272615664,35,6,0
88.1,1.73786766147,0.802867661469,0.362724186872,0.362724186872,-0.788020073209,-0.788020073209,35,6,0
88.15,1.75500703442,0.820007034423,0.322618548816,0.322618548816,-0.81587977627,-0.81587977627,35,6,0
88.2,1.77010712865,0.83510712865,0.281169865456,0.281169865456,-0.841720211586,-0.841720211586,35,6,0
88.25,1.78310336981,0.84810336981,0.238482323601,0.238482323601,-0.865413014211,-0.865413014211,35,6,0
88.3,1.79393655187,0.85893655187,0.194666437747,0.194666437747,-0.886833537278,-0.886833537278,35,6,0
88.35,1.8025531486,0.867553148604,0.149838849772,0.149838849772,-0.90586142895,-0.90586142895,35,6,0
88.4,1.80890561434,0.873905614343,0.104122099654,0.104122099654,-0.922381214527,-0.922381214527,35,6,0
88.45,1.81295267255,0.877952672551,0.05764436699,0.05764436699,-0.936282881489,-0.936282881489,35,6,0
88.5,1.81465959073,0.879659590725,0.0105391832442,0.0105391832442,-0.947462465206,-0.947462465206,35,6,0
88.55,1.81399844019,0.87899844019,-0.0370548852565,-0.0370548852565,-0.955822632894,-0.955822632894,35,6,0
88.6,1.81094833931,0.875948339307,-0.0849945834321,-0.0849945834321,-0.961273263314,-0.961273263314,35,6,0
88.65,1.80549567866,0.870495678659,-0.133132342381,-0.133132342381,-0.963732019606,-0.963732019606,35,6,0
88.7,1.79763432678,0.862634326777,-0.181316682726,-0.181316682726,-0.963124912574,-0.963124912574,35,6,0
88.75,1.78736581499,0.852365814994,-0.229392645831,-0.229392645831,-0.959386851635,-0.959386851635,35,6,0
88.8,1.77469950006,0.839699500063,-0.277202252191,-0.277202252191,-0.952462180607,-0.952462180607,35,6,0
88.85,1.75965270319,0.824652703187,-0.324584986182,-0.324584986182,-0.942305195409,-0.942305195409,35,6,0
88.9,1.74225082418,0.807250824181,-0.371378306171,-0.371378306171,-0.928880640733,-0.928880640733,35,6,0
88.95,1.7225274295,0.787527429504,-0.417418178882,-0.417418178882,-0.912164182688,-0.912164182688,35,6,0
89,1.70052431301,0.765524313008,-0.462539636721,-0.462539636721,-0.892142854393,-0.892142854393,35,6,0
89.05,1.67629152826,0.741291528265,-0.506577356651,-0.506577356651,-0.868815471484,-0.868815471484,35,6,0
89.1,1.64988739145,0.714887391446,-0.549366259015,-0.549366259015,-0.842193014501,-0.842193014501,35,6,0
89.15,1.62137845381,0.686378453805,-0.590742124604,-0.590742124604,-0.812298975135,-0.812298975135,35,6,0
89.2,1.59083944288,0.655839442877,-0.63054222805,-0.63054222805,-0.779169663344,-0.779169663344,35,6,0
89.25,1.55835317165,0.623353171655,-0.668605985558,-0.668605985558,-0.742854472402,-0.742854472402,35,6,0
89.3,1.52401041505,0.589010415055,-0.704775614759,-0.704775614759,-0.703416098982,-0.703416098982,35,6,0
89.35,1.48790975314,0.552909753142,-0.738896804398,-0.738896804398,-0.660930715494,-0.660930715494,35,6,0
89.4,1.45015738068,0.515157380676,-0.770819391379,-0.770819391379,-0.615488091963,-0.615488091963,35,6,0
89.45,1.41086688266,0.475866882664,-0.800398042597,-0.800398042597,-0.567191664856,-0.567191664856,35,6,0
89.5,1.37015897578,0.435158975775,-0.827492938829,-0.827492938829,-0.516158550418,-0.516158550418,35,6,0
89.55,1.32816121556,0.393161215555,-0.851970457855,-0.851970457855,-0.462519500192,-0.462519500192,35,6,0
89.6,1.28500766957,0.350007669568,-0.873703853864,-0.873703853864,-0.406418796623,-0.406418796623,35,6,0
89.65,1.24083855673,0.305838556728,-0.892573930111,-0.892573930111,-0.348014086772,-0.348014086772,35,6,0
89.7,1.19579985323,0.260799853226,-0.908469701662,-0.908469701662,-0.287476152434,-0.287476152434,35,6,0
89.75,1.15004286564,0.215042865641,-0.921289045035,-0.921289045035,-0.224988615143,-0.224988615143,35,6,0
89.8,1.10372377196,0.168723771956,-0.930939331427,-0.930939331427,-0.160747574804,-0.160747574804,35,6,0
89.85,1.0570031314,0.122003131404,-0.937338040201,-0.937338040201,-0.0949611809654,-0.0949611809654,35,6,0
89.9,1.01004536419,0.0750453641906,-0.940413349229,-0.940413349229,-0.027849136007,-0.027849136007,35,6,0
89.95,0.963018202362,0.0280182023624,-0.940104698692,-0.940104698692,0.0403578701577,0.0403578701577,35,6,0
90,0.91609211321,-0.0189078867903,-0.936363324886,-0.936363324886,0.109418793978,0.109418793978,35,6,0
90.05,0.869439696806,-0.065560303194,-0.929152760643,-0.929152760643,0.179082940521,0.179082940521,35,6,0
90.1,0.82323505943,-0.11176494057,-0.91844929892,-0.91844929892,0.249090733514,0.249090733514,35,6,0
90.15,0.777653164802,-0.157346835198,-0.904242416224,-0.904242416224,0.319174552241,0.319174552241,35,6,0
90.2,0.732869165215,-0.202130834785,-0.886535152544,-0.886535152544,0.389059633986,0.389059633986,35,6,0
90.25,0.689057714834,-0.245942285166,-0.865344444552,-0.865344444552,0.458465040335,0.458465040335,35,6,0
90.3,0.646392267563,-0.288607732437,-0.840701408941,-0.840701408941,0.527104685273,0.527104685273,35,6,0
90.35,0.605044362054,-0.329955637946,-0.812651572861,-0.812651572861,0.594688422589,0.594688422589,35,6,0
90.4,0.565182896585,-0.369817103415,-0.78125504856,-0.78125504856,0.660923189715,0.660923189715,35,6,0
90.45,0.526973396647,-0.408026603353,-0.746586649493,-0.746586649493,0.725514204716,0.725514204716,35,6,0
90.5,0.490577278252,-0.444422721748,-0.708735945324,-0.708735945324,0.788166212737,0.788166212737,35,6,0
90.55,0.456151110066,-0.478848889934,-0.667807253461,-0.667807253461,0.848584777801,0.848584777801,35,6,0
90.6,0.423845877594,-0.511154122406,-0.623919564954,-0.623919564954,0.906477615444,0.906477615444,35,6,0
90.65,0.393806252758,-0.541193747242,-0.577206402845,-0.577206402845,0.96155596129,0.96155596129,35,6,0
90.7,0.366169872272,-0.568830127728,-0.527815611297,-0.527815611297,1.01353597024,1.01353597024,35,6,0
90.75,0.34106662833,-0.59393337167,-0.475909074122,-0.475909074122,1.06214014061,1.06214014061,35,6,0
90.8,0.318617975154,-0.616382024846,-0.421662361601,-0.421662361601,1.10709875712,1.10709875712,35,6,0
90.85,0.298936255003,-0.636063744997,-0.365264304811,-0.365264304811,1.14815134639,1.14815134639,35,6,0
90.9,0.2821240473,-0.6528759527,-0.306916497013,-0.306916497013,1.1850481381,1.1850481381,35,6,0
90.95,0.268273544508,-0.666726455492,-0.246832721982,-0.246832721982,1.21755152481,1.21755152481,35,6,0
91,0.257465958413,-0.677534041587,-0.185238309534,-0.185238309534,1.24543751308,1.24543751308,35,6,0
91.05,0.249770960441,-0.685229039559,-0.122369418873,-0.122369418873,1.26849715817,1.26849715817,35,6,0
91.1,0.24524615959,-0.68975384041,-0.0584722507732,-0.0584722507732,1.28653797465,1.28653797465,35,6,0
91.15,0.243936621501,-0.691063378499,0.0061978099938,0.0061978099938,1.29938531463,1.29938531463,35,6,0
91.2,0.245874432121,-0.689125567879,0.0713771201659,0.0713771201659,1.30688370555,1.30688370555,35,6,0
91.25,0.251078309288,-0.683921690712,0.136794769201,0.136794769201,1.30889813906,1.30889813906,35,6,0
91.3,0.259553265466,-0.675446734534,0.202173633534,0.202173633534,1.30531530262,1.30531530262,35,6,0
91.35,0.271290324709,-0.663709675291,0.267231490802,0.267231490802,1.29604474524,1.29604474524,35,6,0
91.4,0.28626629676,-0.64873370324,0.331682190535,0.331682190535,1.2810199689,1.2810199689,35,6,0
91.45,0.304443611014,-0.630556388986,0.395236877385,0.395236877385,1.26019943725,1.26019943725,35,6,0
91.5,0.325770212872,-0.609229787128,0.457605262545,0.457605262545,1.23356749311,1.23356749311,35,6,0
91.55,0.350179524766,-0.584820475234,0.51849693859,0.51849693859,1.20113517666,1.20113517666,35,6,0
91.6,0.377590473909,-0.557409526091,0.577622732581,0.577622732581,1.16294093631,1.16294093631,35,6,0
91.65,0.40790758854,-0.52709241146,0.634696091865,0.634696091865,1.11905122436,1.11905122436,35,6,0
91.7,0.441021164151,-0.493978835849,0.689434496628,0.689434496628,1.0695609703,1.0695609703,35,6,0
91.75,0.476807500888,-0.458192499112,0.741560892893,0.741560892893,1.01459392431,1.01459392431,35,6,0
91.8,0.515129212962,-0.419870787038,0.790805139325,0.790805139325,0.954302864657,0.954302864657,35,6,0
91.85,0.555835610616,-0.379164389384,0.836905460858,0.836905460858,0.888869662554,0.888869662554,35,6,0
91.9,0.598763154781,-0.336236845219,0.879609901895,0.879609901895,0.818505199079,0.818505199079,35,6,0
91.95,0.643735984229,-0.291264015771,0.918677771545,0.918677771545,0.743449128966,0.743449128966,35,6,0
92,0.690566514632,-0.244433485368,0.953881073125,0.953881073125,0.663969487003,0.663969487003,35,6,0
92.05,0.73905610853,-0.19594389147,0.985005909979,0.985005909979,0.580362133318,0.580362133318,35,6,0
92.1,0.788995814833,-0.146004185167,1.01185385946,1.01185385946,0.492950034688,0.492950034688,35,6,0
92.15,0.840167176052,-0.0948328239479,1.03424330685,1.03424330685,0.402082379768,0.402082379768,35,6,0
92.2,0.892343101055,-0.0426568989448,1.05201073083,1.05201073083,0.308133527018,0.308133527018,35,6,0
92.25,0.945288800705,0.0102888007053,1.06501193218,1.06501193218,0.211501785004,0.211501785004,35,6,0
92.3,0.998762783345,0.0637627833452,1.07312319735,1.07312319735,0.112608025722,0.112608025722,35,6,0
92.35,1.05251790665,0.117517906654,1.07624238846,1.07624238846,0.011894132531,0.011894132531,35,6,0
92.4,1.106302482,0.171302481996,1.07428995168,1.07428995168,-0.090178714644,-0.090178714644,35,6,0
92.45,1.15986142699,0.224861426985,1.06720983591,1.06720983591,-0.19313191316,-0.19313191316,35,6,0
92.5,1.21293746156,0.277937461563,1.05497031378,1.05497031378,-0.2964714658,-0.2964714658,35,6,0
92.55,1.26527234254,0.330272342542,1.03756469762,1.03756469762,-0.399690157353,-0.399690157353,35,6,0
92.6,1.31660813116,0.381608131159,1.01501194295,1.01501194295,-0.502269872679,-0.502269872679,35,6,0
92.65,1.36668848785,0.431688487855,0.987357132743,0.987357132743,-0.603684048189,-0.603684048189,35,6,0
92.7,1.41525998814,0.480259988141,0.954671835956,0.954671835956,-0.703400247566,-0.703400247566,35,6,0
92.75,1.46207345314,0.527073453137,0.917054334355,0.917054334355,-0.800882851448,-0.800882851448,35,6,0
92.8,1.50688528803,0.571885288031,0.874629712284,0.874629712284,-0.895595849705,-0.895595849705,35,6,0
92.85,1.54945882151,0.614458821509,0.827549804477,0.827549804477,-0.98700572389,-0.98700572389,35,6,0
92.9,1.58956563893,0.65456563893,0.775992997793,0.775992997793,-1.0745844064,-1.0745844064,35,6,0
92.95,1.62698690187,0.691986901869,0.720163883363,0.720163883363,-1.15781230188,-1.15781230188,35,6,0
93,1.66151464646,0.726514646464,0.660292756434,0.660292756434,-1.23618135552,-1.23618135552,35,6,0
93.05,1.69295305291,0.757953052909,0.596634961963,0.596634961963,-1.30919815183,-1.30919815183,35,6,0
93.1,1.72111967834,0.786119678343,0.529470084861,0.529470084861,-1.37638702699,-1.37638702699,35,6,0
93.15,1.74584664536,0.810846645359,0.459100984661,0.459100984661,-1.43729317664,-1.43729317664,35,6,0
93.2,1.76698177838,0.831981778379,0.385852675285,0.385852675285,-1.4914857408,-1.4914857408,35,6,0
93.25,1.78438968016,0.849389680162,0.310071051541,0.310071051541,-1.53856084661,-1.53856084661,35,6,0
93.3,1.79795274087,0.862952740873,0.232121464941,0.232121464941,-1.57814458937,-1.57814458937,35,6,0
93.35,1.80757207223,0.872572072231,0.15238715243,0.15238715243,-1.60989593187,-1.60989593187,35,6,0
93.4,1.81316835953,0.878168359529,0.0712675226077,0.0712675226077,-1.63350950171,-1.63350950171,35,6,0
93.45,1.8146826245,0.8796826245,-0.0108236949326,-0.0108236949326,-1.6487182661,-1.6487182661,35,6,0
93.5,1.81207689237,0.877076892374,-0.0934604305243,-0.0934604305243,-1.6552960639,-1.6552960639,35,6,0
93.55,1.80533475679,0.870334756788,-0.176206377949,-0.176206377949,-1.6530599743,-1.6530599743,35,6,0
93.6,1.79446183663,0.859461836632,-0.258617211894,-0.258617211894,-1.64187250222,-1.64187250222,35,6,0
93.65,1.77948611937,0.844486119373,-0.340242909679,-0.340242909679,-1.62164356052,-1.62164356052,35,6,0
93.7,1.7604581859,0.825458185904,-0.420630166623,-0.420630166623,-1.59233223005,-1.59233223005,35,6,0
93.75,1.73745131253,0.802451312532,-0.499324893458,-0.499324893458,-1.55394827871,-1.55394827871,35,6,0
93.8,1.71056144629,0.775561446286,-0.575874783313,-0.575874783313,-1.50655342213,-1.50655342213,35,6,0
93.85,1.67990705043,0.744907050431,-0.649831934915,-0.649831934915,-1.450262309,-1.450262309,35,6,0
93.9,1.6456288177,0.710628817696,-0.720755517846,-0.720755517846,-1.38524321561,-1.38524321561,35,6,0
93.95,1.6078892495,0.672889249504,-0.788214464955,-0.788214464955,-1.31171843516,-1.31171843516,35,6,0
94,1.56687210022,0.631872100223,-0.85179017634,-0.85179017634,-1.2299643491,-1.2299643491,35,6,0
94.05,1.52278168627,0.58778168627,-0.911079218701,-0.911079218701,-1.14031116905,-1.14031116905,35,6,0
94.1,1.4758420607,0.540842060699,-0.965696003353,-0.965696003353,-1.04314233988,-1.04314233988,35,6,0
94.15,1.42629605479,0.491296054792,-1.01527542576,-1.01527542576,-0.938893595949,-0.938893595949,35,6,0
94.2,1.37440418899,0.439404188991,-1.05947544906,-1.05947544906,-0.828051665122,-0.828051665122,35,6,0
94.25,1.32044345642,0.385443456419,-1.09797961399,-1.09797961399,-0.711152616573,-0.711152616573,35,6,0
94.3,1.26470598313,0.329705983133,-1.1304994571,-1.1304994571,-0.588779851185,-0.588779851185,35,6,0
94.35,1.20749757011,0.272497570107,-1.15677681977,-1.15677681977,-0.461561735322,-0.461561735322,35,6,0
94.4,1.14913612289,0.214136122889,-1.17658602988,-1.17658602988,-0.330168881343,-0.330168881343,35,6,0
94.45,1.0899499757,0.154949975704,-1.1897359389,-1.1897359389,-0.195311080611,-0.195311080611,35,6,0
94.5,1.03027611769,0.0952761176902,-1.19607179708,-1.19607179708,-0.0577338973602,-0.0577338973602,35,6,0
94.55,0.970458329762,0.0354583297621,-1.19547695007,-1.19547695007,0.0817850656452,0.0817850656452,35,6,0
94.6,0.91084524145,-0.0241547585495,-1.1878743409,-1.1878743409,0.222440216101,0.222440216101,35,6,0
94.65,0.851788317826,-0.0832116821739,-1.17322780199,-1.17322780199,0.363402319592,0.363402319592,35,6,0
94.7,0.793639787378,-0.141360212622,-1.15154312269,-1.15154312269,0.503823126623,0.503823126623,35,6,0
94.75,0.736750522408,-0.198249477592,-1.12286887891,-1.12286887891,0.642840257808,0.642840257808,35,6,0
94.8,0.681467884149,-0.253532115851,-1.08729701261,-1.08729701261,0.779582323195,0.779582323195,35,6,0
94.85,0.628133545401,-0.306866454599,-1.04496314991,-1.04496314991,0.913174249231,0.913174249231,35,6,0
94.9,0.577081303991,-0.357918696009,-0.996046648346,-0.996046648346,1.04274278442,1.04274278442,35,6,0
94.95,0.528634900828,-0.406365099172,-0.940770364943,-0.940770364943,1.16742215247,1.16742215247,35,6,0
95,0.48310585666,-0.45189414334,-0.879400138717,-0.879400138717,1.2863598195,1.2863598195,35,6,0
95.05,0.440791341958,-0.494208658042,-0.812243982645,-0.812243982645,1.39872233987,1.39872233987,35,6,0
95.1,0.401972094531,-0.533027905469,-0.73965098216,-0.73965098216,1.50370124344,1.50370124344,35,6,0
95.15,0.366910399575,-0.568089600425,-0.662009899069,-0.662009899069,1.60051892515,1.60051892515,35,6,0
95.2,0.335848146883,-0.599151853117,-0.579747481759,-0.579747481759,1.68843449678,1.68843449678,35,6,0
95.25,0.309004979826,-0.625995020174,-0.493326484635,-0.493326484635,1.76674955906,1.76674955906,35,6,0
95.3,0.28657655053,-0.64842344947,-0.403243401818,-0.403243401818,1.83481385178,1.83481385178,35,6,0
95.35,0.268732895373,-0.666267104627,-0.310025922293,-0.310025922293,1.89203073866,1.89203073866,35,6,0
95.4,0.255616944492,-0.679383055508,-0.214230115855,-0.214230115855,1.93786248328,1.93786248328,35,6,0
95.45,0.247343178489,-0.687656821511,-0.116437361383,-0.116437361383,1.97183527252,1.97183527252,35,6,0
95.5,0.24399644488,-0.69100355512,-0.0172510311673,-0.0172510311673,1.99354394405,1.99354394405,35,6,0
95.55,0.245630946112,-0.689369053888,0.0827070528447,0.0827070528447,2.00265637486,2.00265637486,35,6,0
95.6,0.252269410083,-0.682730589917,0.182800372883,0.182800372883,1.99891748914,1.99891748914,35,6,0
95.65,0.263902453204,-0.671097546796,0.282381659211,0.282381659211,1.98215284452,1.98215284452,35,6,0
95.7,0.280488144943,-0.654511855057,0.380797001939,0.380797001939,1.95227175782,1.95227175782,35,6,0
95.75,0.301951781668,-0.633048218332,0.477390106832,0.477390106832,1.90926993309,1.90926993309,35,6,0
95.8,0.328185876338,-0.606814123662,0.571506669347,0.571506669347,1.85323155713,1.85323155713,35,6,0
95.85,0.359050369297,-0.575949630703,0.662498839465,0.662498839465,1.78433083058,1.78433083058,35,6,0
95.9,0.394373063965,-0.540626936035,0.749729748344,0.749729748344,1.70283290524,1.70283290524,35,6,0
95.95,0.433950289785,-0.501049710215,0.83257806646,0.83257806646,1.60909420228,1.60909420228,35,6,0
96,0.477547793212,-0.457452206788,0.910442561709,0.910442561709,1.503562089,1.503562089,35,6,0
96.05,0.524901855925,-0.410098144075,0.982746624936,0.982746624936,1.38677389658,1.38677389658,35,6,0
96.1,0.575720637808,-0.359279362192,1.04894272957,1.04894272957,1.25935526477,1.25935526477,35,6,0
96.15,0.629685740565,-0.305314259435,1.10851679148,1.10851679148,1.12201780481,1.12201780481,35,6,0
96.2,0.686453986119,-0.248546013881,1.16099239484,1.16099239484,0.975556076167,0.975556076167,35,6,0
96.25,0.745659402235,-0.189340597765,1.20593484964,1.20593484964,0.820843877971,0.820843877971,35,6,0
96.3,0.806915406106,-0.128084593894,1.24295504684,1.24295504684,0.658829861246,0.658829861246,35,6,0
96.35,0.869817174926,-0.0651828250745,1.27171307727,1.27171307727,0.490532473435,0.490532473435,35,6,0
96.4,0.93394419082,-0.00105580918046,1.2919215815,1.2919215815,0.317034252191,0.317034252191,35,6,0
96.45,0.998862945868,0.0638629458681,1.30334879855,1.30334879855,0.139475491081,0.139475491081,35,6,0
96.5,1.0641297914,0.129129791396,1.30582128276,1.30582128276,-0.0409526945748,-0.0409526945748,35,6,0
96.55,1.1292939142,0.194293914196,1.29922625966,1.29922625966,-0.223015867831,-0.223015867831,35,6,0
96.6,1.19390042095,0.258900420952,1.28351359348,1.28351359348,-0.405444296765,-0.405444296765,35,6,0
96.65,1.25749351079,0.322493510793,1.2586973411,1.2586973411,-0.586941462694,-0.586941462694,35,6,0
96.7,1.31961971473,0.384619714728,1.2248568696,1.2248568696,-0.766192999719,-0.766192999719,35,6,0
96.75,1.37983117962,0.444831179617,1.18213751716,1.18213751716,-0.941876010167,-0.941876010167,35,6,0
96.8,1.43768897341,0.502688973413,1.13075078008,1.13075078008,-1.1126686957,-1.1126686957,35,6,0
96.85,1.49276638759,0.557766387593,1.07097401164,1.07097401164,-1.27726023921,-1.27726023921,35,6,0
96.9,1.54465221211,0.609652212108,1.00314962207,1.00314962207,-1.43436086844,-1.43436086844,35,6,0
96.95,1.59295395769,0.657953957689,0.927683772301,0.927683772301,-1.58271202843,-1.58271202843,35,6,0
97,1.63730100011,0.702301000111,0.845044557925,0.845044557925,-1.72109658659,-1.72109658659,35,6,0
97.05,1.67734762091,0.742347620908,0.75575968378,0.75575968378,-1.84834899104,-1.84834899104,35,6,0
97.1,1.71277591916,0.777775919159,0.660413633431,0.660413633431,-1.9633653011,-1.9633653011,35,6,0
97.15,1.74329856929,0.808298569292,0.559644342084,0.559644342084,-2.06511300632,-2.06511300632,35,6,0
97.2,1.76866140038,0.833661400383,0.454139385577,0.454139385577,-2.15264054996,-2.15264054996,35,6,0
97.25,1.78864577313,0.853645773133,0.344631702358,0.344631702358,-2.22508647204,-2.22508647204,35,6,0
97.3,1.80307073171,0.868070731715,0.231894869587,0.231894869587,-2.28168808725,-2.28168808725,35,6,0
97.35,1.81179490879,0.876794908789,0.116737958708,0.116737958708,-2.3217896142,-2.3217896142,35,6,0
97.4,1.8147181634,0.879718163397,-1.33038573868e-15,-1.33038573868e-15,-2.34484967395,-2.34484967395,35,6,0
97.45,1.81178293299,0.876782932992,-0.117455910377,-0.117455910377,-2.35044807823,-2.35044807823,35,6,0
97.5,1.80297528266,0.867975282655,-0.234748823384,-0.234748823384,-2.33829183104,-2.33829183104,35,6,0
97.55,1.78832563652,0.853325636522,-0.350986429008,-0.350986429008,-2.30822027112,-2.30822027112,35,6,0
97.6,1.76790917855,0.832909178548,-0.46527178238,-0.46527178238,-2.26020928762,-2.26020928762,35,6,0
97.65,1.74184591212,0.806845912119,-0.576710216209,-0.576710216209,-2.19437454676,-2.19437454676,35,6,0
97.7,1.71030037042,0.775300370424,-0.684416388635,-0.684416388635,-2.11097367331,-2.11097367331,35,6,0
97.75,1.67348097218,0.738480972176,-0.787521412988,-0.787521412988,-2.01040733793,-2.01040733793,35,6,0
97.8,1.63163901993,0.696639019934,-0.885180013684,-0.885180013684,-1.8932192087,-1.8932192087,35,6,0
97.85,1.5850673412,0.650067341197,-0.976577650585,-0.976577650585,-1.76009473355,-1.76009473355,35,6,0
97.9,1.53409857528,0.599098575276,-1.06093755272,-1.06093755272,-1.61185872918,-1.61185872918,35,6,0
97.95,1.47910311202,0.544103112015,-1.1375276013,-1.1375276013,-1.44947176125,-1.44947176125,35,6,0
98,1.42048669138,0.485486691379,-1.20566700135,-1.20566700135,-1.27402531055,-1.27402531055,35,6,0
98.05,1.35868767601,0.423687676012,-1.26473268143,-1.26473268143,-1.08673573023,-1.08673573023,35,6,0
98.1,1.29417401186,0.359174011863,-1.31416536127,-1.31416536127,-0.888937009421,-0.888937009421,35,6,0
98.15,1.22743989496,0.292439894963,-1.35347522826,-1.35347522826,-0.682072369706,-0.682072369706,35,6,0
98.2,1.15900216536,0.22400216536,-1.38224716538,-1.38224716538,-0.467684731807,-0.467684731807,35,6,0
98.25,1.08939645203,0.154396452025,-1.40014547514,-1.40014547514,-0.247406100754,-0.247406100754,35,6,0
98.3,1.01917309527,0.0841730952696,-1.40691804702,-1.40691804702,-0.0229459290552,-0.0229459290552,35,6,0
98.35,0.948892875734,0.013892875734,-1.40239991895,-1.40239991895,0.203921471876,0.203921471876,35,6,0
98.4,0.879122581416,-0.0558774185844,-1.38651618717,-1.38651618717,0.431370391049,0.431370391049,35,6,0
98.45,0.810430446359,-0.124569553641,-1.35928422334,-1.35928422334,0.657537956685,0.657537956685,35,6,0
98.5,0.743381496583,-0.191618503417,-1.3208151622,-1.3208151622,0.880539053308,0.880539053308,35,6,0
98.55,0.678532840525,-0.256467159475,-1.27131462881,-1.27131462881,1.09848180666,1.09848180666,35,6,0
98.6,0.616428942667,-0.318571057333,-1.2110826797,-1.2110826797,1.30948351729,1.30948351729,35,6,0
98.65,0.557596920186,-0.377403079814,-1.14051293887,-1.14051293887,1.51168691588,1.51168691588,35,6,0
98.7,0.502541903196,-0.432458096804,-1.06009091568,-1.06009091568,1.70327660624,1.70327660624,35,6,0
98.75,0.451742499706,-0.483257500294,-0.970391498805,-0.970391498805,1.88249555598,1.88249555598,35,6,0
98.8,0.405646406446,-0.529353593554,-0.872075627538,-0.872075627538,2.0476614899,2.0476614899,35,6,0
98.85,0.364666206552,-0.570333793448,-0.765886148878,-0.765886148878,2.19718303735,2.19718303735,35,6,0
98.9,0.329175394419,-0.605824605581,-0.65264287659,-0.65264287659,2.32957548216,2.32957548216,35,6,0
98.95,0.299504667077,-0.635495332923,-0.533236875873,-0.533236875873,2.44347596272,2.44347596272,35,6,0
99,0.275938520062,-0.659061479938,-0.408624004943,-0.408624004943,2.53765796966,2.53765796966,35,6,0
99.05,0.258712183987,-0.676287816013,-0.279817752443,-0.279817752443,2.61104499035,2.61104499035,35,6,0
99.1,0.248008935894,-0.686991064106,-0.147881417048,-0.147881417048,2.66272315239,2.66272315239,35,6,0
99.15,0.24395781697,-0.69104218303,-0.0139196829119,-0.0139196829119,2.69195272278,2.69195272278,35,6,0
99.2,0.246631785345,-0.688368214655,0.120930348354,0.120930348354,2.69817832545,2.69817832545,35,6,0
99.25,0.256046329489,-0.678953670511,0.255508601827,0.255508601827,2.68103774755,2.68103774755,35,6,0
99.3,0.272158564196,-0.662841435804,0.388641875913,0.388641875913,2.64036921379,2.64036921379,35,6,0
99.35,0.294866827319,-0.640133172681,0.519154012082,0.519154012082,2.57621701858,2.57621701858,35,6,0
99.4,0.324010791317,-0.610989208683,0.645876303094,0.645876303094,2.48883541792,2.48883541792,35,6,0
99.45,0.359372099331,-0.575627900669,0.7676580505,0.7676580505,2.37869069586,2.37869069586,35,6,0
99.5,0.400675530923,-0.534324469077,0.883377178344,0.883377178344,2.24646133547,2.24646133547,35,6,0
99.55,0.447590697921,-0.487409302079,0.991950806846,0.991950806846,2.0930362394,2.0930362394,35,6,0
99.6,0.499734265884,-0.435265734116,1.09234568754,1.09234568754,1.91951096243,1.91951096243,35,6,0
99.65,0.556672691792,-0.378327308208,1.18358839986,1.18358839986,1.72718193602,1.72718193602,35,6,0
99.7,0.617925463497,-0.317074536503,1.26477520873,1.26477520873,1.5175386834,1.5175386834,35,6,0
99.75,0.682968821499,-0.252031178501,1.33508148295,1.33508148295,1.29225404306,1.29225404306,35,6,0
99.8,0.751239938592,-0.183760061408,1.39377057576,1.39377057576,1.05317243836,1.05317243836,35,6,0
99.85,0.822141528091,-0.112858471909,1.44020207112,1.44020207112,0.802296250838,0.802296250838,35,6,0
99.9,0.895046846557,-0.0399531534433,1.47383930296,1.47383930296,0.541770375163,0.541770375163,35,6,0
99.95,0.969305052464,0.0343050524639,1.49425605857,1.49425605857,0.273865053664,0.273865053664,35,6,0
100,1.04424687789,0.109246877891,1.50114238321,1.50114238321,0.000957108308239,0.000957108308239,35,6,0
100.05,1.11919056636,0.184190566359,1.49430940906,1.49430940906,-0.274490292717,-0.274490292717,35,6,0
100.1,1.19344802626,0.258448026262,1.47369313906,1.47369313906,-0.549949178004,-0.549949178004,35,6,0
100.15,1.26633114607,0.331331146071,1.43935712445,1.43935712445,-0.822849451964,-0.822849451964,35,6,0
100.2,1.33715821465,0.402158214646,1.39149398386,1.39149398386,-1.09060251979,-1.09060251979,35,6,0
100.25,1.40526038764,0.470260387643,1.33042572179,1.33042572179,-1.35062565296,-1.35062565296,35,6,0
100.3,1.46998813916,0.534988139156,1.2566028148,1.2566028148,-1.60036687633,-1.60036687633,35,6,0
100.35,1.5307176364,0.595717636396,1.17060204515,1.17060204515,-1.83733014569,-1.83733014569,35,6,0
100.4,1.58685697455,0.651856974555,1.07312307325,1.07312307325,-2.05910057501,-2.05910057501,35,6,0
100.45,1.63785220879,0.702852208793,0.964983752675,0.964983752675,-2.26336946448,-2.26336946448,35,6,0
100.5,1.68319312087,0.748193120873,0.847114204087,0.847114204087,-2.44795887494,-2.44795887494,35,6,0
100.55,1.72241865903,0.787418659032,0.720549677121,0.720549677121,-2.61084549116,-2.61084549116,35,6,0
100.6,1.7551219915,0.820121991497,0.586422242254,0.586422242254,-2.75018351581,-2.75018351581,35,6,0
100.65,1.78095511646,0.845955116459,0.445951367571,0.445951367571,-2.86432633801,-2.86432633801,35,6,0
100.7,1.7996329744,0.864632974398,0.300433447976,0.300433447976,-2.95184672492,-2.95184672492,35,6,0
100.75,1.81093701231,0.875937012306,0.151230366855,0.151230366855,-3.01155529274,-3.01155529274,35,6,0
100.8,1.81471815371,0.879718153708,-0.000242817903227,-0.000242817903227,-3.04251702326,-3.04251702326,35,6,0
100.85,1.81089913322,0.875899133218,-0.152530960242,-0.152530960242,-3.04406560591,-3.04406560591,35,6,0
100.9,1.79947615982,0.86447615982,-0.304152570693,-0.304152570693,-3.01581540027,-3.01581540027,35,6,0
100.95,1.78051987901,0.845519879007,-0.453614095873,-0.453614095873,-2.95767083342,-2.95767083342,35,6,0
101,1.75417561033,0.819175610328,-0.599424600216,-0.599424600216,-2.86983306694,-2.86983306694,35,6,0
101.05,1.72066284369,0.78566284369,-0.740110709816,-0.740110709816,-2.75280379226,-2.75280379226,35,6,0
101.1,1.68027398496,0.745273984956,-0.874231671774,-0.874231671774,-2.607386039,-2.607386039,35,6,0
101.15,1.63337234885,0.69837234885,-1.0003943774,-1.0003943774,-2.43468190861,-2.43468190861,35,6,0
101.2,1.58038940482,0.645389404821,-1.11726819399,-1.11726819399,-2.23608717565,-2.23608717565,35,6,0
101.25,1.5218212894,0.586821289396,-1.22359944766,-1.22359944766,-2.01328273033,-2.01328273033,35,6,0
101.3,1.45822460639,0.523224606388,-1.31822539956,-1.31822539956,-1.76822286893,-1.76822286893,35,6,0
101.35,1.39021154425,0.455211544246,-1.40008755837,-1.40008755837,-1.50312047194,-1.50312047194,35,6,0
101.4,1.31844434758,0.38344434758,-1.46824417554,-1.46824417554,-1.22042914479,-1.22042914479,35,6,0
101.45,1.24362918747,0.308629187473,-1.52188177379,-1.52188177379,-0.922822430454,-0.922822430454,35,6,0
101.5,1.16650948254,0.23150948254,-1.56032556591,-1.56032556591,-0.613170237804,-0.613170237804,35,6,0
101.55,1.08785872961,0.152858729612,-1.58304862907,-1.58304862907,-0.294512664233,-0.294512664233,35,6,0
101.6,1.00847290944,0.0734729094449,-1.58967970949,-1.58967970949,0.0299685758724,0.0299685758724,35,6,0
101.65,0.929162538838,-0.00583746116156,-1.5800095436,-1.5800095436,0.35698087282,0.35698087282,35,6,0
101.7,0.850744445906,-0.0842555540937,-1.55399559512,-1.55399559512,0.683153318994,0.683153318994,35,6,0
101.75,0.774033349929,-0.160966650071,-1.51176512157,-1.51176512157,1.00507087892,1.00507087892,35,6,0
101.8,0.699833331146,-0.235166668854,-1.45361649979,-1.45361649979,1.31930980291,1.31930980291,35,6,0
101.85,0.628929278951,-0.306070721049,-1.38001875698,-1.38001875698,1.62247393193,1.62247393193,35,6,0
101.9,0.562078409167,-0.372921590833,-1.29160927193,-1.29160927193,1.91123152119,1.91123152119,35,6,0
101.95,0.50000194239,-0.43499805761,-1.18918963021,-1.18918963021,2.18235219345,2.18235219345,35,6,0
102,0.443377035689,-0.491622964311,-1.07371963677,-1.07371963677,2.43274362019,2.43274362019,35,6,0
102.05,0.392829059291,-0.542170940709,-0.946309509822,-0.946309509822,2.6594875202,2.6594875202,35,6,0
102.1,0.348924308155,-0.586075691845,-0.808210300501,-0.808210300501,2.85987456094,2.85987456094,35,6,0
102.15,0.312163235597,-0.622836764403,-0.660802603556,-0.660802603556,3.03143774808,3.03143774808,35,6,0
102.2,0.282974292366,-0.652025707634,-0.505583644868,-0.505583644868,3.17198389391,3.17198389391,35,6,0
102.25,0.261708449753,-0.673291550247,-0.344152851947,-0.344152851947,3.2796227649,3.2796227649,35,6,0
102.3,0.248634479516,-0.686365520484,-0.178196033126,-0.178196033126,3.3527935235,3.3527935235,35,6,0
102.35,0.243935056662,-0.691064943338,-0.00946830996695,-0.00946830996695,3.39028809887,3.39028809887,35,6,0
102.4,0.24770374343,-0.68729625657,0.16022403493,0.16022403493,3.3912711456,3.3912711456,35,6,0
102.45,0.259942904313,-0.675057095687,0.329042616198,0.329042616198,3.35529627857,3.35529627857,35,6,0
102.5,0.280562592643,-0.654437407357,0.495136716743,0.495136716743,3.28231830596,3.28231830596,35,6,0
102.55,0.309380439284,-0.625619560716,0.656663565304,0.656663565304,3.17270122004,3.17270122004,35,6,0
102.6,0.346122563351,-0.588877436649,0.811808903277,0.811808903277,3.02722174771,3.02722174771,35,6,0
102.65,0.390425513809,-0.544574486191,0.958807614775,0.958807614775,2.84706830808,2.84706830808,35,6,0
102.7,0.441839239329,-0.493160760671,1.09596418748,1.09596418748,2.63383527331,2.63383527331,35,6,0
102.75,0.499831072033,-0.435168927967,1.22167276792,1.22167276792,2.3895124806,2.3895124806,35,6,0
102.8,0.56379069891,-0.37120930109,1.33443657355,1.33443657355,2.11646999689,2.11646999689,35,6,0
102.85,0.633036082834,-0.301963917166,1.43288642544,1.43288642544,1.8174381936,1.8174381936,35,6,0
102.9,0.706820283385,-0.228179716615,1.51579816972,1.51579816972,1.49548324495,1.49548324495,35,6,0
102.95,0.784339116259,-0.150660883741,1.58210876297,1.58210876297,1.15397822089,1.15397822089,35,6,0
103,0.864739579048,-0.0702604209523,1.63093080675,1.63093080675,0.796570001989,0.796570001989,35,6,0
103.05,0.947128960734,0.0121289607335,1.66156532918,1.66156532918,0.427142299618,0.427142299618,35,6,0
103.1,1.03058454252,0.0955845425175,1.67351262712,1.67351262712,0.0497751191433,0.0497751191433,35,6,0
103.15,1.11416378872,0.179163788723,1.66648100058,1.66648100058,-0.331298944774,-0.331298944774,35,6,0
103.2,1.19691491861,0.261914918605,1.6403932317,1.6403932317,-0.711741142625,-0.711741142625,35,6,0
103.25,1.27788774307,0.342887743074,1.5953906838,1.5953906838,-1.08715525131,-1.08715525131,35,6,0
103.3,1.35614464475,0.421144644748,1.53183492094,1.53183492094,-1.45313797881,-1.45313797881,35,6,0
103.35,1.43077157543,0.495771575435,1.45030677583,1.45030677583,-1.80533053344,-1.80533053344,35,6,0
103.4,1.50088894224,0.565888942238,1.35160282226,1.35160282226,-2.13947076934,-2.13947076934,35,6,0
103.45,1.56566225206,0.630662252061,1.23672923868,1.23672923868,-2.45144529641,-2.45144529641,35,6,0
103.5,1.62431238436,0.689312384356,1.10689308011,1.10689308011,-2.73734092653,-2.73734092653,35,6,0
103.55,1.67612536364,0.741125363644,0.963491007701,0.963491007701,-2.99349481826,-2.99349481826,35,6,0
103.6,1.72046150657,0.785461506565,0.808095556862,0.808095556862,-3.21654268087,-3.21654268087,35,6,0
103.65,1.7567638231,0.821763823095,0.642439056969,0.642439056969,-3.4034644045,-3.4034644045,35,6,0
103.7,1.78456555797,0.849565557973,0.468395346806,0.468395346806,-3.55162649737,-3.55162649737,35,6,0
103.75,1.80349676637,0.86849676637,0.287959460479,0.287959460479,-3.65882073344,-3.65882073344,35,6,0
103.8,1.81328982731,0.87828982731,0.10322548755,0.10322548755,-3.72329844445,-3.72329844445,35,6,0
103.85,1.8137838092,0.878783809204,-0.083637161461,-0.083637161461,-3.74379992854,-3.74379992854,35,6,0
103.9,1.80492761409,0.869927614094,-0.270408827779,-0.270408827779,-3.71957849434,-3.71957849434,35,6,0
103.95,1.78678184057,0.851781840571,-0.454845736147,-0.454845736147,-3.65041871281,-3.65041871281,35,6,0
104,1.75951931983,0.824519319832,-0.634706886608,-0.634706886608,-3.53664851042,-3.53664851042,35,6,0
104.05,1.72342429468,0.788424294679,-0.807781390594,-0.807781390594,-3.37914480416,-3.37914480416,35,6,0
104.1,1.67889022745,0.743890227452,-0.971915922442,-0.971915922442,-3.17933245238,-3.17933245238,35,6,0
104.15,1.62641623952,0.691416239517,-1.12504194811,-1.12504194811,-2.93917637377,-2.93917637377,35,6,0
104.2,1.56660220205,0.631602202054,-1.26520238747,-1.26520238747,-2.66116676899,-2.66116676899,35,6,0
104.25,1.50014251506,0.565142515064,-1.3905773656,-1.3905773656,-2.34829746595,-2.34829746595,35,6,0
104.3,1.42781862873,0.492818628725,-1.49950871133,-1.49950871133,-2.00403749736,-2.00403749736,35,6,0
104.35,1.3504903781,0.415490378102,-1.59052286965,-1.59052286965,-1.63229610906,-1.63229610906,35,6,0
104.4,1.26908621863,0.334086218634,-1.66235190589,-1.66235190589,-1.23738148709,-1.23738148709,35,6,0
104.45,1.1845924655,0.249592465505,-1.71395229709,-1.71395229709,-0.823953579948,-0.823953579948,35,6,0
104.5,1.09804165474,0.163041654739,-1.74452122613,-1.74452122613,-0.396971478902,-0.396971478902,35,6,0
104.55,1.01050015746,0.0755001574609,-1.75351012023,-1.75351012023,0.0383640979711,0.0383640979711,35,6,0
104.6,0.923055190982,-0.0119448090178,-1.7406352039,-1.7406352039,0.476672594225,0.476672594225,35,6,0
104.65,0.836801381034,-0.0981986189658,-1.70588487014,-1.70588487014,0.91245897977,0.91245897977,35,6,0
104.7,0.752827038406,-0.182172961594,-1.64952370969,-1.64952370969,1.34018193044,1.34018193044,35,6,0
104.75,0.672200320263,-0.262799679737,-1.57209307792,-1.57209307792,1.7543240037,1.7543240037,35,6,0
104.8,0.595955451406,-0.339044548594,-1.47440812088,-1.47440812088,2.14946294389,2.14946294389,35,6,0
104.85,0.525079183542,-0.409920816458,-1.3575512268,-1.3575512268,2.52034321217,2.52034321217,35,6,0
104.9,0.460497671204,-0.474502328796,-1.22286191474,-1.22286191474,2.86194680967,2.86194680967,35,6,0
104.95,0.403063941172,-0.531936058828,-1.07192321946,-1.07192321946,3.16956244649,3.16956244649,35,6,0
105,0.353546128127,-0.581453871873,-0.906544679048,-0.906544679048,3.43885210665,3.43885210665,35,6,0
105.05,0.312616642751,-0.622383357249,-0.728742079044,-0.728742079044,3.66591406785,3.66591406785,35,6,0
105.1,0.280842429624,-0.654157570376,-0.540714153331,-0.540714153331,3.84734145822,3.84734145822,35,6,0
105.15,0.258676461148,-0.676323538852,-0.344816487316,-0.344816487316,3.98027546699,3.98027546699,35,6,0
105.2,0.246450600317,-0.688549399683,-0.143532911687,-0.143532911687,4.06245237524,4.06245237524,35,6,0
105.25,0.244369949782,-0.690630050218,0.0605552846112,0.0605552846112,4.09224363374,4.09224363374,35,6,0
105.3,0.252508787239,-0.682491212761,0.264801956738,0.264801956738,4.06868828875,4.06868828875,35,6,0
105.35,0.270808168081,-0.664191831919,0.466530123329,0.466530123329,3.99151714198,3.99151714198,35,6,0
105.4,0.299075255613,-0.635924744387,0.663066976222,0.663066976222,3.86116812723,3.86116812723,35,6,0
105.45,0.336984417176,-0.598015582824,0.851779430626,0.851779430626,3.67879249219,3.67879249219,35,6,0
105.5,0.384080101578,-0.550919898422,1.03010974809,1.03010974809,3.44625148922,3.44625148922,35,6,0
105.55,0.439781489523,-0.495218510477,1.19561075285,1.19561075285,3.16610340091,3.16610340091,35,6,0
105.6,0.503388884591,-0.431611115409,1.34598015658,1.34598015658,2.84158085488,2.84158085488,35,6,0
105.65,0.574091788075,-0.360908211925,1.47909350766,1.47909350766,2.47655851489,2.47655851489,35,6,0
105.7,0.650978576943,-0.284021423057,1.59303528878,1.59303528878,2.07551137067,2.07551137067,35,6,0
105.75,0.733047680737,-0.201952319263,1.68612770114,1.68612770114,1.64346398502,1.64346398502,35,6,0
105.8,0.819220130617,-0.115779869383,1.75695669499,1.75695669499,1.18593119186,1.18593119186,35,6,0
105.85,0.908353332436,-0.0266466675641,1.80439483408,1.80439483408,0.708850870882,0.708850870882,35,6,0
105.9,0.999255895926,0.0642558959257,1.82762061622,1.82762061622,0.218509551396,0.218509551396,35,6,0
105.95,1.0907033342,0.155703334203,1.82613391263,1.82613391263,-0.278538281893,-0.278538281893,35,6,0
106,1.18145443205,0.246454432049,1.7997672355,1.7997672355,-0.775556197554,-0.775556197554,35,6,0
106.05,1.27026806818,0.335268068177,1.74869259458,1.74869259458,-1.26571605646,-1.26571605646,35,6,0
106.1,1.35592026613,0.42092026613,1.67342376031,1.67342376031,-1.74219130951,-1.74219130951,35,6,0
106.15,1.43722124083,0.502221240826,1.57481381143,1.57481381143,-2.19825210896,-2.19825210896,35,6,0
106.2,1.51303220324,0.578032203237,1.4540479087,1.4540479087,-2.62736093039,-2.62736093039,35,6,0
106.25,1.58228168445,0.647281684447,1.31263130273,1.31263130273,-3.02326736204,-3.02326736204,35,6,0
106.3,1.64398114237,0.70898114237,1.15237265153,1.15237265153,-3.38010069556,-3.38010069556,35,6,0
106.35,1.69723961996,0.762239619962,0.97536279205,0.97536279205,-3.69245894913,-3.69245894913,35,6,0
106.4,1.74127723264,0.806277232642,0.78394917804,0.78394917804,-3.95549297025,-3.95549297025,35,6,0
106.45,1.77543727494,0.840437274938,0.580706263234,0.580706263234,-4.16498430224,-4.16498430224,35,6,0
106.5,1.79919675195,0.864196751952,0.368402173535,0.368402173535,-4.31741555523,-4.31741555523,35,6,0
106.55,1.81217515998,0.877175159976,0.149962072844,0.149962072844,-4.41003209922,-4.41003209922,35,6,0
106.6,1.81414136223,0.879141362235,-0.0715713159623,-0.0715713159623,-4.44089399322,-4.44089399322,35,6,0
106.65,1.80501843015,0.870018430147,-0.293079521924,-0.293079521924,-4.40891717959,-4.40891717959,35,6,0
106.7,1.78488634729,0.849886347295,-0.511411910466,-0.511411910466,-4.31390310492,-4.31390310492,35,6,0
106.75,1.75398250218,0.818982502181,-0.72343044488,-0.72343044488,-4.15655607802,-4.15655607802,35,6,0
106.8,1.71269992651,0.777699926505,-0.926054997804,-0.926054997804,-3.93848783812,-3.93848783812,35,6,0
106.85,1.6615832676,0.726583267598,-1.11630856367,-1.11630856367,-3.66220898233,-3.66220898233,35,6,0
106.9,1.60132251649,0.666322516487,-1.29136171016,-1.29136171016,-3.33110708679,-3.33110708679,35,6,0
106.95,1.53274454628,0.597744546284,-1.44857560325,-1.44857560325,-2.9494115493,-2.9494115493,35,6,0
107,1.45680254874,0.521802548739,-1.58554294666,-1.58554294666,-2.52214537955,-2.52214537955,35,6,0
107.05,1.37456348939,0.439563489392,-1.70012619306,-1.70012619306,-2.05506436339,-2.05506436339,35,6,0
107.1,1.2871937333,0.3521937333,-1.79049241037,-1.79049241037,-1.55458422727,-1.55458422727,35,6,0
107.15,1.19594302322,0.260943023225,-1.85514422311,-1.85514422311,-1.02769662447,-1.02769662447,35,6,0
107.2,1.10212702014,0.167127020139,-1.89294629418,-1.89294629418,-0.481874953601,-0.481874953601,35,6,0
107.25,1.00710864123,0.0721086412349,-1.90314686787,-1.90314686787,0.0750288019408,0.0750288019408,35,6,0
107.3,0.912278453059,-0.0227215469409,-1.88539395817,-1.88539395817,0.634894859153,0.634894859153,35,6,0
107.35,0.819034396431,-0.115965603569,-1.83974583829,-1.83974583829,1.18945254192,1.18945254192,35,6,0
107.4,0.728761135058,-0.206238864942,-1.76667556565,-1.76667556565,1.73040167498,1.73040167498,35,6,0
107.45,0.642809330982,-0.292190669018,-1.667069361,-1.667069361,2.24953672272,2.24953672272,35,6,0
107.5,0.56247515681,-0.37252484319,-1.54221874998,-1.54221874998,2.73887184524,2.73887184524,35,6,0
107.55,0.488980356988,-0.446019643012,-1.39380646817,-1.39380646817,3.19076498487,3.19076498487,35,6,0
107.6,0.423453167927,-0.511546832073,-1.22388622592,-1.22388622592,3.59803906495,3.59803906495,35,6,0
107.65,0.366910399575,-0.568089600425,-1.03485652558,-1.03485652558,3.95409837992,3.95409837992,35,6,0
107.7,0.320240969031,-0.614759030969,-0.829428818919,-0.829428818919,4.25303828313,4.25303828313,35,6,0
107.75,0.284191160012,-0.650808839988,-0.610590386153,-0.610590386153,4.48974633617,4.48974633617,35,6,0
107.8,0.259351860707,-0.675648139293,-0.381562407607,-0.381562407607,4.65999317141,4.65999317141,35,6,0
107.85,0.246148006824,-0.688851993176,-0.145753783679,-0.145753783679,4.76051143714,4.76051143714,35,6,0
107.9,0.244830426871,-0.690169573129,0.093288663255,0.093288663255,4.78906134105,4.78906134105,35,6,0
107.95,0.255470253284,-0.679529746716,0.331932901378,0.331932901378,4.7444814819,4.7444814819,35,6,0
108,0.277956026223,-0.657043973777,0.566516552169,0.566516552169,4.62672385849,4.62672385849,35,6,0
108.05,0.31199357739,-0.62300642261,0.793403089013,0.793403089013,4.43687216743,4.43687216743,35,6,0
108.1,0.357108739469,-0.577891260531,1.00903851894,1.00903851894,4.17714274377,4.17714274377,35,6,0
108.15,0.412652883463,-0.522347116537,1.21000766886,1.21000766886,3.85086775798,3.85086775798,35,6,0
108.2,0.477811241901,-0.457188758099,1.39308918508,1.39308918508,3.46246055538,3.46246055538,35,6,0
108.25,0.551613931288,-0.383386068712,1.55530835628,1.55530835628,3.01736330571,3.01736330571,35,6,0
108.3,0.632949543024,-0.302050456976,1.69398688556,1.69398688556,2.52197741756,2.52197741756,35,6,0
108.35,0.720581128984,-0.214418871016,1.80678876725,1.80678876725,1.98357745899,1.98357745899,35,6,0
108.4,0.813164366765,-0.121835633235,1.89176146805,1.89176146805,1.41020960884,1.41020960884,35,6,0
108.45,0.909267651013,-0.0257323489875,1.94737167063,1.94737167063,0.810575936708,0.810575936708,35,6,0
108.5,1.00739382184,0.0723938218375,1.97253490877,1.97253490877,0.193906069779,0.193906069779,35,6,0
108.55,1.10600320987,0.171003209874,1.96663850763,1.96663850763,-0.430181953857,-0.430181953857,35,6,0
108.6,1.20353765053,0.268537650532,1.92955733787,1.92955733787,-1.05182962699,-1.05182962699,35,6,0
108.65,1.29844509805,0.363445098045,1.86166199859,1.86166199859,-1.66109250041,-1.66109250041,35,6,0
108.7,1.3892044535,0.454204453498,1.76381915828,1.76381915828,-2.2480989254,-2.2480989254,35,6,0
108.75,1.47435021049,0.539350210492,1.63738390511,1.63738390511,-2.80321051587,-2.80321051587,35,6,0
108.8,1.55249651783,0.61749651783,1.48418408473,1.48418408473,-3.3171817472,-3.3171817472,35,6,0
108.85,1.62236026078,0.687360260784,1.30649673456,1.30649673456,-3.78131606113,-3.78131606113,35,6,0
108.9,1.68278277121,0.747782771211,1.10701685503,1.10701685503,-4.1876158416,-4.1876158416,35,6,0
108.95,1.73274979215,0.79774979215,0.888818889587,0.888818889587,-4.52892366512,-4.52892366512,35,6,0
109,1.77140934426,0.83640934426,0.655311412832,0.655311412832,-4.7990523125,-4.7990523125,35,6,0
109.05,1.7980871696,0.863087169604,0.410185649102,0.410185649102,-4.99290115626,-4.99290115626,35,6,0
109.1,1.81229946225,0.877299462245,0.15735855883,0.15735855883,-5.10655670875,-5.10655670875,35,6,0
109.15,1.81376263472,0.878762634721,-0.099088664301,-0.099088664301,-5.13737532867,-5.13737532867,35,6,0
109.2,1.80239991398,0.867399913979,-0.354975748445,-0.354975748445,-5.08404633537,-5.08404633537,35,6,0
109.25,1.77834460931,0.843344609307,-0.606091133488,-0.606091133488,-4.94663406864,-4.94663406864,35,6,0
109.3,1.74193994734,0.806939947335,-0.848261313057,-0.848261313057,-4.72659775177,-4.72659775177,35,6,0
109.35,1.69373542462,0.758735424625,-1.07742059748,-1.07742059748,-4.42678836414,-4.42678836414,35,6,0
109.4,1.63447968575,0.69947968575,-1.28968013599,-1.28968013599,-4.05142210033,-4.05142210033,35,6,0
109.45,1.56510999323,0.630109993228,-1.48139502501,-1.48139502501,-3.60603038032,-3.60603038032,35,6,0
109.5,1.4867384142,0.551738414204,-1.64922833743,-1.64922833743,-3.09738677401,-3.09738677401,35,6,0
109.55,1.40063490641,0.465634906411,-1.79021093608,-1.79021093608,-2.53341160582,-2.53341160582,35,6,0
109.6,1.30820754165,0.373207541654,-1.90179598293,-1.90179598293,-1.92305540486,-1.92305540486,35,6,0
109.65,1.21098015788,0.275980157876,-1.98190712351,-1.98190712351,-1.27616275665,-1.27616275665,35,6,0
109.7,1.11056777976,0.175567779758,-2.02897941345,-2.02897941345,-0.603318485419,-0.603318485419,35,6,0
109.75,1.00865019194,0.0736501919441,-2.04199215913,-2.04199215913,0.084321554234,0.084321554234,35,6,0
109.8,0.906944087345,-0.0280559126548,-2.02049296666,-2.02049296666,0.775212478388,0.775212478388,35,6,0
109.85,0.807174244948,-0.127825755052,-1.96461243052,-1.96461243052,1.45761228791,1.45761228791,35,6,0
109.9,0.711044216248,-0.223955783752,-1.87506904309,-1.87506904309,2.11978057685,2.11978057685,35,6,0
109.95,0.620207016393,-0.314792983607,-1.75316406763,-1.75316406763,2.75018072587,2.75018072587,35,6,0
110,0.536236324807,-0.398763675193,-1.60076628596,-1.60076628596,3.33768213448,3.33768213448,35,6,0
110.05,0.460598700127,-0.474401299873,-1.42028670699,-1.42028670699,3.87175896546,3.87175896546,35,6,0
110.1,0.394627305588,-0.540372694412,-1.21464349916,-1.21464349916,4.34268185532,4.34268185532,35,6,0
110.15,0.339497623393,-0.595502376607,-0.987217586283,-0.987217586283,4.7416990868,4.7416990868,35,6,0
110.2,0.296205610298,-0.638794389702,-0.741799519446,-0.741799519446,5.06120382541,5.06120382541,35,6,0
110.25,0.265548711817,-0.669451288183,-0.482528403071,-0.482528403071,5.29488419062,5.29488419062,35,6,0
110.3,0.248110109616,-0.686889890384,-0.213823809655,-0.213823809655,5.4378531632,5.4378531632,35,6,0
110.35,0.244246526288,-0.690753473712,0.0596882396935,0.0596882396935,5.4867556206,5.4867556206,35,6,0
110.4,0.254079854609,-0.680920145391,0.333254024671,0.333254024671,5.43985013822,5.43985013822,35,6,0
110.45,0.277492815368,-0.657507184632,0.602074292605,0.602074292605,5.2970635924,5.2970635924,35,6,0
110.5,0.314128779961,-0.620871220039,0.86138844279,0.86138844279,5.06001704343,5.06001704343,35,6,0
110.55,0.36339582224,-0.57160417776,1.10655926427,1.10655926427,4.73202185917,4.73202185917,35,6,0
110.6,0.424474989814,-0.510525010186,1.33315672374,1.33315672374,4.31804555215,4.31804555215,35,6,0
110.65,0.496332709402,-0.438667290598,1.53703928718,1.53703928718,3.82464733881,3.82464733881,35,6,0
110.7,0.577737165243,-0.357262834757,1.71443127295,1.71443127295,3.25988397797,3.25988397797,35,6,0
110.75,0.667278415399,-0.267721584601,1.86199477577,1.86199477577,2.63318699803,2.63318699803,35,6,0
110.8,0.76339193936,-0.17160806064,1.97689477016,1.97689477016,1.95521296873,1.95521296873,35,6,0
110.85,0.864385243086,-0.0706147569138,2.05685609801,2.05685609801,1.23766900224,1.23766900224,35,6,0
110.9,0.968467085801,0.0334670858008,2.10021116694,2.10021116694,0.493116171385,0.493116171385,35,6,0
110.95,1.07377883774,0.138778837737,2.10593733225,2.10593733225,-0.265246001889,-0.265246001889,35,6,0
111,1.1784274308,0.243427430804,2.07368310377,2.07368310377,-1.02381041548,-1.02381041548,35,6,0
111.05,1.28051932582,0.345519325821,2.00378250648,2.00378250648,-1.7688046779,-1.7688046779,35,6,0
111.1,1.37819489147,0.443194891474,1.89725712889,1.89725712889,-2.4865405859,-2.4865405859,35,6,0
111.15,1.46966257223,0.534662572233,1.75580561041,1.75580561041,-3.16366632588,-3.16366632588,35,6,0
111.2,1.55323221569,0.618232215692,1.58178054641,1.58178054641,-3.78741678584,-3.78741678584,35,6,0
111.25,1.62734693452,0.692346934519,1.37815302255,1.37815302255,-4.34585729667,-4.34585729667,35,6,0
111.3,1.69061289464,0.755612894641,1.14846522346,1.14846522346,-4.82811614004,-4.82811614004,35,6,0
111.35,1.74182644935,0.806826449345,0.896771792229,0.896771792229,-5.22460126657,-5.22460126657,35,6,0
111.4,1.77999807841,0.844998078411,0.627570840032,0.627570840032,-5.52719686306,-5.52719686306,35,6,0
111.45,1.8043726417,0.869372641696,0.345725716915,0.345725716915,-5.72943568981,-5.72943568981,35,6,0
111.5,1.81444551712,0.879445517122,0.0563788496264,0.0563788496264,-5.82664347564,-5.82664347564,35,6,0
111.55,1.80997426275,0.874974262745,-0.235140872645,-0.235140872645,-5.81605210445,-5.81605210445,35,6,0
111.6,1.79098552051,0.855985520512,-0.523415533265,-0.523415533265,-5.6968788465,-5.6968788465,35,6,0
111.65,1.75777696409,0.82277696409,-0.803038689484,-0.803038689484,-5.47036947218,-5.47036947218,35,6,0
111.7,1.71091418329,0.775914183291,-1.06871709342,-1.06871709342,-5.13980372657,-5.13980372657,35,6,0
111.75,1.65122249158,0.716222491583,-1.31537172687,-1.31537172687,-4.71046232832,-4.71046232832,35,6,0
111.8,1.57977373922,0.644773739216,-1.53823622023,-1.53823622023,-4.18955537481,-4.18955537481,35,6,0
111.85,1.49786831082,0.562868310816,-1.73295073814,-1.73295073814,-3.58611277369,-3.58611277369,35,6,0
111.9,1.4070125811,0.472012581096,-1.89564946429,-1.89564946429,-2.91083806533,-2.91083806533,35,6,0
111.95,1.30889219368,0.373892193676,-2.02303990437,-2.02303990437,-2.17592773666,-2.17592773666,35,6,0
112,1.20534161415,0.270341614147,-2.11247234913,-2.11247234913,-1.39485884051,-1.39485884051,35,6,0
112.05,1.0983104876,0.163310487604,-2.1619979975,-2.1619979975,-0.582148410259,-0.582148410259,35,6,0
112.1,0.989827401253,0.0548274012526,-2.17041442972,-2.17041442972,0.246911215776,0.246911215776,35,6,0
112.15,0.881961712804,-0.0530382871963,-2.13729734078,-2.13729734078,1.07653648689,1.07653648689,35,6,0
112.2,0.77678415381,-0.15821584619,-2.06301769034,-2.06301769034,1.89075099488,1.89075099488,35,6,0
112.25,0.676326952682,-0.258673047318,-1.94874369311,-1.94874369311,2.6736925455,2.6736925455,35,6,0
112.3,0.582544243836,-0.352455756164,-1.79642735895,-1.79642735895,3.40992310882,3.40992310882,35,6,0
112.35,0.497273536603,-0.437726463397,-1.60877558872,-1.60877558872,4.08473562777,4.08473562777,35,6,0
112.4,0.422199009642,-0.512800990358,-1.38920613502,-1.38920613502,4.68445159517,4.68445159517,35,6,0
112.45,0.358817373551,-0.576182626449,-1.14178904102,-1.14178904102,5.19670336073,5.19670336073,35,6,0
112.5,0.308407006206,-0.626592993794,-0.871174468424,-0.871174468424,5.61069530092,5.61069530092,35,6,0
112.55,0.272001012604,-0.662998987396,-0.582508112214,-0.582508112214,5.91743827851,5.91743827851,35,6,0
112.6,0.250364794276,-0.684635205724,-0.281335668782,-0.281335668782,6.10995222977,6.10995222977,35,6,0
112.65,0.243978633762,-0.691021366238,0.0265019307133,0.0265019307133,6.18343224285,6.18343224285,35,6,0
112.7,0.253025708534,-0.681974291466,0.334980593258,0.334980593258,6.13537412157,6.13537412157,35,6,0
112.75,0.27738584756,-0.65761415244,0.63801033229,0.63801033229,5.96565615573,5.96565615573,35,6,0
112.8,0.316635234446,-0.618364765554,0.929555476466,0.929555476466,5.67657462941,5.67657462941,35,6,0
112.85,0.37005214558,-0.56494785442,1.20375546229,1.20375546229,5.27283147847,5.27283147847,35,6,0
112.9,0.436628692292,-0.498371307708,1.45504379768,1.45504379768,4.76147344157,4.76147344157,35,6,0
112.95,0.515088414973,-0.419911585027,1.67826277491,1.67826277491,4.15178301772,4.15178301772,35,6,0
113,0.603909456805,-0.331090543195,1.86877155158,1.86877155158,3.45512252871,3.45512252871,35,6,0
113.05,0.701352927757,-0.233647072243,2.0225453078,2.0225453078,2.68473356712,2.68473356712,35,6,0
113.1,0.805495958117,-0.129504041883,2.13626332601,2.13626332601,1.85549506995,1.85549506995,35,6,0
113.15,0.914268837631,-0.0207311623693,2.20738402479,2.20738402479,0.983644172578,0.983644172578,35,6,0
113.2,1.02549554341,0.0904955434087,2.23420520761,2.23420520761,0.0864648501429,0.0864648501429,35,6,0
113.25,1.13693687943,0.201936879427,2.21590805702,2.21590805702,-0.818049879027,-0.818049879027,35,6,0
113.3,1.24633538446,0.311335384457,2.15258371123,2.15258371123,-1.71155574541,-1.71155574541,35,6,0
113.35,1.35146111541,0.416461115414,2.04524159571,2.04524159571,-2.57572802418,-2.57572802418,35,6,0
113.4,1.45015738068,0.515157380676,1.89579904366,1.89579904366,-3.39263792624,-3.39263792624,35,6,0
113.45,1.54038548399,0.60538548399,1.70705211671,1.70705211671,-4.14512690285,-4.14512690285,35,6,0
113.5,1.62026754485,0.685267544847,1.48262792499,1.48262792499,-4.81717106398,-4.81717106398,35,6,0
113.55,1.68812648588,0.753126485883,1.22691913535,1.22691913535,-5.39422795183,-5.39422795183,35,6,0
113.6,1.74252232195,0.80752232195,0.945001740108,0.945001740108,-5.86355811695,-5.86355811695,35,6,0
113.65,1.78228394843,0.847283948426,0.642537527439,0.642537527439,-6.21451431311,-6.21451431311,35,6,0
113.7,1.80653570715,0.871535707148,0.325663041619,0.325663041619,-6.43879165668,-6.43879165668,35,6,0
113.75,1.81471810583,0.879718105828,0.000867137136748,0.000867137136748,-6.53063277833,-6.53063277833,35,6,0
113.8,1.80660217915,0.871602179145,-0.325140490417,-0.325140490417,-6.48698281953,-6.48698281953,35,6,0
113.85,1.78229710488,0.847297104885,-0.645567179897,-0.645567179897,-6.30759007975,-6.30759007975,35,6,0
113.9,1.74225082418,0.807250824181,-0.953678786231,-0.953678786231,-5.99504918474,-5.99504918474,35,6,0
113.95,1.68724355833,0.752243558335,-1.24294183987,-1.24294183987,-5.55478480281,-5.55478480281,35,6,0
114,1.61837426308,0.683374263083,-1.50716338757,-1.50716338757,-4.9949751614,-4.9949751614,35,6,0
114.05,1.53704021142,0.602040211415,-1.74062551216,-1.74062551216,-4.32641588601,-4.32641588601,35,6,0
114.1,1.44491004497,0.509910044965,-1.93821158743,-1.93821158743,-3.56232597225,-3.56232597225,35,6,0
114.15,1.3438907784,0.408890778402,-2.09552144659,-2.09552144659,-2.7180989803,-2.7180989803,35,6,0
114.2,1.23608937793,0.301089377928,-2.20897282888,-2.20897282888,-1.81100378398,-1.81100378398,35,6,0
114.25,1.12376966088,0.188769660875,-2.27588671476,-2.27588671476,-0.859840383156,-0.859840383156,35,6,0
114.3,1.00930537547,0.0743053754711,-2.29455446374,-2.29455446374,0.115442626428,0.115442626428,35,6,0
114.35,0.895130415547,-0.0398695844526,-2.26428502265,-2.26428502265,1.09416136502,1.09416136502,35,6,0
114.4,0.783687201708,-0.151312798292,-2.18543087213,-2.18543087213,2.05533237747,2.05533237747,35,6,0
114.45,0.677390205496,-0.257609794504,-2.05835352945,-2.05835352945,3.0262216631,3.0262216631,35,6,0
114.5,0.578653248254,-0.356346751746,-1.88325040965,-1.88325040965,3.9705500886,3.9705500886,35,6,0
114.55,0.48982975296,-0.44517024704,-1.6623315494,-1.6623315494,4.85290076831,4.85290076831,35,6,0
114.6,0.413118223119,-0.521881776881,-1.39958269476,-1.39958269476,5.63797634087,5.63797634087,35,6,0
114.65,0.350474389425,-0.584525610575,-1.10071244026,-1.10071244026,6.29246652433,6.29246652433,35,6,0
114.7,0.303528304647,-0.631471695353,-0.773007936907,-0.773007936907,6.78682257854,6.78682257854,35,6,0
114.75,0.273510804644,-0.661489195356,-0.425106045534,-0.425106045534,7.09685117548,7.09685117548,35,6,0
114.8,0.261193304029,-0.673806695971,-0.0666909494917,-0.0666909494917,7.20505028493,7.20505028493,35,6,0
114.85,0.266844252836,-0.668155747164,0.291867213635,0.291867213635,7.10162315102,7.10162315102,35,6,0
114.9,0.290204779171,-0.644795220829,0.639915340149,0.639915340149,6.78512261551,6.78512261551,35,6,0
114.95,0.330485122486,-0.604514877514,0.966942666787,0.966942666787,6.26269618052,6.26269618052,35,6,0
115,0.386382467951,-0.548617532049,1.2630080925,1.2630080925,5.54992146231,5.54992146231,35,6,0
115.05,0.456119772496,-0.478880227504,1.51914918336,1.51914918336,4.67024119474,4.67024119474,35,6,0
115.1,0.537504175877,-0.397495824123,1.7277534628,1.7277534628,3.6540258188,3.6540258188,35,6,0
115.15,0.628002662728,-0.306997337272,1.88287443406,1.88287443406,2.53730909739,2.53730909739,35,6,0
115.2,0.724831827295,-0.210168172705,1.9804774434,1.9804774434,1.36025734935,1.36025734935,35,6,0
115.25,0.825057929146,-0.109942070854,2.01860384168,2.01860384168,0.165445129707,0.165445129707,35,6,0
115.3,0.925702946095,-0.00929705390453,1.99744577778,1.99744577778,-1.00398104412,-1.00398104412,35,6,0
115.35,1.02385205173,0.0888520517272,1.9193281771,1.9193281771,-2.10616439496,-2.10616439496,35,6,0
115.4,1.11675788151,0.181757881509,1.78859882355,1.78859882355,-3.10233762537,-3.10233762537,35,6,0
115.45,1.20193710573,0.266937105727,1.6114317691,1.6114317691,-3.95847652569,-3.95847652569,35,6,0
115.5,1.2772551913,0.342255191304,1.39555334048,1.39555334048,-4.64673044353,-4.64673044353,35,6,0
115.55,1.34099579015,0.405995790153,1.14990360749,1.14990360749,-5.14656337385,-5.14656337385,35,6,0
115.6,1.39191191228,0.456911912283,0.884249154758,0.884249154758,-5.44555330558,-5.44555330558,35,6,0
115.65,1.4292568928,0.494256892804,0.608765216772,0.608765216772,-5.53981380611,-5.53981380611,35,6,0
115.7,1.45279410264,0.517794102638,0.33360659091,0.33360659091,-5.43401988466,-5.43401988466,35,6,0
115.75,1.46278533805,0.527785338049,0.0684871699265,0.0684871699265,-5.14103910685,-5.14103910685,35,6,0
115.8,1.45995880708,0.524958807075,-0.177712588462,-0.177712588462,-4.68118785139,-4.68118785139,35,6,0
115.85,1.4454585643,0.510458564296,-0.397292387438,-0.397292387438,-4.08115060881,-4.08115060881,35,6,0
115.9,1.42077808438,0.485778084381,-0.584017455138,-0.584017455138,-3.37261646328,-3.37261646328,35,6,0
115.95,1.38768136906,0.452681369057,-0.733330050915,-0.733330050915,-2.59070058215,-2.59070058215,35,6,0
116,1.34811551742,0.413115517421,-0.842478285032,-0.842478285032,-1.77222898771,-1.77222898771,35,6,0
116.05,1.30411902992,0.369119029921,-0.910557520336,-0.910557520336,-0.953971567072,-0.953971567072,35,6,0
116.1,1.25773024521,0.322730245214,-0.938463953774,-0.938463953774,-0.170910826139,-0.170910826139,35,6,0
116.15,1.21090022011,0.275900220106,-0.928764325047,-0.928764325047,0.545367861038,0.545367861038,35,6,0
116.2,1.16541406028,0.230414060284,-0.88548985403,-0.88548985403,1.1680847847,1.1680847847,35,6,0
116.25,1.12282420865,0.187824208648,-0.813866259114,-0.813866259114,1.67640355833,1.67640355833,35,6,0
116.3,1.08439852367,0.149398523668,-0.719994863483,-0.719994863483,2.05624191944,2.05624191944,35,6,0
116.35,1.05108516658,0.116085166576,-0.610502190096,-0.610502190096,2.30071634299,2.30071634299,35,6,0
116.4,1.02349540463,0.0884954046282,-0.492176948473,-0.492176948473,2.41020000001,2.41020000001,35,6,0
116.45,1.00190447528,0.0669044752795,-0.371613839056,-0.371613839056,2.39199375775,2.39199375775,35,6,0
116.5,0.98626969298,0.0512696929804,-0.254883103396,-0.254883103396,2.25963039205,2.25963039205,35,6,0
116.55,0.976264067455,0.041264067455,-0.147243240937,-0.147243240937,2.03185193377,2.03185193377,35,6,0
116.6,0.971322888929,0.036322888929,-0.0529118576554,-0.0529118576554,1.7313180725,1.7313180725,35,6,0
116.65,0.970700066602,0.0357000666021,0.0250936795828,0.0250936795828,1.38311882084,1.38311882084,35,6,0
116.7,0.973530519758,0.0385305197583,0.0850380781785,0.0850380781785,1.01317633706,1.01317633706,35,6,0
116.75,0.978894645348,0.0438946453485,0.126469188581,0.126469188581,0.646628196986,0.646628196986,35,6,0
116.8,0.985880840041,0.0508808400415,0.150139750538,0.150139750538,0.306286977581,0.306286977581,35,6,0
116.85,0.993642244989,0.0586422449892,0.157855961667,0.157855961667,0.0112684650421,0.0112684650421,35,6,0
116.9,1.0014443015,0.0664443015011,0.152263457235,0.152263457235,-0.224126915867,-0.224126915867,35,6,0
116.95,1.00870033623,0.0737003362345,0.136585222927,0.136585222927,-0.391207525377,-0.391207525377,35,6,0
117,1.01499320379,0.0799932037919,0.114329147356,0.114329147356,-0.487304005749,-0.487304005749,35,6,0
117.05,1.02008196007,0.0850819600729,0.0889851514602,0.0889851514602,-0.515768965835,-0.515768965835,35,6,0
117.1,1.02389356931,0.088893569311,0.0637329435282,0.0637329435282,-0.485552650069,-0.485552650069,35,6,0
117.15,1.02650070248,0.0915007024779,0.0411813298897,0.0411813298897,-0.41036971215,-0.41036971215,35,6,0
117.2,1.02808770161,0.0930877016111,0.0231586121521,0.0231586121521,-0.30749788431,-0.30749788431,35,6,0
117.25,1.02890769974,0.0939076997357,0.0105709391384,0.0105709391384,-0.196273970435,-0.196273970435,35,6,0
117.3,1.0292346381,0.0942346381021,0.00334164221604,0.00334164221604,-0.0963747917308,-0.0963747917308,35,6,0
117.35,1.02931445623,0.0943144562317,0.000439722615629,0.000439722615629,-0.0259891195036,-0.0259891195036,35,6,0
117.4,1.02932,0.09432,0,0,0,0,36,0,0
117.45,1.02932,0.09432,0,0,0,0,36,0,0
117.5,1.02932,0.09432,0,0,0,0,36,0,0
117.55,1.02932,0.09432,0,0,0,0,36,0,0
117.6,1.02932,0.09432,0,0,0,0,36,0,0
117.65,1.02932,0.09432,0,0,0,0,36,0,0
117.7,1.02932,0.09432,0,0,0,0,36,0,0
117.75,1.02932,0.09432,0,0,0,0,36,0,0
117.8,1.02932,0.09432,0,0,0,0,36,0,0
117.85,1.02932,0.09432,0,0,0,0,36,0,0
117.9,1.02932,0.09432,0,0,0,0,36,0,0
117.95,1.02932,0.09432,0,0,0,0,36,0,0
118,1.02932,0.09432,0,0,0,0,36,0,0
118.05,1.02932,0.09432,0,0,0,0,36,0,0
118.1,1.02932,0.09432,0,0,0,0,36,0,0
118.15,1.02932,0.09432,0,0,0,0,36,0,0
118.2,1.02932,0.09432,0,0,0,0,36,0,0
118.25,1.02932,0.09432,0,0,0,0,36,0,0
118.3,1.02932,0.09432,0,0,0,0,36,0,0
118.35,1.02932,0.09432,0,0,0,0,36,0,0
118.4,1.02932,0.09432,0,0,0,0,36,0,0
118.45,1.02932,0.09432,0,0,0,0,36,0,0
118.5,1.02932,0.09432,0,0,0,0,36,0,0
118.55,1.02932,0.09432,0,0,0,0,36,0,0
118.6,1.02932,0.09432,0,0,0,0,36,0,0
118.65,1.02932,0.09432,0,0,0,0,36,0,0
118.7,1.02932,0.09432,0,0,0,0,36,0,0
118.75,1.02932,0.09432,0,0,0,0,36,0,0
118.8,1.02932,0.09432,0,0,0,0,36,0,0
118.85,1.02932,0.09432,0,0,0,0,36,0,0
118.9,1.02932,0.09432,0,0,0,0,36,0,0
118.95,1.02932,0.09432,0,0,0,0,36,0,0
119,1.02932,0.09432,0,0,0,0,36,0,0
119.05,1.02932,0.09432,0,0,0,0,36,0,0
119.1,1.02932,0.09432,0,0,0,0,36,0,0
119.15,1.02932,0.09432,0,0,0,0,36,0,0
119.2,1.02932,0.09432,0,0,0,0,36,0,0
119.25,1.02932,0.09432,0,0,0,0,36,0,0
119.3,1.02932,0.09432,0,0,0,0,36,0,0
119.35,1.02932,0.09432,0,0,0,0,36,0,0
119.4,1.02932,0.09432,0,0,0,0,37,6,0
119.45,1.02932,0.0943202852126,0,2.27027221198e-05,0,0.00135070377842,37,6,0
119.5,1.02932,0.0943244713703,0,0.000177002398176,0,0.00521698952473,37,6,0
119.55,1.02932,0.0943421645591,0,0.000581563863484,0,0.011312719724,37,6,0
119.6,1.02932,0.0943885426852,0,0.00134052350468,0,0.0193431685191,37,6,0
119.65,1.02932,0.0944836190196,0,0.00254310227551,0,0.0290067437073,37,6,0
119.7,1.02932,0.0946514886059,0,0.00426330844716,0,0.0399968527163,37,6,0
119.75,1.02932,0.094919562196,0,0.00655973706493,0,0.0520039031551,37,6,0
119.8,1.02932,0.0953177927119,0,0.00947547256539,0,0.0647174266416,37,6,0
119.85,1.02932,0.0958778995399,0,0.0130381003951,0,0.0778283126676,37,6,0
119.9,1.02932,0.0966325962401,0,0.0172598327614,0,0.0910311373126,37,6,0
119.95,1.02932,0.0976148274877,0,0.0221377528361,0,0.104026569654,37,6,0
120,1.02932,0.0988570212599,0,0.0276541808295,0,0.116523836787,37,6,0
120.05,1.02932,0.100390362425,0,0.0337771643466,0,0.12824322647,37,6,0
120.1,1.02932,0.102244093986,0,0.0404610943444,0,0.138918604566,37,6,0
120.15,1.02932,0.104444852269,0,0.0476474468238,0,0.148299922731,37,6,0
120.2,1.02932,0.107016042317,0,0.0552656491179,0,0.156155690136,37,6,0
120.25,1.02932,0.109977259666,0,0.0632340682957,0,0.162275381564,37,6,0
120.3,1.02932,0.113343764511,0,0.071461117777,0,0.166471752895,37,6,0
120.35,1.02932,0.117126014058,0,0.079846476782,0,0.168583033873,37,6,0
120.4,1.02932,0.12132925852,0,0.0882824157081,0,0.168474967234,37,6,0
120.45,1.02932,0.12595320586,0,0.0966552189648,0,0.166042662602,37,6,0
120.5,1.02932,0.130991759909,0,0.10484669521,0,0.161212233327,37,6,0
120.55,1.02932,0.136432835938,0,0.112735763339,0,0.153942184421,37,6,0
120.6,1.02932,0.142258257151,0,0.120200100987,0,0.144224520164,37,6,0
120.65,1.02932,0.148443734861,0,0.127117840771,0,0.132085540733,37,6,0
120.7,1.02932,0.154958934338,0,0.133369297964,0,0.1175862984,37,6,0
120.75,1.02932,0.161767627456,0,0.138838711889,0,0.100822685497,37,6,0
120.8,1.02932,0.168827932365,0,0.143415981966,0,0.0819251284771,37,6,0
120.85,1.02932,0.176092639398,0,0.146998378125,0,0.0610578649745,37,6,0
120.9,1.02932,0.183509621432,0,0.14949220423,0,0.0384177839195,37,6,0
120.95,1.02932,0.191022325772,0,0.150814392222,0,0.0142328123535,37,6,0
121,1.02932,0.198570343533,0,0.150894004029,0,-0.0112401632281,37,6,0
121.05,1.02932,0.206090051327,0,0.149673617717,0,-0.0377178485129,37,6,0
121.1,1.02932,0.213515318869,0,0.147110574193,0,-0.0648935682912,37,6,0
121.15,1.02932,0.220778274932,0,0.143178060727,0,-0.092440765252,37,6,0
121.2,1.02932,0.22781012292,0,0.137866007929,0,-0.120016961053,37,6,0
121.25,1.02932,0.234541996142,0,0.13118177744,0,-0.147268163402,37,6,0
121.3,1.02932,0.240905841789,0,0.123150618586,0,-0.173833695795,37,6,0
121.35,1.02932,0.246835321531,0,0.113815873609,0,-0.199351419114,37,6,0
121.4,1.02932,0.252266715712,0,0.103238912809,0,-0.223463306471,37,6,0
121.45,1.02932,0.257139817184,0,0.0914987830615,0,-0.24582132466,37,6,0
121.5,1.02932,0.261398800115,0,0.0786915557313,0,-0.266093567356,37,6,0
121.55,1.02932,0.264993048435,0,0.0649293629255,0,-0.283970576839,37,6,0
121.6,1.02932,0.26787792814,0,0.0503391144229,0,-0.299171782765,37,6,0
121.65,1.02932,0.270015487368,0,0.0350608913825,0,-0.311451978217,37,6,0
121.7,1.02932,0.271375068074,0,0.0192460171279,0,-0.320607745347,37,6,0
121.75,1.02932,0.271933813267,0,0.00305480988107,0,-0.32648373525,37,6,0
121.8,1.02932,0.271677054126,0,-0.0133459727318,0,-0.328978699599,37,6,0
121.85,1.02932,0.270598561934,0,-0.0297859822928,0,-0.328051165043,37,6,0
121.9,1.02932,0.26870065068,0,-0.0460944006153,0,-0.323724635692,37,6,0
121.95,1.02932,0.265994117332,0,-0.0621033066131,0,-0.316092204251,37,6,0
122,1.02932,0.262498008298,0,-0.0776512563847,0,-0.30532044871,37,6,0
122.05,1.02932,0.258239202338,0,-0.0925870376607,0,-0.291652489193,37,6,0
122.1,1.02932,0.253251802331,0,-0.106773553467,0,-0.275410078646,37,6,0
122.15,1.02932,0.247576330678,0,-0.120091783545,0,-0.2569946018,37,6,0
122.2,1.02932,0.241258725889,0,-0.132444765866,0,-0.236886859403,37,6,0
122.25,1.02932,0.234349140899,0,-0.14376153449,0,-0.215645519196,37,6,0
122.3,1.02932,0.226900547025,0,-0.154000944316,0,-0.193904121728,37,6,0
122.35,1.02932,0.218967151055,0,-0.163155307807,0,-0.172366538009,37,6,0
122.4,1.02932,0.210602636864,0,-0.171253763966,0,-0.151800787217,37,6,0
122.45,1.02932,0.201853143329,0,-0.178665558738,0,-0.144550498778,37,6,0
122.5,1.02932,0.192742424371,0,-0.185696748764,0,-0.136576407009,37,6,0
122.55,1.02932,0.183290415135,0,-0.192311141124,0,-0.127878923488,37,6,0
122.6,1.02932,0.173518858577,0,-0.19847264315,0,-0.118461674916,37,6,0
122.65,1.02932,0.16345129636,0,-0.204145427356,0,-0.108331668807,37,6,0
122.7,1.02932,0.153113051304,0,-0.209294104458,0,-0.0974994512745,37,6,0
122.75,1.02932,0.142531200987,0,-0.213883904053,0,-0.0859792554037,37,6,0
122.8,1.02932,0.131734542141,0,-0.217880862456,0,-0.0737891386969,37,6,0
122.85,1.02932,0.120753545471,0,-0.221252017099,0,-0.0609511079915,37,6,0
122.9,1.02932,0.109620300627,0,-0.223965606828,0,-0.0474912302462,37,6,0
122.95,1.02932,0.0983684510066,0,-0.225991277355,0,-0.0334397275473,37,6,0
123,1.02932,0.087033118189,0,-0.227300291028,0,-0.0188310546754,37,6,0
123.05,1.02932,0.0756508157849,0,-0.227865740012,0,-0.00370395756384,37,6,0
123.1,1.02932,0.0642593525632,0,-0.227662761878,0,0.0118984890151,37,6,0
123.15,1.02932,0.0528977247616,0,-0.226668756524,0,0.0279288661837,37,6,0
123.2,1.02932,0.0416059975402,0,-0.224863603262,0,0.0443354197308,37,6,0
123.25,1.02932,0.0304251756044,0,-0.22222987684,0,0.0610620944966,37,6,0
123.3,1.02932,0.0193970630786,0,-0.218753061062,0,0.0780485958876,37,6,0
123.35,1.02932,0.00856411278921,0,-0.214421758633,0,0.0952304799631,37,6,0
123.4,1.02932,-0.00203073482034,0,-0.209227895752,0,0.112539273446,37,6,0
123.45,1.02932,-0.0123442228415,0,-0.203166919934,0,0.129902624902,37,6,0
123.5,1.02932,-0.0223329587408,0,-0.196237989463,0,0.147244488212,37,6,0
123.55,1.02932,-0.0319536044302,0,-0.188444152854,0,0.164485339302,37,6,0
123.6,1.02932,-0.0411630750247,0,-0.17979251662,0,0.181542426967,37,6,0
123.65,1.02932,-0.0499187456611,0,-0.170294399637,0,0.198330058403,37,6,0
123.7,1.02932,-0.0581786656632,0,-0.159965472352,0,0.2147599199,37,6,0
123.75,1.02932,-0.065901779252,0,-0.148825879078,0,0.230741432908,37,6,0
123.8,1.02932,-0.0730481519102,0,-0.136900341596,0,0.246182145464,37,6,0
123.85,1.02932,-0.0795792014234,0,-0.124218242304,0,0.260988158709,37,6,0
123.9,1.02932,-0.0854579325314,0,-0.110813685183,0,0.275064587956,37,6,0
123.95,1.02932,-0.0906491740364,0,-0.096725532855,0,0.288316057474,37,6,0
124,1.02932,-0.0951198171329,0,-0.0819974180828,0,0.300647227873,37,6,0
124.05,1.02932,-0.0988390536394,0,-0.0666777281173,0,0.311963354613,37,6,0
124.1,1.02932,-0.101778612738,0,-0.0508195603764,0,0.322170875885,37,6,0
124.15,1.02932,-0.103912994748,0,-0.034480648039,0,0.331178027715,37,6,0
124.2,1.02932,-0.105219700409,0,-0.017723254254,0,0.338895483842,37,6,0
124.25,1.02932,-0.105679454049,0,-0.000614033794843,0,0.34523701751,37,6,0
124.3,1.02932,-0.10527641902,0,0.0167761388582,0,0.350120182,37,6,0
124.35,1.02932,-0.10399840366,0,0.0343723758569,0,0.353467006323,37,6,0
124.4,1.02932,-0.101837056081,0,0.0520960174067,0,0.355204702162,37,6,0
124.45,1.02932,-0.0987880459859,0,0.0698649087284,0,0.355266377757,37,6,0
124.5,1.02932,-0.0948512317521,0,0.0875937127912,0,0.353591754121,37,6,0
124.55,1.02932,-0.0900308109775,0,0.105194258812,0,0.350127878569,37,6,0
124.6,1.02932,-0.0843354527167,0,0.122575926255,0,0.344829830291,37,6,0
124.65,1.02932,-0.0777784096385,0,0.139646063791,0,0.337661412322,37,6,0
124.7,1.02932,-0.0703776083779,0,0.1563104424,0,0.328595824024,37,6,0
124.75,1.02932,-0.0621557164033,0,0.172473741473,0,0.317616307924,37,6,0
124.8,1.02932,-0.0531401837816,0,0.188040066493,0,0.30471676452,37,6,0
124.85,1.02932,-0.0433632583072,0,0.202913496509,0,0.289902328495,37,6,0
124.9,1.02932,-0.0328619725544,0,0.216998659322,0,0.273189899608,37,6,0
124.95,1.02932,-0.0216781015281,0,0.230201331942,0,0.254608621466,37,6,0
125,1.02932,-0.00985808971767,0,0.242429063531,0,0.234200301288,37,6,0
125.05,1.02932,0.00254705349546,0,0.253591817723,0,0.212019763815,37,6,0
125.1,1.02932,0.0154818909578,0,0.263602630844,0,0.188135132551,37,6,0
125.15,1.02932,0.0288867280951,0,0.272378282246,0,0.162628031665,37,6,0
125.2,1.02932,0.0426978169967,0,0.279839972614,0,0.135593702078,37,6,0
125.25,1.02932,0.0568475945231,0,0.285914005794,0,0.107141025497,37,6,0
125.3,1.02932,0.0712649544948,0,0.290532469411,0,0.0773924505367,37,6,0
125.35,1.02932,0.0858755537769,0,0.293633909224,0,0.0464838154319,37,6,0
125.4,1.02932,0.100602151816,0,0.295163991922,0,0.0145640623817,37,6,0
125.45,1.02932,0.11536498291,0,0.295076150845,0,-0.0182051609011,37,6,0
125.5,1.02932,0.130082160225,0,0.293332208871,0,-0.0516500161892,37,6,0
125.55,1.02932,0.144670110254,0,0.289902972587,0,-0.0855851093192,37,6,0
125.6,1.02932,0.159044036147,0,0.284768791684,0,-0.119814246571,37,6,0
125.65,1.02932,0.173118408012,0,0.277920077462,0,-0.154131314174,37,6,0
125.7,1.02932,0.18680747799,0,0.269357774272,0,-0.188321281309,37,6,0
125.75,1.02932,0.200025817596,0,0.25909377773,0,-0.222161325928,37,6,0
125.8,1.02932,0.212688874518,0,0.247151293609,0,-0.255422081617,37,6,0
125.85,1.02932,0.224713545747,0,0.233565131417,0,-0.287869002551,37,6,0
125.9,1.02932,0.236018763631,0,0.218381926859,0,-0.319263842364,37,6,0
125.95,1.02932,0.246526091162,0,0.201660287617,0,-0.349366241496,37,6,0
126,1.02932,0.256160322526,0,0.183470857198,0,-0.377935416247,37,6,0
126.05,1.02932,0.264850084685,0,0.163896291939,0,-0.404731941437,37,6,0
126.1,1.02932,0.272528435554,0,0.143031146744,0,-0.429519617203,37,6,0
126.15,1.02932,0.279133454097,0,0.120981665595,0,-0.452067409097,37,6,0
126.2,1.02932,0.284608817495,0,0.0978654734801,0,-0.472151449275,37,6,0
126.25,1.02932,0.288904360389,0,0.0738111670123,0,-0.489557085246,37,6,0
126.3,1.02932,0.291976611075,0,0.0489578017289,0,-0.504080961308,37,6,0
126.35,1.02932,0.293789299461,0,0.023454274836,0,-0.515533116575,37,6,0
126.4,1.02932,0.294313831529,0,-0.0025413970054,0,-0.523739082276,37,6,0
126.45,1.02932,0.293529725072,0,-0.0288629043592,0,-0.528541959932,37,6,0
126.5,1.02932,0.291425001518,0,-0.0553365747219,0,-0.529804460989,37,6,0
126.55,1.02932,0.287996528739,0,-0.0817824028266,0,-0.527410887612,37,6,0
126.6,1.02932,0.283250309897,0,-0.10801517808,0,-0.521269033601,37,6,0
126.65,1.02932,0.277201713584,0,-0.133845704599,0,-0.511311983806,37,6,0
126.7,1.02932,0.269875640763,0,-0.159082108218,0,-0.497499789982,37,6,0
126.75,1.02932,0.261306624319,0,-0.183531223741,0,-0.47982100083,37,6,0
126.8,1.02932,0.251538857403,0,-0.207000054585,0,-0.458294023933,37,6,0
126.85,1.02932,0.240626147167,0,-0.229297295854,0,-0.432968297521,37,6,0
126.9,1.02932,0.228631790969,0,-0.250234910799,0,-0.403925250416,37,6,0
126.95,1.02932,0.215628372653,0,-0.269629749537,0,-0.371279029239,37,6,0
127,1.02932,0.201697477078,0,-0.287305197898,0,-0.335176972896,37,6,0
127.05,1.02932,0.186929321731,0,-0.303092843285,0,-0.295799815574,37,6,0
127.1,1.02932,0.171422304908,0,-0.316834143525,0,-0.253361601027,37,6,0
127.15,1.02932,0.155282470688,0,-0.328382083906,0,-0.208109292649,37,6,0
127.2,1.02932,0.13862289167,0,-0.33760280681,0,-0.160322065959,37,6,0
127.25,1.02932,0.121562971249,0,-0.344377197808,0,-0.110310272428,37,6,0
127.3,1.02932,0.104227668026,0,-0.348602411547,0,-0.0584140662056,37,6,0
127.35,1.02932,0.0867466457787,0,-0.350193320417,0,-0.00500168819445,37,6,0
127.4,1.02932,0.0692533532871,0,-0.349083868803,0,0.0495325949602,37,6,0
127.45,1.02932,0.0518840391713,0,-0.34522831567,0,0.104770896009,37,6,0
127.5,1.02932,0.0347767077427,0,-0.338602348379,0,0.16027445184,37,6,0
127.55,1.02932,0.0180700227383,0,-0.329204050933,0,0.215586699518,37,6,0
127.6,1.02932,0.00190216662047,0,-0.317054710391,0,0.270236671376,37,6,0
127.65,1.02932,-0.0135903360715,0,-0.30219944588,0,0.32374269286,37,6,0
127.7,1.02932,-0.0282738220784,0,-0.284707645568,0,0.375616362661,37,6,0
127.75,1.02932,-0.0420187095411,0,-0.264673198066,0,0.425366790486,37,6,0
127.8,1.02932,-0.0547007242954,0,-0.24221450611,0,0.472505063582,37,6,0
127.85,1.02932,-0.0662021211824,0,-0.217474271862,0,0.516548908986,37,6,0
127.9,1.02932,-0.0764128887261,0,-0.190619044983,0,0.557027514402,37,6,0
127.95,1.02932,-0.0852319251344,0,-0.161838526534,0,0.593486466655,37,6,0
128,1.02932,-0.0925681732883,0,-0.131344623944,0,0.625492763004,37,6,0
128.05,1.02932,-0.0983417021983,0,-0.0993702545857,0,0.652639847086,37,6,0
128.1,1.02932,-0.102484722352,0,-0.0661678980073,0,0.674552618186,37,6,0
128.15,1.02932,-0.104942522437,0,-0.0320078994814,0,0.690892359723,37,6,0
128.2,1.02932,-0.105674315135,0,0.00282346967501,0,0.701361530587,37,6,0
128.25,1.02932,-0.104653980017,0,0.0380261867102,0,0.705708361095,37,6,0
128.3,1.02932,-0.101870692059,0,0.0732888757248,0,0.703731194139,37,6,0
128.35,1.02932,-0.097329424952,0,0.108291415394,0,0.695282511413,37,6,0
128.4,1.02932,-0.091051319128,0,0.142707738873,0,0.680272584624,37,6,0
128.45,1.02932,-0.0830739054165,0,0.176208805655,0,0.658672692354,37,6,0
128.5,1.02932,-0.0734511762771,0,0.208465722196,0,0.630517844645,37,6,0
128.55,1.02932,-0.062253497821,0,0.239152985298,0,0.595908959685,37,6,0
128.6,1.02932,-0.0495673571865,0,0.267951819533,0,0.555014439967,37,6,0
128.65,1.02932,-0.035494941339,0,0.294553577427,0,0.508071099218,37,6,0
128.7,1.02932,-0.0201535449882,0,0.318663168838,0,0.455384396036,37,6,0
128.75,1.02932,-0.00367480704444,0,0.340002483868,0,0.397327935767,37,6,0
128.8,1.02932,0.0137962231317,0,0.358313771891,0,0.334342208432,37,6,0
128.85,1.02932,0.0321021865275,0,0.373362937836,0,0.266932537694,37,6,0
128.9,1.02932,0.0510746771917,0,0.384942715828,0,0.195666223713,37,6,0
128.95,1.02932,0.0705356597206,0,0.392875679615,0,0.121168871337,37,6,0
129,1.02932,0.0902990323349,0,0.397017049037,0,0.0441199042961,37,6,0
129.05,1.02932,0.110172324337,0,0.397257252051,0,-0.0347527241265,37,6,0
129.1,1.02932,0.12995851473,0,0.393524202603,0,-0.114678603217,37,6,0
129.15,1.02932,0.14945795682,0,0.385785255973,0,-0.194851688354,37,6,0
129.2,1.02932,0.16847039176,0,0.374048804997,0,-0.274437833653,37,6,0
129.25,1.02932,0.186797032207,0,0.358365483031,0,-0.352582980373,37,6,0
129.3,1.02932,0.20424269564,0,0.338828942416,0,-0.428421936728,37,6,0
129.35,1.02932,0.2206179654,0,0.315576180707,0,-0.501087673795,37,6,0
129.4,1.02932,0.235741356237,0,0.28878739098,0,-0.569721051648,37,6,0
129.45,1.02932,0.249441460062,0,0.258685317053,0,-0.633480879682,37,6,0
129.5,1.02932,0.261559046779,0,0.225534099515,0,-0.691554205604,37,6,0
129.55,1.02932,0.271949094494,0,0.189637603957,0,-0.74316671881,37,6,0
129.6,1.02932,0.280482723132,0,0.151337228692,0,-0.787593146179,37,6,0
129.65,1.02932,0.287049005474,0,0.111009195557,0,-0.824167511622,37,6,0
129.7,1.02932,0.291556630014,0,0.0690613339079,0,-0.8522931255,37,6,0
129.75,1.02932,0.293935390694,0,0.025929374775,0,-0.871452166078,37,6,0
129.8,1.02932,0.294137479565,0,-0.0179272209475,0,-0.881214713008,37,6,0
129.85,1.02932,0.292138559854,0,-0.0620298693547,0,-0.881247092281,37,6,0
129.9,1.02932,0.287938598579,0,-0.105885867514,0,-0.871319393443,37,6,0
129.95,1.02932,0.28156243996,0,-0.148993749775,0,-0.851312023226,37,6,0
130,1.02932,0.273060103261,0,-0.190848944939,0,-0.821221165055,37,6,0
130.05,1.02932,0.262506791449,0,-0.230949676466,0,-0.781163021384,37,6,0
130.1,1.02932,0.25000260008,0,-0.268803041988,0,-0.731376725416,37,6,0
130.15,1.02932,0.235671919156,0,-0.303931202991,0,-0.67222582045,37,6,0
130.2,1.02932,0.219662524273,0,-0.335877610795,0,-0.60419821896,37,6,0
130.25,1.02932,0.202144357182,0,-0.364213190943,0,-0.527904569345,37,6,0
130.3,1.02932,0.183307999851,0,-0.388542404948,0,-0.444074976098,37,6,0
130.35,1.02932,0.163362850235,0,-0.408509106128,0,-0.353554038748,37,6,0
130.4,1.02932,0.142535012167,0,-0.423802105016,0,-0.257294196146,37,6,0
130.45,1.02932,0.121064915994,0,-0.434160359776,0,-0.156347385344,37,6,0
130.5,1.02932,0.0992046908221,0,-0.439377708057,0,-0.0518550481658,37,6,0
130.55,1.02932,0.0772153133254,0,-0.439307059028,0,0.0549634567083,37,6,0
130.6,1.02932,0.0553635620779,0,-0.433863967826,0,0.162823952926,37,6,0
130.65,1.02932,0.0339188101362,0,-0.423029519486,0,0.270391948124,37,6,0
130.7,1.02932,0.0131496920959,0,-0.406852455463,0,0.376298403741,37,6,0
130.75,1.02932,-0.00667931498666,0,-0.385450483235,0,0.479156613683,37,6,0
130.8,1.02932,-0.0253113546486,0,-0.359010718016,0,0.577580008384,37,6,0
130.85,1.02932,-0.0425006535828,0,-0.327789215394,0,0.670200678103,37,6,0
130.9,1.02932,-0.058015937448,0,-0.292109564499,0,0.755688388188,37,6,0
130.95,1.02932,-0.0716437524405,0,-0.252360523217,0,0.832769840282,37,6,0
131,1.02932,-0.0831916445271,0,-0.208992689615,0,0.900247917145,37,6,0
131.05,1.02932,-0.0924911482874,0,-0.16251421726,0,0.957020635615,37,6,0
131.1,1.02932,-0.0994005380399,0,-0.113485596113,0,1.00209952238,37,6,0
131.15,1.02932,-0.103807295375,0,-0.0625135351181,0,1.03462712126,37,6,0
131.2,1.02932,-0.105630249387,0,-0.0102439972673,0,1.05389333871,37,6,0
131.25,1.02932,-0.104821348803,0,0.0426455475126,0,1.05935033679,37,6,0
131.3,1.02932,-0.101367028832,0,0.0954545718646,0,1.05062568974,37,6,0
131.35,1.02932,-0.0952891399077,0,0.147468549237,0,1.02753353248,37,6,0
131.4,1.02932,-0.0866454104932,0,0.197968513976,0,0.990083445538,37,6,0
131.45,1.02932,-0.0755294218001,0,0.246241004165,0,0.938486843079,37,6,0
131.5,1.02932,-0.0620700784824,0,0.291588257064,0,0.87316065685,37,6,0
131.55,1.02932,-0.0464305661381,0,0.33333851741,0,0.794728140138,37,6,0
131.6,1.02932,-0.0288067936372,0,0.37085631091,0,0.704016651577,37,6,0
131.65,1.02932,-0.00942532583594,0,0.403552529251,0,0.602052318526,37,6,0
131.7,1.02932,0.0114591799681,0,0.430894168989,0,0.490051523395,37,6,0
131.75,1.02932,0.0335670125537,0,0.452413565023,0,0.369409203318,37,6,0
131.8,1.02932,0.0565968910251,0,0.467716960124,0,0.241684003257,37,6,0
131.85,1.02932,0.080229857693,0,0.476492255248,0,0.108580374413,37,6,0
131.9,1.02932,0.104133534865,0,0.478515791317,0,-0.0280722371301,37,6,0
131.95,1.02932,0.127966693559,0,0.473658021715,0,-0.166342912949,37,6,0
132,1.02932,0.15138407538,0,0.461887946004,0,-0.304225244238,37,6,0
132.05,1.02932,0.174041402679,0,0.443276189292,0,-0.439665469411,37,6,0
132.1,1.02932,0.195600506716,0,0.417996628083,0,-0.570592413862,37,6,0
132.15,1.02932,0.215734499058,0,0.386326482332,0,-0.694948831877,37,6,0
132.2,1.02932,0.234132907965,0,0.348644814485,0,-0.810723708353,37,6,0
132.25,1.02932,0.250506699088,0,0.305429399358,0,-0.915985040845,37,6,0
132.3,1.02932,0.264593098647,0,0.25725195348,0,-1.00891259139,37,6,0
132.35,1.02932,0.276160137318,0,0.204771738705,0,-1.08783007354,37,6,0
132.4,1.02932,0.285010834464,0,0.148727582039,0,-1.15123622377,37,6,0
132.45,1.02932,0.29098694517,0,0.089928381423,0,-1.19783419887,37,6,0
132.5,1.02932,0.293972196681,0,0.0292421951059,0,-1.22655874241,37,6,0
132.55,1.02932,0.293894946458,0,-0.0324159601175,0,-1.23660057452,37,6,0
132.6,1.02932,0.290730200981,0,-0.0940974497688,0,-1.22742748089,37,6,0
132.65,1.02932,0.284500942671,0,-0.154834324126,0,-1.19880160794,37,6,0
132.7,1.02932,0.27527872181,0,-0.213654381085,0,-1.15079251341,37,6,0
132.75,1.02932,0.263183480881,0,-0.269596767004,0,-1.08378557343,37,6,0
132.8,1.02932,0.248382590421,0,-0.321727874642,0,-0.99848540868,37,6,0
132.85,1.02932,0.231089087839,0,-0.369157282182,0,-0.895914063509,37,6,0
132.9,1.02932,0.211559123822,0,-0.411053465959,0,-0.777403751023,37,6,0
132.95,1.02932,0.190088634461,0,-0.446659012319,0,-0.644584063945,37,6,0
133,1.02932,0.167009271092,0,-0.475305051313,0,-0.499363644286,37,6,0
133.05,1.02932,0.142683633646,0,-0.496424637037,0,-0.343906402795,37,6,0
133.1,1.02932,0.117499866927,0,-0.509564806483,0,-0.180602480575,37,6,0
133.15,1.02932,0.0918656923429,0,-0.514397060956,0,-0.0120342483739,37,6,0
133.2,1.02932,0.0662019600231,0,-0.510726031501,0,0.159062257993,37,6,0
133.25,1.02932,0.0409358176122,0,-0.498496112188,0,0.329839966761,37,6,0
133.3,1.02932,0.0164936022031,0,-0.477795872565,0,0.497386867755,37,6,0
133.35,1.02932,-0.00670642949734,0,-0.448860092638,0,0.65877489162,37,6,0
133.4,1.02932,-0.0282614107306,0,-0.412069300225,0,0.811110801606,37,6,0
133.45,1.02932,-0.0477910869224,0,-0.367946730787,0,0.951588256631,37,6,0
133.5,1.02932,-0.064944820623,0,-0.317152673505,0,1.07754014442,37,6,0
133.55,1.02932,-0.0794082485158,0,-0.26047621359,0,1.18649023756,37,6,0
133.6,1.02932,-0.0909094615584,0,-0.198824429049,0,1.27620319522,37,6,0
133.65,1.02932,-0.0992245834587,0,-0.133209149349,0,1.34473191998,37,6,0
133.7,1.02932,-0.104182629298,0,-0.0647314329183,0,1.39046128484,37,6,0
133.75,1.02932,-0.105669535188,0,0.00543603085812,0,1.41214726958,37,6,0
133.8,1.02932,-0.103631261301,0,0.0760683424976,0,1.40895059037,37,6,0
133.85,1.02932,-0.0980758843953,0,0.145909339172,0,1.38046397045,37,6,0
133.9,1.02932,-0.0890746118019,0,0.213693729827,0,1.32673228424,37,6,0
133.95,1.02932,-0.0767616666579,0,0.278170045264,0,1.24826491033,37,6,0
134,1.02932,-0.0613330136196,0,0.338123999496,0,1.14603975047,37,6,0
134.05,1.02932,-0.0430439150887,0,0.392401834979,0,1.02149850996,37,6,0
134.1,1.02932,-0.0222053298042,0,0.43993320781,0,0.876532987915,37,6,0
134.15,1.02932,0.000820811907346,0,0.479753160545,0,0.713462291552,37,6,0
134.2,1.02932,0.0256273992781,0,0.511022730317,0,0.535001064098,37,6,0
134.25,1.02932,0.0517689192672,0,0.53304774897,0,0.344218998041,37,6,0
134.3,1.02932,0.0787691206306,0,0.54529541013,0,0.144492091137,37,6,0
134.35,1.02932,0.106129442165,0,0.547408205648,0,-0.0605537122356,37,6,0
134.4,1.02932,0.133338064403,0,0.539214870541,0,-0.267105670572,37,6,0
134.45,1.02932,0.159879427091,0,0.520738021107,0,-0.471233188835,37,6,0
134.5,1.02932,0.185244040334,0,0.492198224807,0,-0.668961398534,37,6,0
134.55,1.02932,0.208938405727,0,0.454014302087,0,-0.856348072079,37,6,0
134.6,1.02932,0.230494855491,0,0.40679972862,0,-1.0295624447,37,6,0
134.65,1.02932,0.249481112862,0,0.351355080402,0,-1.18496441649,37,6,0
134.7,1.02932,0.265509376081,0,0.288656542491,0,-1.31918253375,37,6,0
134.75,1.02932,0.278244731362,0,0.219840583397,0,-1.42918910522,37,6,0
134.8,1.02932,0.287412707394,0,0.146184979784,0,-1.51237079867,37,6,0
134.85,1.02932,0.292805795228,0,0.0690864584129,0,-1.56659308672,37,6,0
134.9,1.02932,0.294288772767,0,-0.00996469754479,0,-1.59025697137,37,6,0
134.95,1.02932,0.29180269234,0,-0.0894126544179,0,-1.58234651257,37,6,0
135,1.02932,0.285367412836,0,-0.167666152203,0,-1.54246581928,37,6,0
135.05,1.02932,0.275082584153,0,-0.243130189995,0,-1.47086432916,37,6,0
135.1,1.02932,0.261127020975,0,-0.314238661898,0,-1.36844940435,37,6,0
135.15,1.02932,0.243756434533,0,-0.379487289681,0,-1.23678550283,37,6,0
135.2,1.02932,0.223299524525,0,-0.437466167779,0,-1.07807944363,37,6,0
135.25,1.02932,0.200152468083,0,-0.486891219126,0,-0.895151565925,37,6,0
135.3,1.02932,0.17477187785,0,-0.526633857715,0,-0.69139288101,37,6,0
135.35,1.02932,0.147666336224,0,-0.555748166455,0,-0.470708627208,37,6,0
135.4,1.02932,0.119386646713,0,-0.573494927319,0,-0.237448953632,37,6,0
135.45,1.02932,0.0905149754772,0,-0.579361884933,0,0.00367222668757,37,6,0
135.5,1.02932,0.0616530856597,0,-0.573079684472,0,0.247668868269,37,6,0
135.55,1.02932,0.0334098932222,0,-0.554632999372,0,0.489383273885,37,6,0
135.6,1.02932,0.00638859510661,0,-0.524266452859,0,0.723593523663,37,6,0
135.65,1.02932,-0.0188263621567,0,-0.482485038354,0,0.945125717308,37,6,0
135.7,1.02932,-0.0416821932731,0,-0.430048855665,0,1.14896869782,37,6,0
135.75,1.02932,-0.0616702781485,0,-0.367962100446,0,1.33038877326,37,6,0
135.8,1.02932,-0.0783379727305,0,-0.297456371317,0,1.48504185176,37,6,0
135.85,1.02932,-0.0912994469364,0,-0.219968489708,0,1.60908035851,37,6,0
135.9,1.02932,-0.100245282922,0,-0.137113158958,0,1.69925231649,37,6,0
135.95,1.02932,-0.104950586518,0,-0.0506509185168,0,1.75299004707,37,6,0
136,1.02932,-0.105281390591,0,0.0375480268804,0,1.76848608412,37,6,0
136.05,1.02932,-0.101199160995,0,0.125543407617,0,1.74475409569,37,6,0
136.1,1.02932,-0.0927632532191,0,0.211367119745,0,1.68167286861,37,6,0
136.15,1.02932,-0.0801312101149,0,0.293067196737,0,1.58001173092,37,6,0
136.2,1.02932,-0.0635568373957,0,0.368752561372,0,1.44143615928,37,6,0
136.25,1.02932,-0.0433860430764,0,0.436637544309,0,1.26849273758,37,6,0
136.3,1.02932,-0.0200504785285,0,0.49508512555,0,1.06457309062,37,6,0
136.35,1.02932,0.00594092870475,0,0.542647848222,0,0.83385690388,37,6,0
136.4,1.02932,0.0340124080111,0,0.578105372295,0,0.581234646443,37,6,0
136.45,1.02932,0.063533551772,0,0.600497679501,0,0.312211127437,37,6,0
136.5,1.02932,0.0938330536198,0,0.609153010018,0,0.0327915249109,37,6,0
136.55,1.02932,0.124213694403,0,0.603709705787,0,-0.250647983442,37,6,0
136.6,1.02932,0.15396825298,0,0.584131253444,0,-0.531502398578,37,6,0
136.65,1.02932,0.182395987018,0,0.550713959919,0,-0.803089882555,37,6,0
136.7,1.02932,0.208819304543,0,0.504086853234,0,-1.05881018101,37,6,0
136.75,1.02932,0.232600230955,0,0.445203576811,0,-1.29230583058,37,6,0
136.8,1.02932,0.25315626928,0,0.375326234029,0,-1.49762228404,37,6,0
136.85,1.02932,0.269975254197,0,0.296001336597,0,-1.66936296213,37,6,0
136.9,1.02932,0.282628813037,0,0.209028210976,0,-1.80283521232,37,6,0
136.95,1.02932,0.290784069681,0,0.116420416716,0,-1.8941832273,37,6,0
137,1.02932,0.294213259855,0,0.0203609239503,0,-1.94050415175,37,6,0
137.05,1.02932,0.292800968276,0,-0.0768480207031,0,-1.93994388613,37,6,0
137.1,1.02932,0.286548748793,0,-0.172839245146,0,-1.89176947796,37,6,0
137.15,1.02932,0.275576947088,0,-0.265237981125,0,-1.79641546947,37,6,0
137.2,1.02932,0.260123610507,0,-0.351720815557,0,-1.65550213756,37,6,0
137.25,1.02932,0.240540439714,0,-0.430074820163,0,-1.47182420702,37,6,0
137.3,1.02932,0.217285810527,0,-0.498255362263,0,-1.24930932747,37,6,0
137.35,1.02932,0.190914969742,0,-0.5544410829,0,-0.992946362901,37,6,0
137.4,1.02932,0.162067584049,0,-0.597084550553,0,-0.708684331958,37,6,0
137.45,1.02932,0.131452894331,0,-0.624957160613,0,-0.403303637953,37,6,0
137.5,1.02932,0.0998327967891,0,-0.637186952605,0,-0.0842620183505,37,6,0
137.55,1.02932,0.0680032353306,0,-0.633288157807,0,0.240481596594,37,6,0
137.6,1.02932,0.0367743447814,0,-0.613181467312,0,0.562661420091,37,6,0
137.65,1.02932,0.00694982980324,0,-0.577204221526,0,0.873912812558,37,6,0
137.7,1.02932,-0.0206939015197,0,-0.52610996231,0,1.16598888963,37,6,0
137.75,1.02932,-0.0454283090554,0,-0.461057053162,0,1.43098025001,37,6,0
137.8,1.02932,-0.0665924488419,0,-0.383586354876,0,1.66153204923,37,6,0
137.85,1.02932,-0.0836113166981,0,-0.29558823708,0,1.8510525011,37,6,0
137.9,1.02932,-0.0960122872089,0,-0.199259502274,0,1.99390690091,37,6,0
137.95,1.02932,-0.103439164218,0,-0.0970510906495,0,2.08559143947,37,6,0
138,1.02932,-0.105663409424,0,0.00839228734391,0,2.12288141785,37,6,0
138.05,1.02932,-0.102592179554,0,0.114299186141,0,2.10394897707,37,6,0
138.1,1.02932,-0.0942728786797,0,0.217843494965,0,2.02844611797,37,6,0
138.15,1.02932,-0.0808940188391,0,0.316219717924,0,1.89754959342,37,6,0
138.2,1.02932,-0.0627822772448,0,0.406719491704,0,1.71396519045,37,6,0
138.25,1.02932,-0.0403957396821,0,0.486807269855,0,1.48188996407,37,6,0
138.3,1.02932,-0.0143134245729,0,0.554193058658,0,1.20693211193,37,6,0
138.35,1.02932,0.0147787121605,0,0.606900103392,0,0.895989361437,37,6,0
138.4,1.02932,0.0461049878334,0,0.643325497542,0,0.557087946801,37,6,0
138.45,1.02932,0.078820017463,0,0.66229182134,0,0.199185448608,37,6,0
138.5,1.02932,0.11203105998,0,0.663088108683,0,-0.168058081397,37,6,0
138.55,1.02932,0.144822115146,0,0.645498689743,0,-0.534535218911,37,6,0
138.6,1.02932,0.176279134771,0,0.609818755517,0,-0.889966044598,37,6,0
138.65,1.02932,0.205515662552,0,0.556855833591,0,-1.22418555205,37,6,0
138.7,1.02932,0.23169818566,0,0.48791674323,0,-1.52743571285,37,6,0
138.75,1.02932,0.254070469628,0,0.404780002969,0,-1.7906539062,37,6,0
138.8,1.02932,0.271976157251,0,0.30965408429,0,-2.0057492287,37,6,0
138.85,1.02932,0.28487894248,0,0.205122328931,0,-2.16585825056,37,6,0
138.9,1.02932,0.292379681607,0,0.0940757625868,0,-2.26557208797,37,6,0
138.95,1.02932,0.294229875653,0,-0.020364568647,0,-2.30112721814,37,6,0
139,1.02932,0.290341048324,0,-0.134933753164,0,-2.2705532696,37,6,0
139.05,1.02932,0.28078965126,0,-0.246315360865,0,-2.17377206089,37,6,0
139.1,1.02932,0.265817249912,0,-0.35123742727,0,-2.01264341531,37,6,0
139.15,1.02932,0.245825876147,0,-0.446569331388,0,-1.79095471896,37,6,0
139.2,1.02932,0.221368573976,0,-0.529416711487,0,-1.51435277711,37,6,0
139.25,1.02932,0.193135308732,0,-0.597211532741,0,-1.19021821933,37,6,0
139.3,1.02932,0.16193455325,0,-0.647794476914,0,-0.827484457458,37,6,0
139.35,1.02932,0.128671002882,0,-0.679486968579,0,-0.436404961602,37,6,0
139.4,1.02932,0.09432,0,-0.69115038379,0,-0.0282743338823,37,6,0
139.45,1.02932,0.0598993638437,0,-0.682230301948,0,0.384889728845,37,6,0
139.5,1.02932,0.026439419002,0,-0.652784053296,0,0.790695037549,37,6,0
139.55,1.02932,-0.00504790799159,0,-0.60349027384,0,1.17674428842,37,6,0
139.6,1.02932,-0.0336000027623,0,-0.535639694893,0,1.53101443793,37,6,0
139.65,1.02932,-0.0583335418487,0,-0.451106951747,0,1.84223461181,37,6,0
139.7,1.02932,-0.0784725938004,0,-0.352303779428,0,2.10025073263,37,6,0
139.75,1.02932,-0.093373933515,0,-0.242114555611,0,2.29636505918,37,6,0
139.8,1.02932,-0.102548723349,0,-0.12381573302,0,2.42363921512,37,6,0
139.85,1.02932,-0.105679805654,0,-0.000981257341504,0,2.47715004732,37,6,0
139.9,1.02932,-0.102633969084,0,0.122623427245,0,2.45418878804,37,6,0
139.95,1.02932,-0.0934686924459,0,0.243155742155,0,2.35439547828,37,6,0
140,1.02932,-0.0784330313335,0,0.356815306993,0,2.17982240881,37,6,0
140.05,1.02932,-0.0579624898231,0,0.459964578072,0,1.9349224058,37,6,0
140.1,1.02932,-0.0326679069045,0,0.549246978005,0,1.62646007236,37,6,0
140.15,1.02932,-0.00331857943396,0,0.621698667427,0,1.26334653076,37,6,0
140.2,1.02932,0.0291799658837,0,0.674850199675,0,0.856400717852,37,6,0
140.25,1.02932,0.0638129558796,0,0.706814514691,0,0.418042788823,37,6,0
140.3,1.02932,0.099487344844,0,0.716358066999,0,-0.0380724014946,37,6,0
140.35,1.02932,0.135065864821,0,0.702952338051,0,-0.497471529062,37,6,0
140.4,1.02932,0.169403114245,0,0.666803544641,0,-0.945316545393,37,6,0
140.45,1.02932,0.201382553442,0,0.608859007863,0,-1.36688208453,37,6,0
140.5,1.02932,0.229953216636,0,0.530789372841,0,-1.74804142695,37,6,0
140.55,1.02932,0.25416492887,0,0.434946646549,0,-2.07574512247,37,6,0
140.6,1.02932,0.273200834644,0,0.32429882528,0,-2.33847608782,37,6,0
140.65,1.02932,0.286406103883,0,0.202342688575,0,-2.52666524564,37,6,0
140.7,1.02932,0.293311779261,0,0.0729971153023,0,-2.63305257255,37,6,0
140.75,1.02932,0.293652865163,0,-0.0595199971828,0,-2.65297977143,37,6,0
140.8,1.02932,0.287379929084,0,-0.190827485311,0,-2.58460265154,37,6,0
140.85,1.02932,0.274663686507,0,-0.31652507844,0,-2.42901364748,37,6,0
140.9,1.02932,0.255892264393,0,-0.43234128941,0,-2.1902676717,37,6,0
140.95,1.02932,0.231661079421,0,-0.534280097074,0,-1.87530759695,37,6,0
141,1.02932,0.202755517345,0,-0.618761379021,0,-1.49378900884,37,6,0
141.05,1.02932,0.17012685095,0,-0.682750121367,0,-1.05780734884,37,6,0
141.1,1.02932,0.13486207735,0,-0.723869676136,0,-0.581534066194,37,6,0
141.15,1.02932,0.0981485821767,0,-0.740494753248,0,-0.0807717914305,37,6,0
141.2,1.02932,0.0612347399662,0,-0.731820415092,0,0.427558289937,37,6,0
141.25,1.02932,0.0253877289792,0,-0.697904072702,0,0.925980869871,37,6,0
141.3,1.02932,-0.00815003229908,0,-0.639678343141,0,1.3970644122,37,6,0
141.35,1.02932,-0.0382043364364,0,-0.558933592044,0,1.82403238213,37,6,0
141.4,1.02932,-0.0637110024751,0,-0.458270022707,0,2.19136655587,37,6,0
141.45,1.02932,-0.0837545517416,0,-0.341020249122,0,2.48538074887,37,6,0
141.5,1.02932,-0.097602314171,0,-0.211144367726,0,2.69474365948,37,6,0
141.55,1.02932,-0.104732662246,0,-0.0731005825429,0,2.8109306656,37,6,0
141.6,1.02932,-0.104856246867,0,0.0683045981634,0,2.82858632494,37,6,0
141.65,1.02932,-0.0979293321646,0,0.208081726345,0,2.74578197526,37,6,0
141.7,1.02932,-0.0841585878127,0,0.341233772331,0,2.56415614108,37,6,0
141.75,1.02932,-0.063996989593,0,0.462935389471,0,2.28892933314,37,6,0
141.8,1.02932,-0.038130792059,0,0.568709683977,0,1.92878915447,37,6,0
141.85,1.02932,-0.00745786042628,0,0.654595999199,0,1.49564625977,37,6,0
141.9,1.02932,0.0269420293216,0,0.717302370166,0,1.004266493,37,6,0
141.95,1.02932,0.0638440045543,0,0.754336689648,0,0.471789277601,37,6,0
142,1.02932,0.10192082337,0,0.764111245562,0,-0.0828531229168,37,6,0
142.05,1.02932,0.139790067293,0,0.746016126307,0,-0.639596699721,37,6,0
142.1,1.02932,0.176064151221,0,0.700458021977,0,-1.17796477559,37,6,0
142.15,1.02932,0.209401358211,0,0.628862143415,0,-1.67781980827,37,6,0
142.2,1.02932,0.238556025275,0,0.533636298373,0,-2.12012063561,37,6,0
142.25,1.02932,0.262425993006,0,0.418097559117,0,-2.48765681289,37,6,0
142.3,1.02932,0.280095489094,0,0.286363378324,0,-2.76573167085,37,6,0
142.35,1.02932,0.290871743812,0,0.143210406675,0,-2.94276678357,37,6,0
142.4,1.02932,0.294313831529,0,-0.0060944180615,0,-3.01080268209,37,6,0
142.45,1.02932,0.290252491078,0,-0.155984758001,0,-2.96587383842,37,6,0
142.5,1.02932,0.278799991225,0,-0.300800986908,0,-2.80824009468,37,6,0
142.55,1.02932,0.260349465357,0,-0.435004005686,0,-2.54246169645,37,6,0
142.6,1.02932,0.235563529305,0,-0.553388737499,0,-2.17731074718,37,6,0
142.65,1.02932,0.205352403882,0,-0.651289071067,0,-1.72551803433,37,6,0
142.7,1.02932,0.170842173971,0,-0.724766127365,0,-1.20336056553,37,6,0
142.75,1.02932,0.133334212861,0,-0.770772152285,0,-0.630101551589,37,6,0
142.8,1.02932,0.094257168148,0,-0.787283080139,0,-0.0273007298341,37,6,0
142.85,1.02932,0.05511322848,0,-0.773393851626,0,0.58198141842,37,6,0
142.9,1.02932,0.0174206546525,0,-0.729371874192,0,1.17405708202,37,6,0
142.95,1.02932,-0.0173452481713,0,-0.656665539711,0,1.72552973721,37,6,0
143,1.02932,-0.0478104279285,0,-0.557866410888,0,2.2142227456,37,6,0
143.05,1.02932,-0.0727573389757,0,-0.436625491588,0,2.62008123417,37,6,0
143.1,1.02932,-0.0911749042323,0,-0.297525838538,0,2.92601050897,37,6,0
143.15,1.02932,-0.102301097486,0,-0.145915579706,0,3.11861568686,37,6,0
143.2,1.02932,-0.105656303548,0,0.0122928963302,0,3.18881014239,37,6,0
143.25,1.02932,-0.101065940997,0,0.170850298075,0,3.132264696,37,6,0
143.3,1.02932,-0.0886712292436,0,0.32341578574,0,2.94967509114,37,6,0
143.35,1.02932,-0.06892743449,0,0.463810814128,0,2.64683203852,37,6,0
143.4,1.02932,-0.0425894211857,0,0.586271356059,0,2.23448570989,37,6,0
143.45,1.02932,-0.0106848477248,0,0.685688195766,0,1.72800475843,37,6,0
143.5,1.02932,0.0255241429467,0,0.757825196813,0,1.14683841073,37,6,0
143.55,1.02932,0.0645893965745,0,0.799506087304,0,0.513798573119,37,6,0
143.6,1.02932,0.10493359516,0,0.808761354138,0,-0.145813131119,37,6,0
143.65,1.02932,0.144913303134,0,0.784928267851,0,-0.805201276325,37,6,0
143.7,1.02932,0.182885730339,0,0.728698823053,0,-1.43715728902,37,6,0
143.75,1.02932,0.217276519127,0,0.642112413798,0,-2.01518193891,37,6,0
143.8,1.02932,0.246645758945,0,0.528492291633,0,-2.5146037255,37,6,0
143.85,1.02932,0.269749442278,0,0.392327188973,0,-2.91364602583,37,6,0
143.9,1.02932,0.285593703763,0,0.239101836256,0,-3.19439663784,37,6,0
143.95,1.02932,0.293479427715,0,0.0750823586613,0,-3.34363612397,37,6,0
144,1.02932,0.293035161322,0,-0.092935392263,0,-3.35348608612,37,6,0
144.05,1.02932,0.284236719581,0,-0.257904729818,0,-3.22184505245,37,6,0
144.1,1.02932,0.267412397294,0,-0.41282298577,0,-2.95258781365,37,6,0
144.15,1.02932,0.243233292857,0,-0.551030089771,0,-2.55551351526,37,6,0
144.2,1.02932,0.212688874518,0,-0.666498160635,0,-2.04603822923,37,6,0
144.25,1.02932,0.17704855627,0,-0.754099454003,0,-1.44463867249,37,6,0
144.3,1.02932,0.137810670409,0,-0.809840620369,0,-0.77606475245,37,6,0
144.35,1.02932,0.096640799486,0,-0.831052379109,0,-0.068349218042,37,6,0
144.4,1.02932,0.0553019355968,0,-0.816525375391,0,0.648347602127,37,6,0
144.45,1.02932,0.0155793455019,0,-0.766585101147,0,1.34301164619,37,6,0
144.5,1.02932,-0.0207966848603,0,-0.683101250181,0,1.98511465113,37,6,0
144.55,1.02932,-0.0522268896008,0,-0.569429642911,0,2.54596203244,37,6,0
144.6,1.02932,-0.0773144885463,0,-0.43028778446,0,2.99998974081,37,6,0
144.65,1.02932,-0.0949288494858,0,-0.271568085542,0,3.32595127586,37,6,0
144.7,1.02932,-0.104258391075,0,-0.100095647597,0,3.50793923911,37,6,0
144.75,1.02932,-0.104850182924,0,0.0766598400116,0,3.53619161148,37,6,0
144.8,1.02932,-0.0966342358525,0,0.250906248424,0,3.40764117545,37,6,0
144.85,1.02932,-0.079931115283,0,0.414871533308,0,3.1261768813,37,6,0
144.9,1.02932,-0.0554422283394,0,0.56115170132,0,2.70259808402,37,6,0
144.95,1.02932,-0.0242229002509,0,0.683048662618,0,2.15425596171,37,6,0
145,1.02932,0.0123608652295,0,0.774882478815,0,1.50439049763,37,6,0
145.05,1.02932,0.0526902885442,0,0.832263289368,0,0.781185545813,37,6,0
145.1,1.02932,0.094964025381,0,0.852309667992,0,0.0165780535729,37,6,0
145.15,1.02932,0.137277719211,0,0.833802278936,0,-0.755130162912,37,6,0
145.2,1.02932,0.177709437047,0,0.777264393504,0,-1.4987992172,37,6,0
145.25,1.02932,0.214407185396,0,0.684963983923,0,-2.18004957393,37,6,0
145.3,1.02932,0.245674525433,0,0.560835602369,0,-2.76685992241,37,6,0
145.35,1.02932,0.270050308192,0,0.410323925798,0,-3.2310903166,37,6,0
145.4,1.02932,0.286378737135,0,0.240154536107,0,-3.54985779039,37,6,0
145.45,1.02932,0.293866333239,0,0.0580410375072,0,-3.70669651598,37,6,0
145.5,1.02932,0.292122914689,0,-0.127659182094,0,-3.69244278515,37,6,0
145.55,1.02932,0.281184388829,0,-0.308325523271,0,-3.50579638809,37,6,0
145.6,1.02932,0.261515960145,0,-0.475473975734,0,-3.15352390855,37,6,0
145.65,1.02932,0.233995249882,0,-0.62115771161,0,-2.65028547688,37,6,0
145.7,1.02932,0.199875760656,0,-0.738349543481,0,-2.018083926,37,6,0
145.75,1.02932,0.16073205963,0,-0.821287715786,0,-1.28535329329,37,6,0
145.8,1.02932,0.118388951762,0,-0.865767791803,0,-0.485721356367,37,6,0
145.85,1.02932,0.0748377260779,0,-0.869365554952,0,0.343502483576,37,6,0
145.9,1.02932,0.0321432414801,0,-0.831578785245,0,1.16304799475,37,6,0
145.95,1.02932,-0.00765386218032,0,-0.753879381442,0,1.93353568946,37,6,0
146,1.02932,-0.0426352168785,0,-0.639671422143,0,2.61737278653,37,6,0
146.05,1.02932,-0.0710983221193,0,-0.494155209788,0,3.1806026203,37,6,0
146.1,1.02932,-0.0916410790911,0,-0.324101913,0,3.59461631727,37,6,0
146.15,1.02932,-0.103233002237,0,-0.137547894506,0,3.83763979337,37,6,0
146.2,1.02932,-0.105269407109,0,0.0565780388649,0,3.89591776707,37,6,0
146.25,1.02932,-0.0976056281594,0,0.2488776154,0,3.76452926043,37,6,0
146.3,1.02932,-0.0805692379832,0,0.4299365784,0,3.44778547463,37,6,0
146.35,1.02932,-0.0549492795401,0,0.590786955892,0,2.95918028545,37,6,0
146.4,1.02932,-0.021962636864,0,0.723355450782,0,2.32088503764,37,6,0
146.45,1.02932,0.0168011956816,0,0.820875426397,0,1.56280182127,37,6,0
146.5,1.02932,0.059454586442,0,0.878241235949,0,0.721211891423,37,6,0
146.55,1.02932,0.103902114958,0,0.892286017632,0,-0.16292278997,37,6,0
146.6,1.02932,0.147942565831,0,0.861967463732,0,-1.04592787311,37,6,0
146.65,1.02932,0.189377666541,0,0.788450331763,0,-1.88356206629,37,6,0
146.7,1.02932,0.226122227354,0,0.675079408693,0,-2.63323549212,37,6,0
146.75,1.02932,0.256310160568,0,0.52724203514,0,-3.2561902161,37,6,0
146.8,1.02932,0.278390951123,0,0.352124883234,0,-3.71953114937,37,6,0
146.85,1.02932,0.291211523697,0,0.158375179692,0,-3.99800016567,37,6,0
146.9,1.02932,0.294079091241,0,-0.0443183104938,0,-4.07539655898,37,6,0
146.95,1.02932,0.286801450788,0,-0.245704749409,0,-3.94556255866,37,6,0
147,1.02932,0.2697022755,0,-0.435487774928,0,-3.61287288182,37,6,0
147.05,1.02932,0.24361018681,0,-0.60385330339,0,-3.09219133685,37,6,0
147.1,1.02932,0.209821717301,0,-0.74198156612,0,-2.40828417071,37,6,0
147.15,1.02932,0.170039627277,0,-0.842516541962,0,-1.59470786461,37,6,0
147.2,1.02932,0.126289346008,0,-0.899967534666,0,-0.69221700348,37,6,0
147.25,1.02932,0.0808175029465,0,-0.911020593728,0,0.253235799565,37,6,0
147.3,1.02932,0.0359775292073,0,-0.874741675456,0,1.19281259516,37,6,0
147.35,1.02932,-0.00589191284972,0,-0.792658703256,0,2.07730107242,37,6,0
147.4,1.02932,-0.0425894211857,0,-0.668715765505,0,2.8596959737,37,6,0
147.45,1.02932,-0.0721678414571,0,-0.509099287556,0,3.49771599154,37,6,0
147.5,1.02932,-0.0930394861729,0,-0.321942795447,0,3.95612105882,37,6,0
147.55,1.02932,-0.104063819152,0,-0.116923496205,0,4.20870203022,37,6,0
147.6,1.02932,-0.104612654858,0,0.095230025567,0,4.23982891282,37,6,0
147.65,1.02932,-0.0946090215112,0,0.303294494902,0,4.0454645026,37,6,0
147.7,1.02932,-0.074537167832,0,0.496144497533,0,3.63357661404,37,6,0
147.75,1.02932,-0.0454226904118,0,0.663349786872,0,3.0239128074,37,6,0
147.8,1.02932,-0.00878334541802,0,0.795745265156,0,2.24713509275,37,6,0
147.85,1.02932,0.0334472988336,0,0.885942297437,0,1.34334678255,37,6,0
147.9,1.02932,0.0790196993728,0,0.928752481463,0,0.360077613071,37,6,0
147.95,1.02932,0.125486649285,0,0.921499100236,0,-0.650175428128,37,6,0
148,1.02932,0.17033393967,0,0.864197049947,0,-1.63272725375,37,6,0
148.05,1.02932,0.211116455279,0,0.759588800292,0,-2.53365868125,37,6,0
148.1,1.02932,0.245592351937,0,0.613031568728,0,-3.30278676537,37,6,0
148.15,1.02932,0.271847924081,0,0.432238978023,0,-3.89648792952,37,6,0
148.2,1.02932,0.288406137923,0,0.226888582292,0,-4.28021430328,37,6,0
148.25,1.02932,0.294312570046,0,0.00811433973475,0,-4.43055661715,37,6,0
148.3,1.02932,0.289193620336,0,-0.212090060917,0,-4.33672851786,37,6,0
148.35,1.02932,0.273283308531,0,-0.421525555848,0,-4.00137631294,37,6,0
148.4,1.02932,0.247416642699,0,-0.608464341485,0,-3.4406535323,37,6,0
148.45,1.02932,0.212989377598,0,-0.76231133811,0,-2.68353950551,37,6,0
148.5,1.02932,0.171885862035,0,-0.874213038352,0,-1.770423281,37,6,0
148.55,1.02932,0.126378502175,0,-0.937578421547,0,-0.751016336588,37,6,0
148.6,1.02932,0.0790040374895,0,-0.948480795377,0,0.318302752208,37,6,0
148.65,1.02932,0.0324232388196,0,-0.905915483124,0,1.37757355392,37,6,0
148.7,1.02932,-0.0107282930584,0,-0.811895915871,0,2.36660274156,37,6,0
148.75,1.02932,-0.0479898947144,0,-0.671379521273,0,3.22839125774,37,6,0
148.8,1.02932,-0.077217645964,0,-0.492024350588,0,3.91244497248,37,6,0
148.85,1.02932,-0.096709978051,0,-0.28378712352,0,4.37777589886,37,6,0
148.9,1.02932,-0.105309618679,0,-0.058382738789,0,4.59541402286,37,6,0
148.95,1.02932,-0.102475626943,0,0.171366256179,0,4.55027360568,37,6,0
149,1.02932,-0.0883208780417,0,0.392254737367,0,4.24225137769,37,6,0
149.05,1.02932,-0.0636122691823,0,0.591454001899,0,3.68647570439,37,6,0
149.1,1.02932,-0.0297330307739,0,0.757261199082,0,2.91267337498,37,6,0
149.15,1.02932,0.0113912777298,0,0.879795298679,0,1.96367152838,37,6,0
149.2,1.02932,0.0573993564963,0,0.951597862256,0,0.893103491375,37,6,0
149.25,1.02932,0.105627627608,0,0.968101555234,0,-0.237564060985,37,6,0
149.3,1.02932,0.153263172398,0,0.927936313157,0,-1.36252216852,37,6,0
149.35,1.02932,0.197507456943,0,0.833052006278,0,-2.41543369938,37,6,0
149.4,1.02932,0.235741356237,0,0.688646855415,0,-3.3333512747,37,6,0
149.45,1.02932,0.265681730476,0,0.502902159668,0,-4.06050812129,37,6,0
149.5,1.02932,0.285520124172,0,0.286535451834,0,-4.55175282688,37,6,0
149.55,1.02932,0.294035045815,0,0.0521953140568,0,-4.77541463611,37,6,0
149.6,1.02932,0.290670703373,0,-0.186268916083,0,-4.71541487183,37,6,0
149.65,1.02932,0.275576947088,0,-0.414621074375,0,-4.37248095176,37,6,0
149.7,1.02932,0.249607403939,0,-0.619088314591,0,-3.76437017914,37,6,0
149.75,1.02932,0.21427525164,0,-0.787196829657,0,-2.92506823098,37,6,0
149.8,1.02932,0.171668630458,0,-0.908542284992,0,-1.90298874118,37,6,0
149.85,1.02932,0.124330175518,0,-0.975446965884,0,-0.758261928683,37,6,0
149.9,1.02932,0.0751074175999,0,-0.983461507905,0,0.440741921077,37,6,0
149.95,1.02932,0.0269827026767,0,-0.931677670053,0,1.62145782262,37,6,0
150,1.02932,-0.0171073056801,0,-0.822829470789,0,2.71150422194,37,6,0
150.05,1.02932,-0.054451650545,0,-0.663172529624,0,3.64313151866,37,6,0
150.1,1.02932,-0.0827335682965,0,-0.462144912501,0,4.35746784442,37,6,0
150.15,1.02932,-0.100176879094,0,-0.231826358692,0,4.80829487336,37,6,0
150.2,1.02932,-0.10566089275,0,0.0137743708032,0,4.96510915442,37,6,0
150.25,1.02932,-0.0987962197192,0,0.259562959989,0,4.81526305789,37,6,0
150.3,1.02932,-0.0799561668906,0,0.490283721912,0,4.36503197494,37,6,0
150.35,1.02932,-0.0502610689764,0,0.691468285248,0,3.63951801225,37,6,0
150.4,1.02932,-0.0115158001948,0,0.850349833064,0,2.68137140264,37,6,0
150.45,1.02932,0.033896348811,0,0.956684853057,0,1.54838493705,37,6,0
150.5,1.02932,0.0831574416097,0,1.00342895445,0,0.310089307453,37,6,0
150.55,1.02932,0.133187843121,0,0.987221396934,0,-0.956456328739,37,6,0
150.6,1.02932,0.180837871937,0,0.90864414127,0,-2.17142841366,37,6,0
150.65,1.02932,0.223086308578,0,0.772234840169,0,-3.25726616541,37,6,0
150.7,1.02932,0.257233257642,0,0.586248437797,0,-4.14364653121,37,6,0
150.75,1.02932,0.281074993259,0,0.362178002585,0,-4.77208737095,37,6,0
150.8,1.02932,0.293049343273,0,0.114061074574,0,-5.09987557075,37,6,0
150.85,1.02932,0.292341847715,0,-0.142387852202,0,-5.10305304435,37,6,0
150.9,1.02932,0.278945270982,0,-0.390766031777,0,-4.77824809144,37,6,0
150.95,1.02932,0.253667919194,0,-0.615030733925,0,-4.14320934093,37,6,0
151,1.02932,0.218089440835,0,-0.800540306008,0,-3.23598041548,37,6,0
151.05,1.02932,0.174466168743,0,-0.935020327275,0,-2.11274055079,37,6,0
151.1,1.02932,0.125591378339,0,-1.00939061869,0,-0.844424162257,37,6,0
151.15,1.02932,0.0746188722677,0,-1.01839662095,0,0.487684974942,37,6,0
151.2,1.02932,0.0248608501025,0,-0.961000292099,0,1.79711727649,37,6,0
151.25,1.02932,-0.0204270957106,0,-0.840500539839,0,2.99781473646,37,6,0
151.3,1.02932,-0.0582599394808,0,-0.664370396423,0,4.00980195931,37,6,0
151.35,1.02932,-0.0861220379717,0,-0.443816587521,0,4.76455727641,37,6,0
151.4,1.02932,-0.102137450146,0,-0.193085649714,0,5.20972151146,37,6,0
151.45,1.02932,-0.105200057374,0,0.0714419168548,0,5.31281754214,37,6,0
151.5,1.02932,-0.0950542413472,0,0.332313001543,0,5.06371217818,37,6,0
151.55,1.02932,-0.0723200048492,0,0.572150733728,0,4.47562977712,37,6,0
151.6,1.02932,-0.038460021834,0,0.774815561963,0,3.58461977261,37,6,0
151.65,1.02932,0.0043100528156,0,0.926500921747,0,2.44748206174,37,6,0
151.7,1.02932,0.0531628498859,0,1.01668865782,0,1.13825836213,37,6,0
151.75,1.02932,0.104843400562,0,1.03889729518,0,-0.256502796157,37,6,0
151.8,1.02932,0.155884323567,0,0.99116889893,0,-1.64341173929,37,6,0
151.85,1.02932,0.202837996996,0,0.876256889579,0,-2.92846809,37,6,0
151.9,1.02932,0.242510225071,0,0.701496755767,0,-4.02344307397,37,6,0
151.95,1.02932,0.272179534519,0,0.478362869636,0,-4.8519808287,37,6,0
152,1.02932,0.289786935868,0,0.221736145432,0,-5.35499509956,37,6,0
152.05,1.02932,0.294082738418,0,-0.051072383255,0,-5.49497636058,37,6,0
152.1,1.02932,0.284719717731,0,-0.321479291354,0,-5.25889062315,37,6,0
152.15,1.02932,0.262285436466,0,-0.57089124339,0,-4.6594411911,37,6,0
152.2,1.02932,0.228270589406,0,-0.781986881337,0,-3.73457280765,37,6,0
152.25,1.02932,0.184974612589,0,-0.939929698676,0,-2.54521699871,37,6,0
152.3,1.02932,0.135354167863,0,-1.03342648745,0,-1.17139992576,37,6,0
152.35,1.02932,0.0828241833927,0,-1.05555497995,0,0.293048771802,37,6,0
152.4,1.02932,0.0310246065637,0,-1.00429889069,0,1.7468442204,37,6,0
152.45,1.02932,-0.0164313487257,0,-0.882747815526,0,3.08822766826,37,6,0
152.5,1.02932,-0.0562101069754,0,-0.69894212673,0,4.22210272273,37,6,0
152.55,1.02932,-0.0854940521448,0,-0.46536760238,0,5.06682639841,37,6,0
152.6,1.02932,-0.102184389078,0,-0.198129353331,0,5.56016794846,37,6,0
152.65,1.02932,-0.105055740022,0,0.084142094782,0,5.66399642907,37,6,0
152.7,1.02932,-0.0938508323277,0,0.361579639289,0,5.36733842195,37,6,0
152.75,1.02932,-0.0693076854131,0,0.614475104975,0,4.68755546606,37,6,0
152.8,1.02932,-0.0331163788845,0,0.824683790812,0,3.66951955177,37,6,0
152.85,1.02932,0.0121925408868,0,0.976937841773,0,2.38280582627,37,6,0
152.9,1.02932,0.0634210313575,0,1.05997277269,0,0.917064635079,37,6,0
152.95,1.02932,0.116926393745,0,1.06738300455,0,-0.624130088801,37,6,0
153,1.02932,0.168878689765,0,0.998140139186,0,-2.13054228,37,6,0
153.05,1.02932,0.215534686809,0,0.856730761492,0,-3.49314151125,37,6,0
153.1,1.02932,0.253508778963,0,0.652897273864,0,-4.61201819415,37,6,0
153.15,1.02932,0.280021216095,0,0.400993782981,0,-5.40377132932,37,6,0
153.2,1.02932,0.293105286471,0,0.118997336405,0,-5.80781955282,37,6,0
153.25,1.02932,0.291757776262,0,-0.172759228996,0,-5.79115275014,37,6,0
153.3,1.02932,0.276020906183,0,-0.453044876878,0,-5.35114516685,37,6,0
153.35,1.02932,0.246988763746,0,-0.701274740376,0,-4.51618511654,37,6,0
153.4,1.02932,0.20673667557,0,-0.899029188599,0,-3.34403199258,37,6,0
153.45,1.02932,0.158177611196,0,-1.03143517762,0,-1.91797738347,37,6,0
153.5,1.02932,0.104855165197,0,-1.08830545831,0,-0.3410516165,37,6,0
153.55,1.02932,0.0506875193129,0,-1.06494712897,0,1.27133229301,37,6,0
153.6,1.02932,-0.000319333404305,0,-0.962573876683,0,2.7997801644,37,6,0
153.65,1.02932,-0.0443682254422,0,-0.788284513372,0,4.12975695954,37,6,0
153.7,1.02932,-0.0781553484681,0,-0.554602096141,0,5.16021290366,37,6,0
153.75,1.02932,-0.0991212546531,0,-0.278600733897,0,5.81134410984,37,6,0
153.8,1.02932,-0.105649049719,0,0.0193213199835,0,6.03088719186,37,6,0
153.85,1.02932,-0.0971941464112,0,0.31693591474,0,5.79844477323,37,6,0
153.9,1.02932,-0.0743348410304,0,0.591838357005,0,5.12747673299,37,6,0
153.95,1.02932,-0.0387387759615,0,0.823137503354,0,4.06476108491,37,6,0
154,1.02932,0.00695336228166,0,0.993055067297,0,2.68731652494,37,6,0
154.05,1.02932,0.0593192545868,0,1.08831106174,0,1.09697204091,37,6,0
154.1,1.02932,0.114407971562,0,1.10118623533,0,-0.587047112425,37,6,0
154.15,1.02932,0.168036182256,0,1.03017495603,0,-2.23698769416,37,6,0
154.2,1.02932,0.216105515038,0,0.880171723427,0,-3.72623835974,37,6,0
154.25,1.02932,0.25491704831,0,0.662169238235,0,-4.93907252823,37,6,0
154.3,1.02932,0.281458730751,0,0.392483162098,0,-5.77971411849,37,6,0
154.35,1.02932,0.293643216108,0,0.0915555452862,0,-6.18001213911,37,6,0
154.4,1.02932,0.290477056081,0,-0.217577484463,0,-6.10510255784,37,6,0
154.45,1.02932,0.272147196742,0,-0.511040483525,0,-5.55657896378,37,6,0
154.5,1.02932,0.240016913502,0,-0.765963144677,0,-4.57287744455,37,6,0
154.55,1.02932,0.196530239871,0,-0.962272153779,0,-3.22679251478,37,6,0
154.6,1.02932,0.145031070987,0,-1.08428956947,0,-1.62026398263,37,6,0
154.65,1.02932,0.0895099000848,0,-1.12200933467,0,0.123207925719,37,6,0
154.7,1.02932,0.034297034692,0,-1.07194638758,0,1.86796735917,37,6,0
154.75,1.02932,-0.0162743433629,0,-0.937484513162,0,3.47672015548,37,6,0
154.8,1.02932,-0.0582091504017,0,-0.728687268479,0,4.82135301408,37,6,0
154.85,1.02932,-0.0881685360729,0,-0.461578154628,0,5.79320251257,37,6,0
154.9,1.02932,-0.103739681607,0,-0.156938453132,0,6.31194744788,37,6,0
154.95,1.02932,-0.103635183947,0,0.16128956145,0,6.33239006509,37,6,0
155,1.02932,-0.0878051943339,0,0.467873190049,0,5.84854479111,37,6,0
155.05,1.02932,-0.0574521686352,0,0.738288649456,0,4.89465643789,37,6,0
155.1,1.02932,-0.0149457131501,0,0.950691127712,0,3.54300844002,37,6,0
155.15,1.02932,0.0363570189377,0,1.08769688492,0,1.89863721906,37,6,0
155.2,1.02932,0.0923722433449,0,1.13783089713,0,0.0913209971552,37,6,0
155.25,1.02932,0.148611869515,0,1.09651780783,0,-1.73456022544,37,6,0
155.3,1.02932,0.200542047989,0,0.966528637413,0,-3.43151145296,37,6,0
155.35,1.02932,0.243949413307,0,0.757838232505,0,-4.8608480643,37,6,0
155.4,1.02932,0.275285410493,0,0.486895534373,0,-5.9040966202,37,6,0
155.45,1.02932,0.291960399893,0,0.17535666855,0,-6.47293046125,37,6,0
155.5,1.02932,0.292562877212,0,-0.151624298453,0,-6.516799616,37,6,0
155.55,1.02932,0.276984873959,0,-0.467414079305,0,-6.02758615082,37,6,0
155.6,1.02932,0.246441991639,0,-0.74606761908,0,-5.04084686167,37,6,0
155.65,1.02932,0.203384997684,0,-0.964468311337,0,-3.63347759259,37,6,0
155.7,1.02932,0.151308795893,0,-1.10426399844,0,-1.91792597504,37,6,0
155.75,1.02932,0.0944731526269,0,-1.15343540458,0,-0.0333682356151,37,6,0
155.8,1.02932,0.0375570952519,0,-1.10736112335,0,1.86547323115,37,6,0
155.85,1.02932,-0.0147252467233,0,-0.969282637299,0,3.62098409862,37,6,0
155.9,1.02932,-0.058015937448,0,-0.750121076779,0,5.08575525159,37,6,0
155.95,1.02932,-0.0886791521119,0,-0.467650700027,0,6.13503537452,37,6,0
156,1.02932,-0.10411080539,0,-0.145088044262,0,6.67748293811,37,6,0
156.05,1.02932,-0.102965206637,0,0.190794164005,0,6.66328260413,37,6,0
156.1,1.02932,-0.0852786040499,0,0.511877257878,0,6.08889386669,37,6,0
156.15,1.02932,-0.0524778430884,0,0.791049846237,0,4.99796920528,37,6,0
156.2,1.02932,-0.00727187475612,0,1.00450740394,0,3.47829398041,37,6,0
156.25,1.02932,0.046566275047,0,1.13380259961,0,1.65493512344,37,6,0
156.3,1.02932,0.104510054225,0,1.16746833662,0,-0.319887690958,37,6,0
156.35,1.02932,0.161657297323,0,1.10206863305,0,-2.27940438378,37,6,0
156.4,1.02932,0.21314421258,0,0.942578678761,0,-4.05633812768,37,6,0
156.45,1.02932,0.254553345974,0,0.701588927949,0,-5.51766060604,37,6,0
156.5,1.02932,0.282264450522,0,0.398492190147,0,-6.51943660616,37,6,0
156.55,1.02932,0.293795316914,0,0.0590994630476,0,-6.95564769888,37,6,0
156.6,1.02932,0.288067174858,0,-0.286680285039,0,-6.77030692652,37,6,0
156.65,1.02932,0.265542812502,0,-0.607584802491,0,-5.96625784941,37,6,0
156.7,1.02932,0.228218905781,0,-0.874034222452,0,-4.60783596981,37,6,0
156.75,1.02932,0.179466047996,0,-1.06113041764,0,-2.8167081122,37,6,0
156.8,1.02932,0.123726850164,0,-1.15127909154,0,-0.761039287283,37,6,0
156.85,1.02932,0.0660989864695,0,-1.13612247033,0,1.36101727216,37,6,0
156.9,1.02932,0.0118440946315,0,-1.01753955188,0,3.34176441718,37,6,0
156.95,1.02932,-0.0341268379546,0,-0.807572678481,0,4.98605038723,37,6,0
157,1.02932,-0.0677369157364,0,-0.527261703791,0,6.1324429464,37,6,0
157.05,1.02932,-0.0861431959205,0,-0.204495227143,0,6.67097460016,37,6,0
157.1,1.02932,-0.0880090565182,0,0.128893777011,0,6.55530921021,37,6,0
157.15,1.02932,-0.0736189714592,0,0.44046812473,0,5.80782106018,37,6,0
157.2,1.02932,-0.0448231355058,0,0.700587494606,0,4.51691727853,37,6,0
157.25,1.02932,-0.00481857736385,0,0.885485273072,0,2.8268690798,37,6,0
157.3,1.02932,0.0422080637493,0,0.979672441942,0,0.921328589858,37,6,0
157.35,1.02932,0.091535298624,0,0.977398717402,0,-0.997520156574,37,6,0
157.4,1.02932,0.138407483423,0,0.883013071361,0,-2.73169443104,37,6,0
157.45,1.02932,0.178525184303,0,0.71019684921,0,-4.10932366507,37,6,0
157.5,1.02932,0.208470977909,0,0.480176614676,0,-5.00314439058,37,6,0
157.55,1.02932,0.226024902449,0,0.219143861906,0,-5.34342305998,37,6,0
157.6,1.02932,0.230337556333,0,-0.0448001498696,0,-5.12385645773,37,6,0
157.65,1.02932,0.221946212031,0,-0.284805246569,0,-4.39988313137,37,6,0
157.7,1.02932,0.202638086637,0,-0.478165028946,0,-3.27978673029,37,6,0
157.75,1.02932,0.175182744402,0,-0.608609316121,0,-1.90986095009,37,6,0
157.8,1.02932,0.142970302499,0,-0.667746567125,0,-0.455621359005,37,6,0
157.85,1.02932,0.109601899516,0,-0.655518289671,0,0.918499812838,37,6,0
157.9,1.02932,0.0784826516236,0,-0.579653893525,0,2.06841007665,37,6,0
157.95,1.02932,0.0524647423079,0,-0.454238982608,0,2.88620313265,37,6,0
158,1.02932,0.033579873231,0,-0.297616581686,0,3.31074211806,37,6,0
158.05,1.02932,0.0228873009385,0,-0.129915740488,0,3.33186581785,37,6,0
158.1,1.02932,0.0204479237176,0,0.0294637663516,0,2.98797251435,37,6,0
158.15,1.02932,0.0254185113147,0,0.164091835758,0,2.35761470305,37,6,0
158.2,1.02932,0.0362453587324,0,0.262206302189,0,1.54650712907,37,6,0
158.25,1.02932,0.0509252953914,0,0.31768695245,0,0.671907358792,37,6,0
158.3,1.02932,0.0672954692174,0,0.330229209758,0,-0.153400207124,37,6,0
158.35,1.02932,0.0833123242401,0,0.30475314812,0,-0.835331287289,37,6,0
158.4,1.02932,0.0972845895329,0,0.250185227905,0,-1.30910322337,37,6,0
158.45,1.02932,0.108034035648,0,0.177827908884,0,-1.54497139225,37,6,0
158.5,1.02932,0.114969759329,0,0.0995758771776,0,-1.54861404162,37,6,0
158.55,1.02932,0.118074969004,0,0.026241963234,0,-1.35647570417,37,6,0
158.6,1.02932,0.117817695556,0,-0.0337782785869,0,-1.02710142173,37,6,0
158.65,1.02932,0.115006762166,0,-0.0753404534581,0,-0.630035757722,37,6,0
158.7,1.02932,0.110620375524,0,-0.0968077769675,0,-0.234144302814,37,6,0
158.75,1.02932,0.105636147108,0,-0.0997480313907,0,0.102796772135,37,6,0
158.8,1.02932,0.100888246165,0,-0.0881748620719,0,0.341697697389,37,6,0
158.85,1.02932,0.0969704649197,0,-0.067501950933,0,0.465928649742,37,6,0
158.9,1.02932,0.0941945609889,0,-0.0434124569735,0,0.480941063604,37,6,0
158.95,1.02932,0.0926030114929,0,-0.0208445882806,0,0.410122031982,37,6,0
159,1.02932,0.0920260281374,0,-0.00325859300579,0,0.287895897576,37,6,0
159.05,1.02932,0.0921658927036,0,0.00771218857817,0,0.151525696493,37,6,0
159.1,1.02932,0.0926884586262,0,0.0122017596699,0,0.0332413578795,37,6,0
159.15,1.02932,0.0933024559177,0,0.0116984973604,0,-0.045798962641,37,6,0
159.2,1.02932,0.0938117363541,0,0.00840034876003,0,-0.0786038618152,37,6,0
159.25,1.02932,0.0941328282061,0,0.00450087327225,0,-0.0719928674699,37,6,0
159.3,1.02932,0.0942786485883,0,0.00157670955131,0,-0.042987614282,37,6,0
159.35,1.02932,0.0943172113039,0,0.000219809557266,0,-0.0128261930001,37,6,0
159.4,1.02932,0.09432,0,0,0,0,38,0,0
159.45,1.02932,0.09432,0,0,0,0,38,0,0
159.5,1.02932,0.09432,0,0,0,0,38,0,0
159.55,1.02932,0.09432,0,0,0,0,38,0,0
159.6,1.02932,0.09432,0,0,0,0,38,0,0
159.65,1.02932,0.09432,0,0,0,0,38,0,0
159.7,1.02932,0.09432,0,0,0,0,38,0,0
159.75,1.02932,0.09432,0,0,0,0,38,0,0
159.8,1.02932,0.09432,0,0,0,0,38,0,0
159.85,1.02932,0.09432,0,0,0,0,38,0,0
159.9,1.02932,0.09432,0,0,0,0,38,0,0
159.95,1.02932,0.09432,0,0,0,0,38,0,0
160,1.02932,0.09432,0,0,0,0,38,0,0
160.05,1.02932,0.09432,0,0,0,0,38,0,0
160.1,1.02932,0.09432,0,0,0,0,38,0,0
160.15,1.02932,0.09432,0,0,0,0,38,0,0
160.2,1.02932,0.09432,0,0,0,0,38,0,0
160.25,1.02932,0.09432,0,0,0,0,38,0,0
160.3,1.02932,0.09432,0,0,0,0,38,0,0
160.35,1.02932,0.09432,0,0,0,0,38,0,0
160.4,1.02932,0.09432,0,0,0,0,38,0,0
160.45,1.02932,0.09432,0,0,0,0,38,0,0
160.5,1.02932,0.09432,0,0,0,0,38,0,0
160.55,1.02932,0.09432,0,0,0,0,38,0,0
160.6,1.02932,0.09432,0,0,0,0,38,0,0
160.65,1.02932,0.09432,0,0,0,0,38,0,0
160.7,1.02932,0.09432,0,0,0,0,38,0,0
160.75,1.02932,0.09432,0,0,0,0,38,0,0
160.8,1.02932,0.09432,0,0,0,0,38,0,0
160.85,1.02932,0.09432,0,0,0,0,38,0,0
160.9,1.02932,0.09432,0,0,0,0,38,0,0
160.95,1.02932,0.09432,0,0,0,0,38,0,0
161,1.02932,0.09432,0,0,0,0,38,0,0
161.05,1.02932,0.09432,0,0,0,0,38,0,0
161.1,1.02932,0.09432,0,0,0,0,38,0,0
161.15,1.02932,0.09432,0,0,0,0,38,0,0
161.2,1.02932,0.09432,0,0,0,0,38,0,0
161.25,1.02932,0.09432,0,0,0,0,38,0,0
161.3,1.02932,0.09432,0,0,0,0,38,0,0
161.35,1.02932,0.09432,0,0,0,0,38,0,0
161.4,1.02932,0.09432,0,0,0,0,39,1,0
161.45,1.02932,0.094329029321,0,0.000537191358025,0,0.0211234567901,39,1,0
161.5,1.02932,0.0943904197531,0,0.00207654320988,0,0.0400987654321,39,1,0
161.55,1.02932,0.094551625,0,0.0045125,0,0.057,39,1,0
161.6,1.02932,0.0948549135802,0,0.00774320987654,0,0.0719012345679,39,1,0
161.65,1.02932,0.0953375540123,0,0.0116705246914,0,0.0848765432099,39,1,0
161.7,1.02932,0.096032,0,0.0162,0,0.096,39,1,0
161.75,1.02932,0.0969660756173,0,0.0212408950617,0,0.105345679012,39,1,0
161.8,1.02932,0.0981631604938,0,0.0267061728395,0,0.112987654321,39,1,0
161.85,1.02932,0.099642375,0,0.0325125,0,0.119,39,1,0
161.9,1.02932,0.101418765432,0,0.0385802469136,0,0.123456790123,39,1,0
161.95,1.02932,0.103503489198,0,0.0448334876543,0,0.126432098765,39,1,0
162,1.02932,0.105904,0,0.0512,0,0.128,39,1,0
162.05,1.02932,0.108624233025,0,0.0576112654321,0,0.128234567901,39,1,0
162.1,1.02932,0.111664790123,0,0.0640024691358,0,0.127209876543,39,1,0
162.15,1.02932,0.115023125,0,0.0703125,0,0.125,39,1,0
162.2,1.02932,0.118693728395,0,0.0764839506173,0,0.121679012346,39,1,0
162.25,1.02932,0.122668313272,0,0.0824631172839,0,0.117320987654,39,1,0
162.3,1.02932,0.126936,0,0.0882,0,0.112,39,1,0
162.35,1.02932,0.131483501543,0,0.0936483024691,0,0.105790123457,39,1,0
162.4,1.02932,0.136295308642,0,0.0987654320988,0,0.0987654320988,39,1,0
162.45,1.02932,0.141353875,0,0.1035125,0,0.091,39,1,0
162.5,1.02932,0.146639802469,0,0.107854320988,0,0.0825679012346,39,1,0
162.55,1.02932,0.152132026235,0,0.11175941358,0,0.0735432098765,39,1,0
162.6,1.02932,0.157808,0,0.1152,0,0.064,39,1,0
162.65,1.02932,0.163643881173,0,0.118152006173,0,0.054012345679,39,1,0
162.7,1.02932,0.169614716049,0,0.120595061728,0,0.0436543209877,39,1,0
162.75,1.02932,0.175694625,0,0.1225125,0,0.033,39,1,0
162.8,1.02932,0.181856987654,0,0.123891358025,0,0.0221234567901,39,1,0
162.85,1.02932,0.188074628086,0,0.124722376543,0,0.0110987654321,39,1,0
162.9,1.02932,0.19432,0,0.125,0,0,39,1,0
162.95,1.02932,0.200565371914,0,0.124722376543,-0,-0.0110987654321,39,1,0
163,1.02932,0.206783012346,0,0.123891358025,-0,-0.0221234567901,39,1,0
163.05,1.02932,0.212945375,0,0.1225125,-0,-0.033,39,1,0
163.1,1.02932,0.219025283951,0,0.120595061728,-0,-0.0436543209877,39,1,0
163.15,1.02932,0.224996118827,0,0.118152006173,-0,-0.054012345679,39,1,0
163.2,1.02932,0.230832,0,0.1152,-0,-0.064,39,1,0
163.25,1.02932,0.236507973765,0,0.11175941358,-0,-0.0735432098765,39,1,0
163.3,1.02932,0.242000197531,0,0.107854320988,-0,-0.0825679012346,39,1,0
163.35,1.02932,0.247286125,0,0.1035125,-0,-0.091,39,1,0
163.4,1.02932,0.252344691358,0,0.0987654320988,-0,-0.0987654320988,39,1,0
163.45,1.02932,0.257156498457,0,0.0936483024691,-0,-0.105790123457,39,1,0
163.5,1.02932,0.261704,0,0.0882,-0,-0.112,39,1,0
163.55,1.02932,0.265971686728,0,0.0824631172839,-0,-0.117320987654,39,1,0
163.6,1.02932,0.269946271605,0,0.0764839506173,-0,-0.121679012346,39,1,0
163.65,1.02932,0.273616875,0,0.0703125,-0,-0.125,39,1,0
163.7,1.02932,0.276975209877,0,0.0640024691358,-0,-0.127209876543,39,1,0
163.75,1.02932,0.280015766975,0,0.0576112654321,-0,-0.128234567901,39,1,0
163.8,1.02932,0.282736,0,0.0512,-0,-0.128,39,1,0
163.85,1.02932,0.285136510802,0,0.0448334876543,-0,-0.126432098765,39,1,0
163.9,1.02932,0.287221234568,0,0.0385802469136,-0,-0.123456790123,39,1,0
163.95,1.02932,0.288997625,0,0.0325125,-0,-0.119,39,1,0
164,1.02932,0.290476839506,0,0.0267061728395,-0,-0.112987654321,39,1,0
164.05,1.02932,0.291673924383,0,0.0212408950617,-0,-0.105345679012,39,1,0
164.1,1.02932,0.292608,0,0.0162,-0,-0.096,39,1,0
164.15,1.02932,0.293302445988,0,0.0116705246914,-0,-0.0848765432099,39,1,0
164.2,1.02932,0.29378508642,0,0.00774320987654,-0,-0.0719012345679,39,1,0
164.25,1.02932,0.294088375,0,0.0045125,-0,-0.057,39,1,0
164.3,1.02932,0.294249580247,0,0.00207654320988,-0,-0.0400987654321,39,1,0
164.35,1.02932,0.294310970679,0,0.000537191358025,-0,-0.0211234567901,39,1,0
164.4,1.02932,0.29432,0,0,0,0,40,0,0
164.45,1.02932,0.29432,0,0,0,0,40,0,0
164.5,1.02932,0.29432,0,0,0,0,40,0,0
164.55,1.02932,0.29432,0,0,0,0,40,0,0
164.6,1.02932,0.29432,0,0,0,0,40,0,0
164.65,1.02932,0.29432,0,0,0,0,40,0,0
164.7,1.02932,0.29432,0,0,0,0,40,0,0
164.75,1.02932,0.29432,0,0,0,0,40,0,0
164.8,1.02932,0.29432,0,0,0,0,40,0,0
164.85,1.02932,0.29432,0,0,0,0,40,0,0
164.9,1.02932,0.29432,0,0,0,0,40,0,0
164.95,1.02932,0.29432,0,0,0,0,40,0,0
165,1.02932,0.29432,0,0,0,0,40,0,0
165.05,1.02932,0.29432,0,0,0,0,40,0,0
165.1,1.02932,0.29432,0,0,0,0,40,0,0
165.15,1.02932,0.29432,0,0,0,0,40,0,0
165.2,1.02932,0.29432,0,0,0,0,40,0,0
165.25,1.02932,0.29432,0,0,0,0,40,0,0
165.3,1.02932,0.29432,0,0,0,0,40,0,0
165.35,1.02932,0.29432,0,0,0,0,40,0,0
165.4,1.02932,0.29432,0,0,0,0,40,0,0
165.45,1.02932,0.29432,0,0,0,0,40,0,0
165.5,1.02932,0.29432,0,0,0,0,40,0,0
165.55,1.02932,0.29432,0,0,0,0,40,0,0
165.6,1.02932,0.29432,0,0,0,0,40,0,0
165.65,1.02932,0.29432,0,0,0,0,40,0,0
165.7,1.02932,0.29432,0,0,0,0,40,0,0
165.75,1.02932,0.29432,0,0,0,0,40,0,0
165.8,1.02932,0.29432,0,0,0,0,40,0,0
165.85,1.02932,0.29432,0,0,0,0,40,0,0
165.9,1.02932,0.29432,0,0,0,0,40,0,0
165.95,1.02932,0.29432,0,0,0,0,40,0,0
166,1.02932,0.29432,0,0,0,0,40,0,0
166.05,1.02932,0.29432,0,0,0,0,40,0,0
166.1,1.02932,0.29432,0,0,0,0,40,0,0
166.15,1.02932,0.29432,0,0,0,0,40,0,0
166.2,1.02932,0.29432,0,0,0,0,40,0,0
166.25,1.02932,0.29432,0,0,0,0,40,0,0
166.3,1.02932,0.29432,0,0,0,0,40,0,0
166.35,1.02932,0.29432,0,0,0,0,40,0,0
166.4,1.02932,0.29432,0,0,0,0,41,7,0
166.45,1.02935010725,0.294350107249,0.00179504514322,0.00179504514322,0.0708929221122,0.0708929221122,41,7,0
166.5,1.02955632508,0.29455632508,0.00699955433512,0.00699955433512,0.136401571659,0.136401571659,41,7,0
166.55,1.03010245388,0.295102453879,0.0153477654042,0.0153477654042,0.196664006911,0.196664006911,41,7,0
166.6,1.0311391785,0.296139178496,0.0265808190925,0.0265808190925,0.251818286139,0.251818286139,41,7,0
166.65,1.03280441339,0.297804413391,0.0404467590556,0.0404467590556,0.302002467615,0.302002467615,41,7,0
166.7,1.03522364778,0.300223647781,0.0567005318626,0.0567005318626,0.347354609609,0.347354609609,41,7,0
166.75,1.03851029078,0.303510290781,0.0751039869963,0.0751039869963,0.388012770392,0.388012770392,41,7,0
166.8,1.04276601656,0.307766016557,0.0954258768528,0.0954258768528,0.424115008235,0.424115008235,41,7,0
166.85,1.04808110947,0.313081109466,0.117441856742,0.117441856742,0.455799381408,0.455799381408,41,7,0
166.9,1.0545348092,0.319534809201,0.140934484887,0.140934484887,0.483203948184,0.483203948184,41,7,0
166.95,1.06219565594,0.327195655942,0.165693222425,0.165693222425,0.506466766832,0.506466766832,41,7,0
167,1.0711218355,0.336121835499,0.191514433406,0.191514433406,0.525725895624,0.525725895624,41,7,0
167.05,1.08136152445,0.346361524455,0.218201384794,0.218201384794,0.541119392831,0.541119392831,41,7,0
167.1,1.09295323532,0.357953235315,0.245564246467,0.245564246467,0.552785316722,0.552785316722,41,7,0
167.15,1.10592616165,0.370926161651,0.273420091216,0.273420091216,0.560861725571,0.560861725571,41,7,0
167.2,1.12030052325,0.385300523248,0.301592894745,0.301592894745,0.565486677646,0.565486677646,41,7,0
167.25,1.13608791125,0.401087911247,0.329913535672,0.329913535672,0.56679823122,0.56679823122,41,7,0
167.3,1.1532916333,0.418291633296,0.358219795529,0.358219795529,0.564934444563,0.564934444563,41,7,0
167.35,1.17190705869,0.436907058688,0.386356358762,0.386356358762,0.560033375945,0.560033375945,41,7,0
167.4,1.19192196352,0.456921963516,0.414174812729,0.414174812729,0.552233083639,0.552233083639,41,7,0
167.45,1.21331687581,0.47831687581,0.441533647702,0.441533647702,0.541671625914,0.541671625914,41,7,0
167.5,1.23606542069,0.501065420688,0.468298256868,0.468298256868,0.528487061042,0.528487061042,41,7,0
167.55,1.2601346655,0.5251346655,0.494340936325,0.494340936325,0.512817447294,0.512817447294,41,7,0
167.6,1.28548546497,0.550485464974,0.519540885087,0.519540885087,0.49480084294,0.49480084294,41,7,0
167.65,1.31207280636,0.577072806361,0.543784205081,0.543784205081,0.474575306252,0.474575306252,41,7,0
167.7,1.33984615458,0.604846154581,0.566963901145,0.566963901145,0.4522788955,0.4522788955,41,7,0
167.75,1.36874979737,0.633749797371,0.588979881034,0.588979881034,0.428049668956,0.428049668956,41,7,0
167.8,1.39872319042,0.663723190425,0.609738955415,0.609738955415,0.402025684889,0.402025684889,41,7,0
167.85,1.42970130255,0.694701302545,0.629154837869,0.629154837869,0.374345001572,0.374345001572,41,7,0
167.9,1.46161496079,0.726614960786,0.647148144889,0.647148144889,0.345145677274,0.345145677274,41,7,0
167.95,1.4943911956,0.759391195599,0.663646395884,0.663646395884,0.314565770268,0.314565770268,41,7,0
168,1.52795358598,0.792953585978,0.678584013175,0.678584013175,0.282743338823,0.282743338823,41,7,0
168.05,1.56222260461,0.827222604607,0.691902321997,0.691902321997,0.249816441211,0.249816441211,41,7,0
168.1,1.597115963,0.862115963004,0.703549550498,0.703549550498,0.215923135703,0.215923135703,41,7,0
168.15,1.63254895667,0.897548956667,0.71348082974,0.71348082974,0.181201480569,0.181201480569,41,7,0
168.2,1.66843481022,0.933434810222,0.721658193699,0.721658193699,0.145789534081,0.145789534081,41,7,0
168.25,1.70468502256,0.969685022562,0.728050579264,0.728050579264,0.109825354509,0.109825354509,41,7,0
168.3,1.741209712,1.006209712,0.732633826237,0.732633826237,0.073447000124,0.073447000124,41,7,0
168.35,1.77791796142,1.04291796142,0.735390677334,0.735390677334,0.0367925291974,0.0367925291974,41,7,0
168.4,1.8147181634,1.0797181634,0.736310778185,0.736310778185,0,0,41,7,0
168.45,1.85151836538,1.11651836538,0.735390677334,0.735390677334,-0.0367925291974,-0.0367925291974,41,7,0
168.5,1.88822661479,1.15322661479,0.732633826237,0.732633826237,-0.073447000124,-0.073447000124,41,7,0
168.55,1.92475130423,1.18975130423,0.728050579264,0.728050579264,-0.109825354509,-0.109825354509,41,7,0
168.6,1.96100151657,1.22600151657,0.721658193699,0.721658193699,-0.145789534081,-0.145789534081,41,7,0
168.65,1.99688737013,1.26188737013,0.71348082974,0.71348082974,-0.181201480569,-0.181201480569,41,7,0
168.7,2.03232036379,1.29732036379,0.703549550498,0.703549550498,-0.215923135703,-0.215923135703,41,7,0
168.75,2.06721372219,1.33221372219,0.691902321997,0.691902321997,-0.249816441211,-0.249816441211,41,7,0
168.8,2.10148274082,1.36648274082,0.678584013175,0.678584013175,-0.282743338823,-0.282743338823,41,7,0
168.85,2.1350451312,1.4000451312,0.663646395884,0.663646395884,-0.314565770268,-0.314565770268,41,7,0
168.9,2.16782136601,1.43282136601,0.647148144889,0.647148144889,-0.345145677274,-0.345145677274,41,7,0
168.95,2.19973502425,1.46473502425,0.629154837869,0.629154837869,-0.374345001572,-0.374345001572,41,7,0
169,2.23071313637,1.49571313637,0.609738955415,0.609738955415,-0.402025684889,-0.402025684889,41,7,0
169.05,2.26068652942,1.52568652942,0.588979881034,0.588979881034,-0.428049668956,-0.428049668956,41,7,0
169.1,2.28959017221,1.55459017221,0.566963901145,0.566963901145,-0.4522788955,-0.4522788955,41,7,0
169.15,2.31736352043,1.58236352043,0.543784205081,0.543784205081,-0.474575306252,-0.474575306252,41,7,0
169.2,2.34395086182,1.60895086182,0.519540885087,0.519540885087,-0.49480084294,-0.49480084294,41,7,0
169.25,2.3693016613,1.6343016613,0.494340936325,0.494340936325,-0.512817447294,-0.512817447294,41,7,0
169.3,2.39337090611,1.65837090611,0.468298256868,0.468298256868,-0.528487061042,-0.528487061042,41,7,0
169.35,2.41611945099,1.68111945099,0.441533647702,0.441533647702,-0.541671625914,-0.541671625914,41,7,0
169.4,2.43751436328,1.70251436328,0.414174812729,0.414174812729,-0.552233083639,-0.552233083639,41,7,0
169.45,2.45752926811,1.72252926811,0.386356358762,0.386356358762,-0.560033375945,-0.560033375945,41,7,0
169.5,2.4761446935,1.7411446935,0.358219795529,0.358219795529,-0.564934444563,-0.564934444563,41,7,0
169.55,2.49334841555,1.75834841555,0.329913535672,0.329913535672,-0.56679823122,-0.56679823122,41,7,0
169.6,2.50913580355,1.77413580355,0.301592894745,0.301592894745,-0.565486677646,-0.565486677646,41,7,0
169.65,2.52351016514,1.78851016514,0.273420091216,0.273420091216,-0.560861725571,-0.560861725571,41,7,0
169.7,2.53648309148,1.80148309148,0.245564246467,0.245564246467,-0.552785316722,-0.552785316722,41,7,0
169.75,2.54807480234,1.81307480234,0.218201384794,0.218201384794,-0.541119392831,-0.541119392831,41,7,0
169.8,2.5583144913,1.8233144913,0.191514433406,0.191514433406,-0.525725895624,-0.525725895624,41,7,0
169.85,2.56724067085,1.83224067085,0.165693222425,0.165693222425,-0.506466766832,-0.506466766832,41,7,0
169.9,2.57490151759,1.83990151759,0.140934484887,0.140934484887,-0.483203948184,-0.483203948184,41,7,0
169.95,2.58135521733,1.84635521733,0.117441856742,0.117441856742,-0.455799381408,-0.455799381408,41,7,0
170,2.58667031024,1.85167031024,0.0954258768528,0.0954258768528,-0.424115008235,-0.424115008235,41,7,0
170.05,2.59092603601,1.85592603601,0.0751039869963,0.0751039869963,-0.388012770392,-0.388012770392,41,7,0
170.1,2.59421267901,1.85921267901,0.0567005318626,0.0567005318626,-0.347354609609,-0.347354609609,41,7,0
170.15,2.5966319134,1.8616319134,0.0404467590556,0.0404467590556,-0.302002467615,-0.302002467615,41,7,0
170.2,2.5982971483,1.8632971483,0.0265808190925,0.0265808190925,-0.251818286139,-0.251818286139,41,7,0
170.25,2.59933387292,1.86433387292,0.0153477654042,0.0153477654042,-0.196664006911,-0.196664006911,41,7,0
170.3,2.59988000171,1.86488000171,0.00699955433512,0.00699955433512,-0.136401571659,-0.136401571659,41,7,0
170.35,2.60008621955,1.86508621955,0.00179504514322,0.00179504514322,-0.0708929221122,-0.0708929221122,41,7,0
170.4,2.60011632679,1.86511632679,0,0,0,0,42,0,0
170.45,2.60011632679,1.86511632679,0,0,0,0,42,0,0
170.5,2.60011632679,1.86511632679,0,0,0,0,42,0,0
170.55,2.60011632679,1.86511632679,0,0,0,0,42,0,0
170.6,2.60011632679,1.86511632679,0,0,0,0,42,0,0
170.65,2.60011632679,1.86511632679,0,0,0,0,42,0,0
170.7,2.60011632679,1.86511632679,0,0,0,0,42,0,0
170.75,2.60011632679,1.86511632679,0,0,0,0,42,0,0
170.8,2.60011632679,1.86511632679,0,0,0,0,42,0,0
170.85,2.60011632679,1.86511632679,0,0,0,0,42,0,0
170.9,2.60011632679,1.86511632679,0,0,0,0,42,0,0
170.95,2.60011632679,1.86511632679,0,0,0,0,42,0,0
171,2.60011632679,1.86511632679,0,0,0,0,42,0,0
171.05,2.60011632679,1.86511632679,0,0,0,0,42,0,0
171.1,2.60011632679,1.86511632679,0,0,0,0,42,0,0
171.15,2.60011632679,1.86511632679,0,0,0,0,42,0,0
171.2,2.60011632679,1.86511632679,0,0,0,0,42,0,0
171.25,2.60011632679,1.86511632679,0,0,0,0,42,0,0
171.3,2.60011632679,1.86511632679,0,0,0,0,42,0,0
171.35,2.60011632679,1.86511632679,0,0,0,0,42,0,0
171.4,2.60011632679,1.86511632679,0,0,0,0,42,0,0
171.45,2.60011632679,1.86511632679,0,0,0,0,42,0,0
171.5,2.60011632679,1.86511632679,0,0,0,0,42,0,0
171.55,2.60011632679,1.86511632679,0,0,0,0,42,0,0
171.6,2.60011632679,1.86511632679,0,0,0,0,42,0,0
171.65,2.60011632679,1.86511632679,0,0,0,0,42,0,0
171.7,2.60011632679,1.86511632679,0,0,0,0,42,0,0
171.75,2.60011632679,1.86511632679,0,0,0,0,42,0,0
171.8,2.60011632679,1.86511632679,0,0,0,0,42,0,0
171.85,2.60011632679,1.86511632679,0,0,0,0,42,0,0
171.9,2.60011632679,1.86511632679,0,0,0,0,42,0,0
171.95,2.60011632679,1.86511632679,0,0,0,0,42,0,0
172,2.60011632679,1.86511632679,0,0,0,0,42,0,0
172.05,2.60011632679,1.86511632679,0,0,0,0,42,0,0
172.1,2.60011632679,1.86511632679,0,0,0,0,42,0,0
172.15,2.60011632679,1.86511632679,0,0,0,0,42,0,0
172.2,2.60011632679,1.86511632679,0,0,0,0,42,0,0
172.25,2.60011632679,1.86511632679,0,0,0,0,42,0,0
172.3,2.60011632679,1.86511632679,0,0,0,0,42,0,0
172.35,2.60011632679,1.86511632679,0,0,0,0,42,0,0
172.4,2.60011632679,1.86511632679,0,0,0,0,43,7,0
172.45,2.60014643404,1.86514643404,0.00179504514322,0.00179504514322,0.0708929221122,0.0708929221122,43,7,0
172.5,2.60035265188,1.86535265188,0.00699955433512,0.00699955433512,0.136401571659,0.136401571659,43,7,0
172.55,2.60089878067,1.86589878067,0.0153477654042,0.0153477654042,0.196664006911,0.196664006911,43,7,0
172.6,2.60193550529,1.86693550529,0.0265808190925,0.0265808190925,0.251818286139,0.251818286139,43,7,0
172.65,2.60360074019,1.86860074019,0.0404467590556,0.0404467590556,0.302002467615,0.302002467615,43,7,0
172.7,2.60601997458,1.87101997458,0.0567005318626,0.0567005318626,0.347354609609,0.347354609609,43,7,0
172.75,2.60930661758,1.87430661758,0.0751039869963,0.0751039869963,0.388012770392,0.388012770392,43,7,0
172.8,2.61356234335,1.87856234335,0.0954258768528,0.0954258768528,0.424115008235,0.424115008235,43,7,0
172.85,2.61887743626,1.88387743626,0.117441856742,0.117441856742,0.455799381408,0.455799381408,43,7,0
172.9,2.625331136,1.890331136,0.140934484887,0.140934484887,0.483203948184,0.483203948184,43,7,0
172.95,2.63299198274,1.89799198274,0.165693222425,0.165693222425,0.506466766832,0.506466766832,43,7,0
173,2.64191816229,1.90691816229,0.191514433406,0.191514433406,0.525725895624,0.525725895624,43,7,0
173.05,2.65215785125,1.91715785125,0.218201384794,0.218201384794,0.541119392831,0.541119392831,43,7,0
173.1,2.66374956211,1.92874956211,0.245564246467,0.245564246467,0.552785316722,0.552785316722,43,7,0
173.15,2.67672248845,1.94172248845,0.273420091216,0.273420091216,0.560861725571,0.560861725571,43,7,0
173.2,2.69109685004,1.95609685004,0.301592894745,0.301592894745,0.565486677646,0.565486677646,43,7,0
173.25,2.70688423804,1.97188423804,0.329913535672,0.329913535672,0.56679823122,0.56679823122,43,7,0
173.3,2.72408796009,1.98908796009,0.358219795529,0.358219795529,0.564934444563,0.564934444563,43,7,0
173.35,2.74270338548,2.00770338548,0.386356358762,0.386356358762,0.560033375945,0.560033375945,43,7,0
173.4,2.76271829031,2.02771829031,0.414174812729,0.414174812729,0.552233083639,0.552233083639,43,7,0
173.45,2.7841132026,2.0491132026,0.441533647702,0.441533647702,0.541671625914,0.541671625914,43,7,0
173.5,2.80686174748,2.07186174748,0.468298256868,0.468298256868,0.528487061042,0.528487061042,43,7,0
173.55,2.83093099229,2.09593099229,0.494340936325,0.494340936325,0.512817447294,0.512817447294,43,7,0
173.6,2.85628179177,2.12128179177,0.519540885087,0.519540885087,0.49480084294,0.49480084294,43,7,0
173.65,2.88286913316,2.14786913316,0.543784205081,0.543784205081,0.474575306252,0.474575306252,43,7,0
173.7,2.91064248138,2.17564248138,0.566963901145,0.566963901145,0.4522788955,0.4522788955,43,7,0
173.75,2.93954612417,2.20454612417,0.588979881034,0.588979881034,0.428049668956,0.428049668956,43,7,0
173.8,2.96951951722,2.23451951722,0.609738955415,0.609738955415,0.402025684889,0.402025684889,43,7,0
173.85,3.00049762934,2.26549762934,0.629154837869,0.629154837869,0.374345001572,0.374345001572,43,7,0
173.9,3.03241128758,2.29741128758,0.647148144889,0.647148144889,0.345145677274,0.345145677274,43,7,0
173.95,3.06518752239,2.33018752239,0.663646395884,0.663646395884,0.314565770268,0.314565770268,43,7,0
174,3.09874991277,2.36374991277,0.678584013175,0.678584013175,0.282743338823,0.282743338823,43,7,0
174.05,3.1330189314,2.3980189314,0.691902321997,0.691902321997,0.249816441211,0.249816441211,43,7,0
174.1,3.1679122898,2.4329122898,0.703549550498,0.703549550498,0.215923135703,0.215923135703,43,7,0
174.15,3.20334528346,2.46834528346,0.71348082974,0.71348082974,0.181201480569,0.181201480569,43,7,0
174.2,3.23923113702,2.50423113702,0.721658193699,0.721658193699,0.145789534081,0.145789534081,43,7,0
174.25,3.27548134936,2.54048134936,0.728050579264,0.728050579264,0.109825354509,0.109825354509,43,7,0
174.3,3.3120060388,2.5770060388,0.732633826237,0.732633826237,0.073447000124,0.073447000124,43,7,0
174.35,3.34871428821,2.61371428821,0.735390677334,0.735390677334,0.0367925291974,0.0367925291974,43,7,0
174.4,3.38551449019,2.65051449019,0.736310778185,0.736310778185,0,0,43,7,0
174.45,3.42231469217,2.68731469217,0.735390677334,0.735390677334,-0.0367925291974,-0.0367925291974,43,7,0
174.5,3.45902294159,2.72402294159,0.732633826237,0.732633826237,-0.073447000124,-0.073447000124,43,7,0
174.55,3.49554763103,2.76054763103,0.728050579264,0.728050579264,-0.109825354509,-0.109825354509,43,7,0
174.6,3.53179784337,2.79679784337,0.721658193699,0.721658193699,-0.145789534081,-0.145789534081,43,7,0
174.65,3.56768369692,2.83268369692,0.71348082974,0.71348082974,-0.181201480569,-0.181201480569,43,7,0
174.7,3.60311669059,2.86811669059,0.703549550498,0.703549550498,-0.215923135703,-0.215923135703,43,7,0
174.75,3.63801004898,2.90301004898,0.691902321997,0.691902321997,-0.249816441211,-0.249816441211,43,7,0
174.8,3.67227906761,2.93727906761,0.678584013175,0.678584013175,-0.282743338823,-0.282743338823,43,7,0
174.85,3.70584145799,2.97084145799,0.663646395884,0.663646395884,-0.314565770268,-0.314565770268,43,7,0
174.9,3.7386176928,3.0036176928,0.647148144889,0.647148144889,-0.345145677274,-0.345145677274,43,7,0
174.95,3.77053135104,3.03553135104,0.629154837869,0.629154837869,-0.374345001572,-0.374345001572,43,7,0
175,3.80150946317,3.06650946317,0.609738955415,0.609738955415,-0.402025684889,-0.402025684889,43,7,0
175.05,3.83148285622,3.09648285622,0.588979881034,0.588979881034,-0.428049668956,-0.428049668956,43,7,0
175.1,3.86038649901,3.12538649901,0.566963901145,0.566963901145,-0.4522788955,-0.4522788955,43,7,0
175.15,3.88815984723,3.15315984723,0.543784205081,0.543784205081,-0.474575306252,-0.474575306252,43,7,0
175.2,3.91474718862,3.17974718862,0.519540885087,0.519540885087,-0.49480084294,-0.49480084294,43,7,0
175.25,3.94009798809,3.20509798809,0.494340936325,0.494340936325,-0.512817447294,-0.512817447294,43,7,0
175.3,3.9641672329,3.2291672329,0.468298256868,0.468298256868,-0.528487061042,-0.528487061042,43,7,0
175.35,3.98691577778,3.25191577778,0.441533647702,0.441533647702,-0.541671625914,-0.541671625914,43,7,0
175.4,4.00831069007,3.27331069007,0.414174812729,0.414174812729,-0.552233083639,-0.552233083639,43,7,0
175.45,4.0283255949,3.2933255949,0.386356358762,0.386356358762,-0.560033375945,-0.560033375945,43,7,0
175.5,4.04694102029,3.31194102029,0.358219795529,0.358219795529,-0.564934444563,-0.564934444563,43,7,0
175.55,4.06414474234,3.32914474234,0.329913535672,0.329913535672,-0.56679823122,-0.56679823122,43,7,0
175.6,4.07993213034,3.34493213034,0.301592894745,0.301592894745,-0.565486677646,-0.565486677646,43,7,0
175.65,4.09430649194,3.35930649194,0.273420091216,0.273420091216,-0.560861725571,-0.560861725571,43,7,0
175.7,4.10727941827,3.37227941827,0.245564246467,0.245564246467,-0.552785316722,-0.552785316722,43,7,0
175.75,4.11887112913,3.38387112913,0.218201384794,0.218201384794,-0.541119392831,-0.541119392831,43,7,0
175.8,4.12911081809,3.39411081809,0.191514433406,0.191514433406,-0.525725895624,-0.525725895624,43,7,0
175.85,4.13803699765,3.40303699765,0.165693222425,0.165693222425,-0.506466766832,-0.506466766832,43,7,0
175.9,4.14569784439,3.41069784439,0.140934484887,0.140934484887,-0.483203948184,-0.483203948184,43,7,0
175.95,4.15215154412,3.41715154412,0.117441856742,0.117441856742,-0.455799381408,-0.455799381408,43,7,0
176,4.15746663703,3.42246663703,0.0954258768528,0.0954258768528,-0.424115008235,-0.424115008235,43,7,0
176.05,4.16172236281,3.42672236281,0.0751039869963,0.0751039869963,-0.388012770392,-0.388012770392,43,7,0
176.1,4.16500900581,3.43000900581,0.0567005318626,0.0567005318626,-0.347354609609,-0.347354609609,43,7,0
176.15,4.1674282402,3.4324282402,0.0404467590556,0.0404467590556,-0.302002467615,-0.302002467615,43,7,0
176.2,4.16909347509,3.43409347509,0.0265808190925,0.0265808190925,-0.251818286139,-0.251818286139,43,7,0
176.25,4.17013019971,3.43513019971,0.0153477654042,0.0153477654042,-0.196664006911,-0.196664006911,43,7,0
176.3,4.17067632851,3.43567632851,0.00699955433512,0.00699955433512,-0.136401571659,-0.136401571659,43,7,0
176.35,4.17088254634,3.43588254634,0.00179504514322,0.00179504514322,-0.0708929221122,-0.0708929221122,43,7,0
176.4,4.17091265359,3.43591265359,0,0,0,0,44,0,0
176.45,4.17091265359,3.43591265359,0,0,0,0,44,0,0
176.5,4.17091265359,3.43591265359,0,0,0,0,44,0,0
176.55,4.17091265359,3.43591265359,0,0,0,0,44,0,0
176.6,4.17091265359,3.43591265359,0,0,0,0,44,0,0
176.65,4.17091265359,3.43591265359,0,0,0,0,44,0,0
176.7,4.17091265359,3.43591265359,0,0,0,0,44,0,0
176.75,4.17091265359,3.43591265359,0,0,0,0,44,0,0
176.8,4.17091265359,3.43591265359,0,0,0,0,44,0,0
176.85,4.17091265359,3.43591265359,0,0,0,0,44,0,0
176.9,4.17091265359,3.43591265359,0,0,0,0,44,0,0
176.95,4.17091265359,3.43591265359,0,0,0,0,44,0,0
177,4.17091265359,3.43591265359,0,0,0,0,44,0,0
177.05,4.17091265359,3.43591265359,0,0,0,0,44,0,0
177.1,4.17091265359,3.43591265359,0,0,0,0,44,0,0
177.15,4.17091265359,3.43591265359,0,0,0,0,44,0,0
177.2,4.17091265359,3.43591265359,0,0,0,0,44,0,0
177.25,4.17091265359,3.43591265359,0,0,0,0,44,0,0
177.3,4.17091265359,3.43591265359,0,0,0,0,44,0,0
177.35,4.17091265359,3.43591265359,0,0,0,0,44,0,0
177.4,4.17091265359,3.43591265359,0,0,0,0,44,0,0
177.45,4.17091265359,3.43591265359,0,0,0,0,44,0,0
177.5,4.17091265359,3.43591265359,0,0,0,0,44,0,0
177.55,4.17091265359,3.43591265359,0,0,0,0,44,0,0
177.6,4.17091265359,3.43591265359,0,0,0,0,44,0,0
177.65,4.17091265359,3.43591265359,0,0,0,0,44,0,0
177.7,4.17091265359,3.43591265359,0,0,0,0,44,0,0
177.75,4.17091265359,3.43591265359,0,0,0,0,44,0,0
177.8,4.17091265359,3.43591265359,0,0,0,0,44,0,0
177.85,4.17091265359,3.43591265359,0,0,0,0,44,0,0
177.9,4.17091265359,3.43591265359,0,0,0,0,44,0,0
177.95,4.17091265359,3.43591265359,0,0,0,0,44,0,0
178,4.17091265359,3.43591265359,0,0,0,0,44,0,0
178.05,4.17091265359,3.43591265359,0,0,0,0,44,0,0
178.1,4.17091265359,3.43591265359,0,0,0,0,44,0,0
178.15,4.17091265359,3.43591265359,0,0,0,0,44,0,0
178.2,4.17091265359,3.43591265359,0,0,0,0,44,0,0
178.25,4.17091265359,3.43591265359,0,0,0,0,44,0,0
178.3,4.17091265359,3.43591265359,0,0,0,0,44,0,0
178.35,4.17091265359,3.43591265359,0,0,0,0,44,0,0
178.4,4.17091265359,3.43591265359,0,0,0,0,45,7,0
178.45,4.17094276084,3.43594276084,0.00179504514322,0.00179504514322,0.0708929221122,0.0708929221122,45,7,0
178.5,4.17114897867,3.43614897867,0.00699955433512,0.00699955433512,0.136401571659,0.136401571659,45,7,0
178.55,4.17169510747,3.43669510747,0.0153477654042,0.0153477654042,0.196664006911,0.196664006911,45,7,0
178.6,4.17273183209,3.43773183209,0.0265808190925,0.0265808190925,0.251818286139,0.251818286139,45,7,0
178.65,4.17439706698,3.43939706698,0.0404467590556,0.0404467590556,0.302002467615,0.302002467615,45,7,0
178.7,4.17681630137,3.44181630137,0.0567005318626,0.0567005318626,0.347354609609,0.347354609609,45,7,0
178.75,4.18010294437,3.44510294437,0.0751039869963,0.0751039869963,0.388012770392,0.388012770392,45,7,0
178.8,4.18435867015,3.44935867015,0.0954258768528,0.0954258768528,0.424115008235,0.424115008235,45,7,0
178.85,4.18967376306,3.45467376306,0.117441856742,0.117441856742,0.455799381408,0.455799381408,45,7,0
178.9,4.19612746279,3.46112746279,0.140934484887,0.140934484887,0.483203948184,0.483203948184,45,7,0
178.95,4.20378830953,3.46878830953,0.165693222425,0.165693222425,0.506466766832,0.506466766832,45,7,0
179,4.21271448909,3.47771448909,0.191514433406,0.191514433406,0.525725895624,0.525725895624,45,7,0
179.05,4.22295417804,3.48795417804,0.218201384794,0.218201384794,0.541119392831,0.541119392831,45,7,0
179.1,4.2345458889,3.4995458889,0.245564246467,0.245564246467,0.552785316722,0.552785316722,45,7,0
179.15,4.24751881524,3.51251881524,0.273420091216,0.273420091216,0.560861725571,0.560861725571,45,7,0
179.2,4.26189317684,3.52689317684,0.301592894745,0.301592894745,0.565486677646,0.565486677646,45,7,0
179.25,4.27768056484,3.54268056484,0.329913535672,0.329913535672,0.56679823122,0.56679823122,45,7,0
179.3,4.29488428689,3.55988428689,0.358219795529,0.358219795529,0.564934444563,0.564934444563,45,7,0
179.35,4.31349971228,3.57849971228,0.386356358762,0.386356358762,0.560033375945,0.560033375945,45,7,0
179.4,4.33351461711,3.59851461711,0.414174812729,0.414174812729,0.552233083639,0.552233083639,45,7,0
179.45,4.3549095294,3.6199095294,0.441533647702,0.441533647702,0.541671625914,0.541671625914,45,7,0
179.5,4.37765807428,3.64265807428,0.468298256868,0.468298256868,0.528487061042,0.528487061042,45,7,0
179.55,4.40172731909,3.66672731909,0.494340936325,0.494340936325,0.512817447294,0.512817447294,45,7,0
179.6,4.42707811856,3.69207811856,0.519540885087,0.519540885087,0.49480084294,0.49480084294,45,7,0
179.65,4.45366545995,3.71866545995,0.543784205081,0.543784205081,0.474575306252,0.474575306252,45,7,0
179.7,4.48143880817,3.74643880817,0.566963901145,0.566963901145,0.4522788955,0.4522788955,45,7,0
179.75,4.51034245096,3.77534245096,0.588979881034,0.588979881034,0.428049668956,0.428049668956,45,7,0
179.8,4.54031584401,3.80531584401,0.609738955415,0.609738955415,0.402025684889,0.402025684889,45,7,0
179.85,4.57129395613,3.83629395613,0.629154837869,0.629154837869,0.374345001572,0.374345001572,45,7,0
179.9,4.60320761438,3.86820761438,0.647148144889,0.647148144889,0.345145677274,0.345145677274,45,7,0
179.95,4.63598384919,3.90098384919,0.663646395884,0.663646395884,0.314565770268,0.314565770268,45,7,0
180,4.66954623957,3.93454623957,0.678584013175,0.678584013175,0.282743338823,0.282743338823,45,7,0
180.05,4.7038152582,3.9688152582,0.691902321997,0.691902321997,0.249816441211,0.249816441211,45,7,0
180.1,4.73870861659,4.00370861659,0.703549550498,0.703549550498,0.215923135703,0.215923135703,45,7,0
180.15,4.77414161026,4.03914161026,0.71348082974,0.71348082974,0.181201480569,0.181201480569,45,7,0
180.2,4.81002746381,4.07502746381,0.721658193699,0.721658193699,0.145789534081,0.145789534081,45,7,0
180.25,4.84627767615,4.11127767615,0.728050579264,0.728050579264,0.109825354509,0.109825354509,45,7,0
180.3,4.88280236559,4.14780236559,0.732633826237,0.732633826237,0.073447000124,0.073447000124,45,7,0
180.35,4.91951061501,4.18451061501,0.735390677334,0.735390677334,0.0367925291974,0.0367925291974,45,7,0
180.4,4.95631081699,4.22131081699,0.736310778185,0.736310778185,0,0,45,7,0
180.45,4.99311101896,4.25811101896,0.735390677334,0.735390677334,-0.0367925291974,-0.0367925291974,45,7,0
180.5,5.02981926838,4.29481926838,0.732633826237,0.732633826237,-0.073447000124,-0.073447000124,45,7,0
180.55,5.06634395782,4.33134395782,0.728050579264,0.728050579264,-0.109825354509,-0.109825354509,45,7,0
180.6,5.10259417016,4.36759417016,0.721658193699,0.721658193699,-0.145789534081,-0.145789534081,45,7,0
180.65,5.13848002372,4.40348002372,0.71348082974,0.71348082974,-0.181201480569,-0.181201480569,45,7,0
180.7,5.17391301738,4.43891301738,0.703549550498,0.703549550498,-0.215923135703,-0.215923135703,45,7,0
180.75,5.20880637578,4.47380637578,0.691902321997,0.691902321997,-0.249816441211,-0.249816441211,45,7,0
180.8,5.24307539441,4.50807539441,0.678584013175,0.678584013175,-0.282743338823,-0.282743338823,45,7,0
180.85,5.27663778479,4.54163778479,0.663646395884,0.663646395884,-0.314565770268,-0.314565770268,45,7,0
180.9,5.3094140196,4.5744140196,0.647148144889,0.647148144889,-0.345145677274,-0.345145677274,45,7,0
180.95,5.34132767784,4.60632767784,0.629154837869,0.629154837869,-0.374345001572,-0.374345001572,45,7,0
181,5.37230578996,4.63730578996,0.609738955415,0.609738955415,-0.402025684889,-0.402025684889,45,7,0
181.05,5.40227918301,4.66727918301,0.588979881034,0.588979881034,-0.428049668956,-0.428049668956,45,7,0
181.1,5.4311828258,4.6961828258,0.566963901145,0.566963901145,-0.4522788955,-0.4522788955,45,7,0
181.15,5.45895617402,4.72395617402,0.543784205081,0.543784205081,-0.474575306252,-0.474575306252,45,7,0
181.2,5.48554351541,4.75054351541,0.519540885087,0.519540885087,-0.49480084294,-0.49480084294,45,7,0
181.25,5.51089431488,4.77589431488,0.494340936325,0.494340936325,-0.512817447294,-0.512817447294,45,7,0
181.3,5.5349635597,4.7999635597,0.468298256868,0.468298256868,-0.528487061042,-0.528487061042,45,7,0
181.35,5.55771210457,4.82271210457,0.441533647702,0.441533647702,-0.541671625914,-0.541671625914,45,7,0
181.4,5.57910701687,4.84410701687,0.414174812729,0.414174812729,-0.552233083639,-0.552233083639,45,7,0
181.45,5.5991219217,4.8641219217,0.386356358762,0.386356358762,-0.560033375945,-0.560033375945,45,7,0
181.5,5.61773734709,4.88273734709,0.358219795529,0.358219795529,-0.564934444563,-0.564934444563,45,7,0
181.55,5.63494106914,4.89994106914,0.329913535672,0.329913535672,-0.56679823122,-0.56679823122,45,7,0
181.6,5.65072845714,4.91572845714,0.301592894745,0.301592894745,-0.565486677646,-0.565486677646,45,7,0
181.65,5.66510281873,4.93010281873,0.273420091216,0.273420091216,-0.560861725571,-0.560861725571,45,7,0
181.7,5.67807574507,4.94307574507,0.245564246467,0.245564246467,-0.552785316722,-0.552785316722,45,7,0
181.75,5.68966745593,4.95466745593,0.218201384794,0.218201384794,-0.541119392831,-0.541119392831,45,7,0
181.8,5.69990714489,4.96490714489,0.191514433406,0.191514433406,-0.525725895624,-0.525725895624,45,7,0
181.85,5.70883332444,4.97383332444,0.165693222425,0.165693222425,-0.506466766832,-0.506466766832,45,7,0
181.9,5.71649417118,4.98149417118,0.140934484887,0.140934484887,-0.483203948184,-0.483203948184,45,7,0
181.95,5.72294787092,4.98794787092,0.117441856742,0.117441856742,-0.455799381408,-0.455799381408,45,7,0
182,5.72826296383,4.99326296383,0.0954258768528,0.0954258768528,-0.424115008235,-0.424115008235,45,7,0
182.05,5.7325186896,4.9975186896,0.0751039869963,0.0751039869963,-0.388012770392,-0.388012770392,45,7,0
182.1,5.7358053326,5.0008053326,0.0567005318626,0.0567005318626,-0.347354609609,-0.347354609609,45,7,0
182.15,5.73822456699,5.00322456699,0.0404467590556,0.0404467590556,-0.302002467615,-0.302002467615,45,7,0
182.2,5.73988980189,5.00488980189,0.0265808190925,0.0265808190925,-0.251818286139,-0.251818286139,45,7,0
182.25,5.74092652651,5.00592652651,0.0153477654042,0.0153477654042,-0.196664006911,-0.196664006911,45,7,0
182.3,5.7414726553,5.0064726553,0.00699955433512,0.00699955433512,-0.136401571659,-0.136401571659,45,7,0
182.35,5.74167887314,5.00667887314,0.00179504514322,0.00179504514322,-0.0708929221122,-0.0708929221122,45,7,0
182.4,5.74170898038,5.00670898038,0,0,0,0,46,0,0
182.45,5.74170898038,5.00670898038,0,0,0,0,46,0,0
182.5,5.74170898038,5.00670898038,0,0,0,0,46,0,0
182.55,5.74170898038,5.00670898038,0,0,0,0,46,0,0
182.6,5.74170898038,5.00670898038,0,0,0,0,46,0,0
182.65,5.74170898038,5.00670898038,0,0,0,0,46,0,0
182.7,5.74170898038,5.00670898038,0,0,0,0,46,0,0
182.75,5.74170898038,5.00670898038,0,0,0,0,46,0,0
182.8,5.74170898038,5.00670898038,0,0,0,0,46,0,0
182.85,5.74170898038,5.00670898038,0,0,0,0,46,0,0
182.9,5.74170898038,5.00670898038,0,0,0,0,46,0,0
182.95,5.74170898038,5.00670898038,0,0,0,0,46,0,0
183,5.74170898038,5.00670898038,0,0,0,0,46,0,0
183.05,5.74170898038,5.00670898038,0,0,0,0,46,0,0
183.1,5.74170898038,5.00670898038,0,0,0,0,46,0,0
183.15,5.74170898038,5.00670898038,0,0,0,0,46,0,0
183.2,5.74170898038,5.00670898038,0,0,0,0,46,0,0
183.25,5.74170898038,5.00670898038,0,0,0,0,46,0,0
183.3,5.74170898038,5.00670898038,0,0,0,0,46,0,0
183.35,5.74170898038,5.00670898038,0,0,0,0,46,0,0
183.4,5.74170898038,5.00670898038,0,0,0,0,46,0,0
183.45,5.74170898038,5.00670898038,0,0,0,0,46,0,0
183.5,5.74170898038,5.00670898038,0,0,0,0,46,0,0
183.55,5.74170898038,5.00670898038,0,0,0,0,46,0,0
183.6,5.74170898038,5.00670898038,0,0,0,0,46,0,0
183.65,5.74170898038,5.00670898038,0,0,0,0,46,0,0
183.7,5.74170898038,5.00670898038,0,0,0,0,46,0,0
183.75,5.74170898038,5.00670898038,0,0,0,0,46,0,0
183.8,5.74170898038,5.00670898038,0,0,0,0,46,0,0
183.85,5.74170898038,5.00670898038,0,0,0,0,46,0,0
183.9,5.74170898038,5.00670898038,0,0,0,0,46,0,0
183.95,5.74170898038,5.00670898038,0,0,0,0,46,0,0
184,5.74170898038,5.00670898038,0,0,0,0,46,0,0
184.05,5.74170898038,5.00670898038,0,0,0,0,46,0,0
184.1,5.74170898038,5.00670898038,0,0,0,0,46,0,0
184.15,5.74170898038,5.00670898038,0,0,0,0,46,0,0
184.2,5.74170898038,5.00670898038,0,0,0,0,46,0,0
184.25,5.74170898038,5.00670898038,0,0,0,0,46,0,0
184.3,5.74170898038,5.00670898038,0,0,0,0,46,0,0
184.35,5.74170898038,5.00670898038,0,0,0,0,46,0,0
184.4,5.74170898038,5.00670898038,0,0,0,0,47,7,0
184.45,5.74173908763,5.00673908763,0.00179504514322,0.00179504514322,0.0708929221122,0.0708929221122,47,7,0
184.5,5.74194530546,5.00694530546,0.00699955433512,0.00699955433512,0.136401571659,0.136401571659,47,7,0
184.55,5.74249143426,5.00749143426,0.0153477654042,0.0153477654042,0.196664006911,0.196664006911,47,7,0
184.6,5.74352815888,5.00852815888,0.0265808190925,0.0265808190925,0.251818286139,0.251818286139,47,7,0
184.65,5.74519339378,5.01019339378,0.0404467590556,0.0404467590556,0.302002467615,0.302002467615,47,7,0
184.7,5.74761262817,5.01261262817,0.0567005318626,0.0567005318626,0.347354609609,0.347354609609,47,7,0
184.75,5.75089927117,5.01589927117,0.0751039869963,0.0751039869963,0.388012770392,0.388012770392,47,7,0
184.8,5.75515499694,5.02015499694,0.0954258768528,0.0954258768528,0.424115008235,0.424115008235,47,7,0
184.85,5.76047008985,5.02547008985,0.117441856742,0.117441856742,0.455799381408,0.455799381408,47,7,0
184.9,5.76692378959,5.03192378959,0.140934484887,0.140934484887,0.483203948184,0.483203948184,47,7,0
184.95,5.77458463633,5.03958463633,0.165693222425,0.165693222425,0.506466766832,0.506466766832,47,7,0
185,5.78351081588,5.04851081588,0.191514433406,0.191514433406,0.525725895624,0.525725895624,47,7,0
185.05,5.79375050484,5.05875050484,0.218201384794,0.218201384794,0.541119392831,0.541119392831,47,7,0
185.1,5.8053422157,5.0703422157,0.245564246467,0.245564246467,0.552785316722,0.552785316722,47,7,0
185.15,5.81831514204,5.08331514204,0.273420091216,0.273420091216,0.560861725571,0.560861725571,47,7,0
185.2,5.83268950363,5.09768950363,0.301592894745,0.301592894745,0.565486677646,0.565486677646,47,7,0
185.25,5.84847689163,5.11347689163,0.329913535672,0.329913535672,0.56679823122,0.56679823122,47,7,0
185.3,5.86568061368,5.13068061368,0.358219795529,0.358219795529,0.564934444563,0.564934444563,47,7,0
185.35,5.88429603907,5.14929603907,0.386356358762,0.386356358762,0.560033375945,0.560033375945,47,7,0
185.4,5.9043109439,5.1693109439,0.414174812729,0.414174812729,0.552233083639,0.552233083639,47,7,0
185.45,5.92570585619,5.19070585619,0.441533647702,0.441533647702,0.541671625914,0.541671625914,47,7,0
185.5,5.94845440107,5.21345440107,0.468298256868,0.468298256868,0.528487061042,0.528487061042,47,7,0
185.55,5.97252364588,5.23752364588,0.494340936325,0.494340936325,0.512817447294,0.512817447294,47,7,0
185.6,5.99787444536,5.26287444536,0.519540885087,0.519540885087,0.49480084294,0.49480084294,47,7,0
185.65,6.02446178675,5.28946178675,0.543784205081,0.543784205081,0.474575306252,0.474575306252,47,7,0
185.7,6.05223513497,5.31723513497,0.566963901145,0.566963901145,0.4522788955,0.4522788955,47,7,0
185.75,6.08113877776,5.34613877776,0.588979881034,0.588979881034,0.428049668956,0.428049668956,47,7,0
185.8,6.11111217081,5.37611217081,0.609738955415,0.609738955415,0.402025684889,0.402025684889,47,7,0
185.85,6.14209028293,5.40709028293,0.629154837869,0.629154837869,0.374345001572,0.374345001572,47,7,0
185.9,6.17400394117,5.43900394117,0.647148144889,0.647148144889,0.345145677274,0.345145677274,47,7,0
185.95,6.20678017598,5.47178017598,0.663646395884,0.663646395884,0.314565770268,0.314565770268,47,7,0
186,6.24034256636,5.50534256636,0.678584013175,0.678584013175,0.282743338823,0.282743338823,47,7,0
186.05,6.27461158499,5.53961158499,0.691902321997,0.691902321997,0.249816441211,0.249816441211,47,7,0
186.1,6.30950494339,5.57450494339,0.703549550498,0.703549550498,0.215923135703,0.215923135703,47,7,0
186.15,6.34493793705,5.60993793705,0.71348082974,0.71348082974,0.181201480569,0.181201480569,47,7,0
186.2,6.38082379061,5.64582379061,0.721658193699,0.721658193699,0.145789534081,0.145789534081,47,7,0
186.25,6.41707400295,5.68207400295,0.728050579264,0.728050579264,0.109825354509,0.109825354509,47,7,0
186.3,6.45359869239,5.71859869239,0.732633826237,0.732633826237,0.073447000124,0.073447000124,47,7,0
186.35,6.4903069418,5.7553069418,0.735390677334,0.735390677334,0.0367925291974,0.0367925291974,47,7,0
186.4,6.52710714378,5.79210714378,0.736310778185,0.736310778185,0,0,47,7,0
186.45,6.56390734576,5.82890734576,0.735390677334,0.735390677334,-0.0367925291974,-0.0367925291974,47,7,0
186.5,6.60061559518,5.86561559518,0.732633826237,0.732633826237,-0.073447000124,-0.073447000124,47,7,0
186.55,6.63714028462,5.90214028462,0.728050579264,0.728050579264,-0.109825354509,-0.109825354509,47,7,0
186.6,6.67339049696,5.93839049696,0.721658193699,0.721658193699,-0.145789534081,-0.145789534081,47,7,0
186.65,6.70927635051,5.97427635051,0.71348082974,0.71348082974,-0.181201480569,-0.181201480569,47,7,0
186.7,6.74470934418,6.00970934418,0.703549550498,0.703549550498,-0.215923135703,-0.215923135703,47,7,0
186.75,6.77960270257,6.04460270257,0.691902321997,0.691902321997,-0.249816441211,-0.249816441211,47,7,0
186.8,6.8138717212,6.0788717212,0.678584013175,0.678584013175,-0.282743338823,-0.282743338823,47,7,0
186.85,6.84743411158,6.11243411158,0.663646395884,0.663646395884,-0.314565770268,-0.314565770268,47,7,0
186.9,6.88021034639,6.14521034639,0.647148144889,0.647148144889,-0.345145677274,-0.345145677274,47,7,0
186.95,6.91212400463,6.17712400463,0.629154837869,0.629154837869,-0.374345001572,-0.374345001572,47,7,0
187,6.94310211675,6.20810211675,0.609738955415,0.609738955415,-0.402025684889,-0.402025684889,47,7,0
187.05,6.97307550981,6.23807550981,0.588979881034,0.588979881034,-0.428049668956,-0.428049668956,47,7,0
187.1,7.0019791526,6.2669791526,0.566963901145,0.566963901145,-0.4522788955,-0.4522788955,47,7,0
187.15,7.02975250082,6.29475250082,0.543784205081,0.543784205081,-0.474575306252,-0.474575306252,47,7,0
187.2,7.05633984221,6.32133984221,0.519540885087,0.519540885087,-0.49480084294,-0.49480084294,47,7,0
187.25,7.08169064168,6.34669064168,0.494340936325,0.494340936325,-0.512817447294,-0.512817447294,47,7,0
187.3,7.10575988649,6.37075988649,0.468298256868,0.468298256868,-0.528487061042,-0.528487061042,47,7,0
187.35,7.12850843137,6.39350843137,0.441533647702,0.441533647702,-0.541671625914,-0.541671625914,47,7,0
187.4,7.14990334366,6.41490334366,0.414174812729,0.414174812729,-0.552233083639,-0.552233083639,47,7,0
187.45,7.16991824849,6.43491824849,0.386356358762,0.386356358762,-0.560033375945,-0.560033375945,47,7,0
187.5,7.18853367388,6.45353367388,0.358219795529,0.358219795529,-0.564934444563,-0.564934444563,47,7,0
187.55,7.20573739593,6.47073739593,0.329913535672,0.329913535672,-0.56679823122,-0.56679823122,47,7,0
187.6,7.22152478393,6.48652478393,0.301592894745,0.301592894745,-0.565486677646,-0.565486677646,47,7,0
187.65,7.23589914553,6.50089914553,0.273420091216,0.273420091216,-0.560861725571,-0.560861725571,47,7,0
187.7,7.24887207186,6.51387207186,0.245564246467,0.245564246467,-0.552785316722,-0.552785316722,47,7,0
187.75,7.26046378272,6.52546378272,0.218201384794,0.218201384794,-0.541119392831,-0.541119392831,47,7,0
187.8,7.27070347168,6.53570347168,0.191514433406,0.191514433406,-0.525725895624,-0.525725895624,47,7,0
187.85,7.27962965124,6.54462965124,0.165693222425,0.165693222425,-0.506466766832,-0.506466766832,47,7,0
187.9,7.28729049798,6.55229049798,0.140934484887,0.140934484887,-0.483203948184,-0.483203948184,47,7,0
187.95,7.29374419771,6.55874419771,0.117441856742,0.117441856742,-0.455799381408,-0.455799381408,47,7,0
188,7.29905929062,6.56405929062,0.0954258768528,0.0954258768528,-0.424115008235,-0.424115008235,47,7,0
188.05,7.3033150164,6.5683150164,0.0751039869963,0.0751039869963,-0.388012770392,-0.388012770392,47,7,0
188.1,7.3066016594,6.5716016594,0.0567005318626,0.0567005318626,-0.347354609609,-0.347354609609,47,7,0
188.15,7.30902089379,6.57402089379,0.0404467590556,0.0404467590556,-0.302002467615,-0.302002467615,47,7,0
188.2,7.31068612868,6.57568612868,0.0265808190925,0.0265808190925,-0.251818286139,-0.251818286139,47,7,0
188.25,7.3117228533,6.5767228533,0.0153477654042,0.0153477654042,-0.196664006911,-0.196664006911,47,7,0
188.3,7.3122689821,6.5772689821,0.00699955433512,0.00699955433512,-0.136401571659,-0.136401571659,47,7,0
188.35,7.31247519993,6.57747519993,0.00179504514322,0.00179504514322,-0.0708929221122,-0.0708929221122,47,7,0
188.4,7.31250530718,6.57750530718,0,0,0,0,48,0,0
188.45,7.31250530718,6.57750530718,0,0,0,0,48,0,0
188.5,7.31250530718,6.57750530718,0,0,0,0,48,0,0
188.55,7.31250530718,6.57750530718,0,0,0,0,48,0,0
188.6,7.31250530718,6.57750530718,0,0,0,0,48,0,0
188.65,7.31250530718,6.57750530718,0,0,0,0,48,0,0
188.7,7.31250530718,6.57750530718,0,0,0,0,48,0,0
188.75,7.31250530718,6.57750530718,0,0,0,0,48,0,0
188.8,7.31250530718,6.57750530718,0,0,0,0,48,0,0
188.85,7.31250530718,6.57750530718,0,0,0,0,48,0,0
188.9,7.31250530718,6.57750530718,0,0,0,0,48,0,0
188.95,7.31250530718,6.57750530718,0,0,0,0,48,0,0
189,7.31250530718,6.57750530718,0,0,0,0,48,0,0
189.05,7.31250530718,6.57750530718,0,0,0,0,48,0,0
189.1,7.31250530718,6.57750530718,0,0,0,0,48,0,0
189.15,7.31250530718,6.57750530718,0,0,0,0,48,0,0
189.2,7.31250530718,6.57750530718,0,0,0,0,48,0,0
189.25,7.31250530718,6.57750530718,0,0,0,0,48,0,0
189.3,7.31250530718,6.57750530718,0,0,0,0,48,0,0
189.35,7.31250530718,6.57750530718,0,0,0,0,48,0,0
189.4,7.31250530718,6.57750530718,0,0,0,0,48,0,0
189.45,7.31250530718,6.57750530718,0,0,0,0,48,0,0
189.5,7.31250530718,6.57750530718,0,0,0,0,48,0,0
189.55,7.31250530718,6.57750530718,0,0,0,0,48,0,0
189.6,7.31250530718,6.57750530718,0,0,0,0,48,0,0
189.65,7.31250530718,6.57750530718,0,0,0,0,48,0,0
189.7,7.31250530718,6.57750530718,0,0,0,0,48,0,0
189.75,7.31250530718,6.57750530718,0,0,0,0,48,0,0
189.8,7.31250530718,6.57750530718,0,0,0,0,48,0,0
189.85,7.31250530718,6.57750530718,0,0,0,0,48,0,0
189.9,7.31250530718,6.57750530718,0,0,0,0,48,0,0
189.95,7.31250530718,6.57750530718,0,0,0,0,48,0,0
190,7.31250530718,6.57750530718,0,0,0,0,48,0,0
190.05,7.31250530718,6.57750530718,0,0,0,0,48,0,0
190.1,7.31250530718,6.57750530718,0,0,0,0,48,0,0
190.15,7.31250530718,6.57750530718,0,0,0,0,48,0,0
190.2,7.31250530718,6.57750530718,0,0,0,0,48,0,0
190.25,7.31250530718,6.57750530718,0,0,0,0,48,0,0
190.3,7.31250530718,6.57750530718,0,0,0,0,48,0,0
190.35,7.31250530718,6.57750530718,0,0,0,0,48,0,0
190.4,7.31250530718,6.57750530718,-0,-0,-0,-0,49,7,0
190.45,7.31247519993,6.57747519993,-0.00179504514322,-0.00179504514322,-0.0708929221122,-0.0708929221122,49,7,0
190.5,7.3122689821,6.5772689821,-0.00699955433512,-0.00699955433512,-0.136401571659,-0.136401571659,49,7,0
190.55,7.3117228533,6.5767228533,-0.0153477654042,-0.0153477654042,-0.196664006911,-0.196664006911,49,7,0
190.6,7.31068612868,6.57568612868,-0.0265808190925,-0.0265808190925,-0.251818286139,-0.251818286139,49,7,0
190.65,7.30902089379,6.57402089379,-0.0404467590556,-0.0404467590556,-0.302002467615,-0.302002467615,49,7,0
190.7,7.3066016594,6.5716016594,-0.0567005318626,-0.0567005318626,-0.347354609609,-0.347354609609,49,7,0
190.75,7.3033150164,6.5683150164,-0.0751039869963,-0.0751039869963,-0.388012770392,-0.388012770392,49,7,0
190.8,7.29905929062,6.56405929062,-0.0954258768528,-0.0954258768528,-0.424115008235,-0.424115008235,49,7,0
190.85,7.29374419771,6.55874419771,-0.117441856742,-0.117441856742,-0.455799381408,-0.455799381408,49,7,0
190.9,7.28729049798,6.55229049798,-0.140934484887,-0.140934484887,-0.483203948184,-0.483203948184,49,7,0
190.95,7.27962965124,6.54462965124,-0.165693222425,-0.165693222425,-0.506466766832,-0.506466766832,49,7,0
191,7.27070347168,6.53570347168,-0.191514433406,-0.191514433406,-0.525725895624,-0.525725895624,49,7,0
191.05,7.26046378272,6.52546378272,-0.218201384794,-0.218201384794,-0.541119392831,-0.541119392831,49,7,0
191.1,7.24887207186,6.51387207186,-0.245564246467,-0.245564246467,-0.552785316722,-0.552785316722,49,7,0
191.15,7.23589914553,6.50089914553,-0.273420091216,-0.273420091216,-0.560861725571,-0.560861725571,49,7,0
191.2,7.22152478393,6.48652478393,-0.301592894745,-0.301592894745,-0.565486677646,-0.565486677646,49,7,0
191.25,7.20573739593,6.47073739593,-0.329913535672,-0.329913535672,-0.56679823122,-0.56679823122,49,7,0
191.3,7.18853367388,6.45353367388,-0.358219795529,-0.358219795529,-0.564934444563,-0.564934444563,49,7,0
191.35,7.16991824849,6.43491824849,-0.386356358762,-0.386356358762,-0.560033375945,-0.560033375945,49,7,0
191.4,7.14990334366,6.41490334366,-0.414174812729,-0.414174812729,-0.552233083639,-0.552233083639,49,7,0
191.45,7.12850843137,6.39350843137,-0.441533647702,-0.441533647702,-0.541671625914,-0.541671625914,49,7,0
191.5,7.10575988649,6.37075988649,-0.468298256868,-0.468298256868,-0.528487061042,-0.528487061042,49,7,0
191.55,7.08169064168,6.34669064168,-0.494340936325,-0.494340936325,-0.512817447294,-0.512817447294,49,7,0
191.6,7.05633984221,6.32133984221,-0.519540885087,-0.519540885087,-0.49480084294,-0.49480084294,49,7,0
191.65,7.02975250082,6.29475250082,-0.543784205081,-0.543784205081,-0.474575306252,-0.474575306252,49,7,0
191.7,7.0019791526,6.2669791526,-0.566963901145,-0.566963901145,-0.4522788955,-0.4522788955,49,7,0
191.75,6.97307550981,6.23807550981,-0.588979881034,-0.588979881034,-0.428049668956,-0.428049668956,49,7,0
191.8,6.94310211675,6.20810211675,-0.609738955415,-0.609738955415,-0.402025684889,-0.402025684889,49,7,0
191.85,6.91212400463,6.17712400463,-0.629154837869,-0.629154837869,-0.374345001572,-0.374345001572,49,7,0
191.9,6.88021034639,6.14521034639,-0.647148144889,-0.647148144889,-0.345145677274,-0.345145677274,49,7,0
191.95,6.84743411158,6.11243411158,-0.663646395884,-0.663646395884,-0.314565770268,-0.314565770268,49,7,0
192,6.8138717212,6.0788717212,-0.678584013175,-0.678584013175,-0.282743338823,-0.282743338823,49,7,0
192.05,6.77960270257,6.04460270257,-0.691902321997,-0.691902321997,-0.249816441211,-0.249816441211,49,7,0
192.1,6.74470934418,6.00970934418,-0.703549550498,-0.703549550498,-0.215923135703,-0.215923135703,49,7,0
192.15,6.70927635051,5.97427635051,-0.71348082974,-0.71348082974,-0.181201480569,-0.181201480569,49,7,0
192.2,6.67339049696,5.93839049696,-0.721658193699,-0.721658193699,-0.145789534081,-0.145789534081,49,7,0
192.25,6.63714028462,5.90214028462,-0.728050579264,-0.728050579264,-0.109825354509,-0.109825354509,49,7,0
192.3,6.60061559518,5.86561559518,-0.732633826237,-0.732633826237,-0.073447000124,-0.073447000124,49,7,0
192.35,6.56390734576,5.82890734576,-0.735390677334,-0.735390677334,-0.0367925291974,-0.0367925291974,49,7,0
192.4,6.52710714378,5.79210714378,-0.736310778185,-0.736310778185,-0,-0,49,7,0
192.45,6.4903069418,5.7553069418,-0.735390677334,-0.735390677334,0.0367925291974,0.0367925291974,49,7,0
192.5,6.45359869239,5.71859869239,-0.732633826237,-0.732633826237,0.073447000124,0.073447000124,49,7,0
192.55,6.41707400295,5.68207400295,-0.728050579264,-0.728050579264,0.109825354509,0.109825354509,49,7,0
192.6,6.38082379061,5.64582379061,-0.721658193699,-0.721658193699,0.145789534081,0.145789534081,49,7,0
192.65,6.34493793705,5.60993793705,-0.71348082974,-0.71348082974,0.181201480569,0.181201480569,49,7,0
192.7,6.30950494339,5.57450494339,-0.703549550498,-0.703549550498,0.215923135703,0.215923135703,49,7,0
192.75,6.27461158499,5.53961158499,-0.691902321997,-0.691902321997,0.249816441211,0.249816441211,49,7,0
192.8,6.24034256636,5.50534256636,-0.678584013175,-0.678584013175,0.282743338823,0.282743338823,49,7,0
192.85,6.20678017598,5.47178017598,-0.663646395884,-0.663646395884,0.314565770268,0.314565770268,49,7,0
192.9,6.17400394117,5.43900394117,-0.647148144889,-0.647148144889,0.345145677274,0.345145677274,49,7,0
192.95,6.14209028293,5.40709028293,-0.629154837869,-0.629154837869,0.374345001572,0.374345001572,49,7,0
193,6.11111217081,5.37611217081,-0.609738955415,-0.609738955415,0.402025684889,0.402025684889,49,7,0
193.05,6.08113877776,5.34613877776,-0.588979881034,-0.588979881034,0.428049668956,0.428049668956,49,7,0
193.1,6.05223513497,5.31723513497,-0.566963901145,-0.566963901145,0.4522788955,0.4522788955,49,7,0
193.15,6.02446178675,5.28946178675,-0.543784205081,-0.543784205081,0.474575306252,0.474575306252,49,7,0
193.2,5.99787444536,5.26287444536,-0.519540885087,-0.519540885087,0.49480084294,0.49480084294,49,7,0
193.25,5.97252364588,5.23752364588,-0.494340936325,-0.494340936325,0.512817447294,0.512817447294,49,7,0
193.3,5.94845440107,5.21345440107,-0.468298256868,-0.468298256868,0.528487061042,0.528487061042,49,7,0
193.35,5.92570585619,5.19070585619,-0.441533647702,-0.441533647702,0.541671625914,0.541671625914,49,7,0
193.4,5.9043109439,5.1693109439,-0.414174812729,-0.414174812729,0.552233083639,0.552233083639,49,7,0
193.45,5.88429603907,5.14929603907,-0.386356358762,-0.386356358762,0.560033375945,0.560033375945,49,7,0
193.5,5.86568061368,5.13068061368,-0.358219795529,-0.358219795529,0.564934444563,0.564934444563,49,7,0
193.55,5.84847689163,5.11347689163,-0.329913535672,-0.329913535672,0.56679823122,0.56679823122,49,7,0
193.6,5.83268950363,5.09768950363,-0.301592894745,-0.301592894745,0.565486677646,0.565486677646,49,7,0
193.65,5.81831514204,5.08331514204,-0.273420091216,-0.273420091216,0.560861725571,0.560861725571,49,7,0
193.7,5.8053422157,5.0703422157,-0.245564246467,-0.245564246467,0.552785316722,0.552785316722,49,7,0
193.75,5.79375050484,5.05875050484,-0.218201384794,-0.218201384794,0.541119392831,0.541119392831,49,7,0
193.8,5.78351081588,5.04851081588,-0.191514433406,-0.191514433406,0.525725895624,0.525725895624,49,7,0
193.85,5.77458463633,5.03958463633,-0.165693222425,-0.165693222425,0.506466766832,0.506466766832,49,7,0
193.9,5.76692378959,5.03192378959,-0.140934484887,-0.140934484887,0.483203948184,0.483203948184,49,7,0
193.95,5.76047008985,5.02547008985,-0.117441856742,-0.117441856742,0.455799381408,0.455799381408,49,7,0
194,5.75515499694,5.02015499694,-0.0954258768528,-0.0954258768528,0.424115008235,0.424115008235,49,7,0
194.05,5.75089927117,5.01589927117,-0.0751039869963,-0.0751039869963,0.388012770392,0.388012770392,49,7,0
194.1,5.74761262817,5.01261262817,-0.0567005318626,-0.0567005318626,0.347354609609,0.347354609609,49,7,0
194.15,5.74519339378,5.01019339378,-0.0404467590556,-0.0404467590556,0.302002467615,0.302002467615,49,7,0
194.2,5.74352815888,5.00852815888,-0.0265808190925,-0.0265808190925,0.251818286139,0.251818286139,49,7,0
194.25,5.74249143426,5.00749143426,-0.0153477654042,-0.0153477654042,0.196664006911,0.196664006911,49,7,0
194.3,5.74194530546,5.00694530546,-0.00699955433512,-0.00699955433512,0.136401571659,0.136401571659,49,7,0
194.35,5.74173908763,5.00673908763,-0.00179504514322,-0.00179504514322,0.0708929221122,0.0708929221122,49,7,0
194.4,5.74170898038,5.00670898038,0,0,0,0,50,0,0
194.45,5.74170898038,5.00670898038,0,0,0,0,50,0,0
194.5,5.74170898038,5.00670898038,0,0,0,0,50,0,0
194.55,5.74170898038,5.00670898038,0,0,0,0,50,0,0
194.6,5.74170898038,5.00670898038,0,0,0,0,50,0,0
194.65,5.74170898038,5.00670898038,0,0,0,0,50,0,0
194.7,5.74170898038,5.00670898038,0,0,0,0,50,0,0
194.75,5.74170898038,5.00670898038,0,0,0,0,50,0,0
194.8,5.74170898038,5.00670898038,0,0,0,0,50,0,0
194.85,5.74170898038,5.00670898038,0,0,0,0,50,0,0
194.9,5.74170898038,5.00670898038,0,0,0,0,50,0,0
194.95,5.74170898038,5.00670898038,0,0,0,0,50,0,0
195,5.74170898038,5.00670898038,0,0,0,0,50,0,0
195.05,5.74170898038,5.00670898038,0,0,0,0,50,0,0
195.1,5.74170898038,5.00670898038,0,0,0,0,50,0,0
195.15,5.74170898038,5.00670898038,0,0,0,0,50,0,0
195.2,5.74170898038,5.00670898038,0,0,0,0,50,0,0
195.25,5.74170898038,5.00670898038,0,0,0,0,50,0,0
195.3,5.74170898038,5.00670898038,0,0,0,0,50,0,0
195.35,5.74170898038,5.00670898038,0,0,0,0,50,0,0
195.4,5.74170898038,5.00670898038,0,0,0,0,50,0,0
195.45,5.74170898038,5.00670898038,0,0,0,0,50,0,0
195.5,5.74170898038,5.00670898038,0,0,0,0,50,0,0
195.55,5.74170898038,5.00670898038,0,0,0,0,50,0,0
195.6,5.74170898038,5.00670898038,0,0,0,0,50,0,0
195.65,5.74170898038,5.00670898038,0,0,0,0,50,0,0
195.7,5.74170898038,5.00670898038,0,0,0,0,50,0,0
195.75,5.74170898038,5.00670898038,0,0,0,0,50,0,0
195.8,5.74170898038,5.00670898038,0,0,0,0,50,0,0
195.85,5.74170898038,5.00670898038,0,0,0,0,50,0,0
195.9,5.74170898038,5.00670898038,0,0,0,0,50,0,0
195.95,5.74170898038,5.00670898038,0,0,0,0,50,0,0
196,5.74170898038,5.00670898038,0,0,0,0,50,0,0
196.05,5.74170898038,5.00670898038,0,0,0,0,50,0,0
196.1,5.74170898038,5.00670898038,0,0,0,0,50,0,0
196.15,5.74170898038,5.00670898038,0,0,0,0,50,0,0
196.2,5.74170898038,5.00670898038,0,0,0,0,50,0,0
196.25,5.74170898038,5.00670898038,0,0,0,0,50,0,0
196.3,5.74170898038,5.00670898038,0,0,0,0,50,0,0
196.35,5.74170898038,5.00670898038,0,0,0,0,50,0,0
196.4,5.74170898038,5.00670898038,-0,-0,-0,-0,51,7,0
196.45,5.74167887314,5.00667887314,-0.00179504514322,-0.00179504514322,-0.0708929221122,-0.0708929221122,51,7,0
196.5,5.7414726553,5.0064726553,-0.00699955433512,-0.00699955433512,-0.136401571659,-0.136401571659,51,7,0
196.55,5.74092652651,5.00592652651,-0.0153477654042,-0.0153477654042,-0.196664006911,-0.196664006911,51,7,0
196.6,5.73988980189,5.00488980189,-0.0265808190925,-0.0265808190925,-0.251818286139,-0.251818286139,51,7,0
196.65,5.73822456699,5.00322456699,-0.0404467590556,-0.0404467590556,-0.302002467615,-0.302002467615,51,7,0
196.7,5.7358053326,5.0008053326,-0.0567005318626,-0.0567005318626,-0.347354609609,-0.347354609609,51,7,0
196.75,5.7325186896,4.9975186896,-0.0751039869963,-0.0751039869963,-0.388012770392,-0.388012770392,51,7,0
196.8,5.72826296383,4.99326296383,-0.0954258768528,-0.0954258768528,-0.424115008235,-0.424115008235,51,7,0
196.85,5.72294787092,4.98794787092,-0.117441856742,-0.117441856742,-0.455799381408,-0.455799381408,51,7,0
196.9,5.71649417118,4.98149417118,-0.140934484887,-0.140934484887,-0.483203948184,-0.483203948184,51,7,0
196.95,5.70883332444,4.97383332444,-0.165693222425,-0.165693222425,-0.506466766832,-0.506466766832,51,7,0
197,5.69990714489,4.96490714489,-0.191514433406,-0.191514433406,-0.525725895624,-0.525725895624,51,7,0
197.05,5.68966745593,4.95466745593,-0.218201384794,-0.218201384794,-0.541119392831,-0.541119392831,51,7,0
197.1,5.67807574507,4.94307574507,-0.245564246467,-0.245564246467,-0.552785316722,-0.552785316722,51,7,0
197.15,5.66510281873,4.93010281873,-0.273420091216,-0.273420091216,-0.560861725571,-0.560861725571,51,7,0
197.2,5.65072845714,4.91572845714,-0.301592894745,-0.301592894745,-0.565486677646,-0.565486677646,51,7,0
197.25,5.63494106914,4.89994106914,-0.329913535672,-0.329913535672,-0.56679823122,-0.56679823122,51,7,0
197.3,5.61773734709,4.88273734709,-0.358219795529,-0.358219795529,-0.564934444563,-0.564934444563,51,7,0
197.35,5.5991219217,4.8641219217,-0.386356358762,-0.386356358762,-0.560033375945,-0.560033375945,51,7,0
197.4,5.57910701687,4.84410701687,-0.414174812729,-0.414174812729,-0.552233083639,-0.552233083639,51,7,0
197.45,5.55771210457,4.82271210457,-0.441533647702,-0.441533647702,-0.541671625914,-0.541671625914,51,7,0
197.5,5.5349635597,4.7999635597,-0.468298256868,-0.468298256868,-0.528487061042,-0.528487061042,51,7,0
197.55,5.51089431488,4.77589431488,-0.494340936325,-0.494340936325,-0.512817447294,-0.512817447294,51,7,0
197.6,5.48554351541,4.75054351541,-0.519540885087,-0.519540885087,-0.49480084294,-0.49480084294,51,7,0
197.65,5.45895617402,4.72395617402,-0.543784205081,-0.543784205081,-0.474575306252,-0.474575306252,51,7,0
197.7,5.4311828258,4.6961828258,-0.566963901145,-0.566963901145,-0.4522788955,-0.4522788955,51,7,0
197.75,5.40227918301,4.66727918301,-0.588979881034,-0.588979881034,-0.428049668956,-0.428049668956,51,7,0
197.8,5.37230578996,4.63730578996,-0.609738955415,-0.609738955415,-0.402025684889,-0.402025684889,51,7,0
197.85,5.34132767784,4.60632767784,-0.629154837869,-0.629154837869,-0.374345001572,-0.374345001572,51,7,0
197.9,5.3094140196,4.5744140196,-0.647148144889,-0.647148144889,-0.345145677274,-0.345145677274,51,7,0
197.95,5.27663778479,4.54163778479,-0.663646395884,-0.663646395884,-0.314565770268,-0.314565770268,51,7,0
198,5.24307539441,4.50807539441,-0.678584013175,-0.678584013175,-0.282743338823,-0.282743338823,51,7,0
198.05,5.20880637578,4.47380637578,-0.691902321997,-0.691902321997,-0.249816441211,-0.249816441211,51,7,0
198.1,5.17391301738,4.43891301738,-0.703549550498,-0.703549550498,-0.215923135703,-0.215923135703,51,7,0
198.15,5.13848002372,4.40348002372,-0.71348082974,-0.71348082974,-0.181201480569,-0.181201480569,51,7,0
198.2,5.10259417016,4.36759417016,-0.721658193699,-0.721658193699,-0.145789534081,-0.145789534081,51,7,0
198.25,5.06634395782,4.33134395782,-0.728050579264,-0.728050579264,-0.109825354509,-0.109825354509,51,7,0
198.3,5.02981926838,4.29481926838,-0.732633826237,-0.732633826237,-0.073447000124,-0.073447000124,51,7,0
198.35,4.99311101896,4.25811101896,-0.735390677334,-0.735390677334,-0.0367925291974,-0.0367925291974,51,7,0
198.4,4.95631081699,4.22131081699,-0.736310778185,-0.736310778185,-0,-0,51,7,0
198.45,4.91951061501,4.18451061501,-0.735390677334,-0.735390677334,0.0367925291974,0.0367925291974,51,7,0
198.5,4.88280236559,4.14780236559,-0.732633826237,-0.732633826237,0.073447000124,0.073447000124,51,7,0
198.55,4.84627767615,4.11127767615,-0.728050579264,-0.728050579264,0.109825354509,0.109825354509,51,7,0
198.6,4.81002746381,4.07502746381,-0.721658193699,-0.721658193699,0.145789534081,0.145789534081,51,7,0
198.65,4.77414161026,4.03914161026,-0.71348082974,-0.71348082974,0.181201480569,0.181201480569,51,7,0
198.7,4.73870861659,4.00370861659,-0.703549550498,-0.703549550498,0.215923135703,0.215923135703,51,7,0
198.75,4.7038152582,3.9688152582,-0.691902321997,-0.691902321997,0.249816441211,0.249816441211,51,7,0
198.8,4.66954623957,3.93454623957,-0.678584013175,-0.678584013175,0.282743338823,0.282743338823,51,7,0
198.85,4.63598384919,3.90098384919,-0.663646395884,-0.663646395884,0.314565770268,0.314565770268,51,7,0
198.9,4.60320761438,3.86820761438,-0.647148144889,-0.647148144889,0.345145677274,0.345145677274,51,7,0
198.95,4.57129395613,3.83629395613,-0.629154837869,-0.629154837869,0.374345001572,0.374345001572,51,7,0
199,4.54031584401,3.80531584401,-0.609738955415,-0.609738955415,0.402025684889,0.402025684889,51,7,0
199.05,4.51034245096,3.77534245096,-0.588979881034,-0.588979881034,0.428049668956,0.428049668956,51,7,0
199.1,4.48143880817,3.74643880817,-0.566963901145,-0.566963901145,0.4522788955,0.4522788955,51,7,0
199.15,4.45366545995,3.71866545995,-0.543784205081,-0.543784205081,0.474575306252,0.474575306252,51,7,0
199.2,4.42707811856,3.69207811856,-0.519540885087,-0.519540885087,0.49480084294,0.49480084294,51,7,0
199.25,4.40172731909,3.66672731909,-0.494340936325,-0.494340936325,0.512817447294,0.512817447294,51,7,0
199.3,4.37765807428,3.64265807428,-0.468298256868,-0.468298256868,0.528487061042,0.528487061042,51,7,0
199.35,4.3549095294,3.6199095294,-0.441533647702,-0.441533647702,0.541671625914,0.541671625914,51,7,0
199.4,4.33351461711,3.59851461711,-0.414174812729,-0.414174812729,0.552233083639,0.552233083639,51,7,0
199.45,4.31349971228,3.57849971228,-0.386356358762,-0.386356358762,0.560033375945,0.560033375945,51,7,0
199.5,4.29488428689,3.55988428689,-0.358219795529,-0.358219795529,0.564934444563,0.564934444563,51,7,0
199.55,4.27768056484,3.54268056484,-0.329913535672,-0.329913535672,0.56679823122,0.56679823122,51,7,0
199.6,4.26189317684,3.52689317684,-0.301592894745,-0.301592894745,0.565486677646,0.565486677646,51,7,0
199.65,4.24751881524,3.51251881524,-0.273420091216,-0.273420091216,0.560861725571,0.560861725571,51,7,0
199.7,4.2345458889,3.4995458889,-0.245564246467,-0.245564246467,0.552785316722,0.552785316722,51,7,0
199.75,4.22295417804,3.48795417804,-0.218201384794,-0.218201384794,0.541119392831,0.541119392831,51,7,0
199.8,4.21271448909,3.47771448909,-0.191514433406,-0.191514433406,0.525725895624,0.525725895624,51,7,0
199.85,4.20378830953,3.46878830953,-0.165693222425,-0.165693222425,0.506466766832,0.506466766832,51,7,0
199.9,4.19612746279,3.46112746279,-0.140934484887,-0.140934484887,0.483203948184,0.483203948184,51,7,0
199.95,4.18967376306,3.45467376306,-0.117441856742,-0.117441856742,0.455799381408,0.455799381408,51,7,0
200,4.18435867015,3.44935867015,-0.0954258768528,-0.0954258768528,0.424115008235,0.424115008235,51,7,0
200.05,4.18010294437,3.44510294437,-0.0751039869963,-0.0751039869963,0.388012770392,0.388012770392,51,7,0
200.1,4.17681630137,3.44181630137,-0.0567005318626,-0.0567005318626,0.347354609609,0.347354609609,51,7,0
200.15,4.17439706698,3.43939706698,-0.0404467590556,-0.0404467590556,0.302002467615,0.302002467615,51,7,0
200.2,4.17273183209,3.43773183209,-0.0265808190925,-0.0265808190925,0.251818286139,0.251818286139,51,7,0
200.25,4.17169510747,3.43669510747,-0.0153477654042,-0.0153477654042,0.196664006911,0.196664006911,51,7,0
200.3,4.17114897867,3.43614897867,-0.00699955433512,-0.00699955433512,0.136401571659,0.136401571659,51,7,0
200.35,4.17094276084,3.43594276084,-0.00179504514322,-0.00179504514322,0.0708929221122,0.0708929221122,51,7,0
200.4,4.17091265359,3.43591265359,0,0,0,0,52,0,0
200.45,4.17091265359,3.43591265359,0,0,0,0,52,0,0
200.5,4.17091265359,3.43591265359,0,0,0,0,52,0,0
200.55,4.17091265359,3.43591265359,0,0,0,0,52,0,0
200.6,4.17091265359,3.43591265359,0,0,0,0,52,0,0
200.65,4.17091265359,3.43591265359,0,0,0,0,52,0,0
200.7,4.17091265359,3.43591265359,0,0,0,0,52,0,0
200.75,4.17091265359,3.43591265359,0,0,0,0,52,0,0
200.8,4.17091265359,3.43591265359,0,0,0,0,52,0,0
200.85,4.17091265359,3.43591265359,0,0,0,0,52,0,0
200.9,4.17091265359,3.43591265359,0,0,0,0,52,0,0
200.95,4.17091265359,3.43591265359,0,0,0,0,52,0,0
201,4.17091265359,3.43591265359,0,0,0,0,52,0,0
201.05,4.17091265359,3.43591265359,0,0,0,0,52,0,0
201.1,4.17091265359,3.43591265359,0,0,0,0,52,0,0
201.15,4.17091265359,3.43591265359,0,0,0,0,52,0,0
201.2,4.17091265359,3.43591265359,0,0,0,0,52,0,0
201.25,4.17091265359,3.43591265359,0,0,0,0,52,0,0
201.3,4.17091265359,3.43591265359,0,0,0,0,52,0,0
201.35,4.17091265359,3.43591265359,0,0,0,0,52,0,0
201.4,4.17091265359,3.43591265359,0,0,0,0,52,0,0
201.45,4.17091265359,3.43591265359,0,0,0,0,52,0,0
201.5,4.17091265359,3.43591265359,0,0,0,0,52,0,0
201.55,4.17091265359,3.43591265359,0,0,0,0,52,0,0
201.6,4.17091265359,3.43591265359,0,0,0,0,52,0,0
201.65,4.17091265359,3.43591265359,0,0,0,0,52,0,0
201.7,4.17091265359,3.43591265359,0,0,0,0,52,0,0
201.75,4.17091265359,3.43591265359,0,0,0,0,52,0,0
201.8,4.17091265359,3.43591265359,0,0,0,0,52,0,0
201.85,4.17091265359,3.43591265359,0,0,0,0,52,0,0
201.9,4.17091265359,3.43591265359,0,0,0,0,52,0,0
201.95,4.17091265359,3.43591265359,0,0,0,0,52,0,0
202,4.17091265359,3.43591265359,0,0,0,0,52,0,0
202.05,4.17091265359,3.43591265359,0,0,0,0,52,0,0
202.1,4.17091265359,3.43591265359,0,0,0,0,52,0,0
202.15,4.17091265359,3.43591265359,0,0,0,0,52,0,0
202.2,4.17091265359,3.43591265359,0,0,0,0,52,0,0
202.25,4.17091265359,3.43591265359,0,0,0,0,52,0,0
202.3,4.17091265359,3.43591265359,0,0,0,0,52,0,0
202.35,4.17091265359,3.43591265359,0,0,0,0,52,0,0
202.4,4.17091265359,3.43591265359,-0,-0,-0,-0,53,7,0
202.45,4.17088254634,3.43588254634,-0.00179504514322,-0.00179504514322,-0.0708929221122,-0.0708929221122,53,7,0
202.5,4.17067632851,3.43567632851,-0.00699955433512,-0.00699955433512,-0.136401571659,-0.136401571659,53,7,0
202.55,4.17013019971,3.43513019971,-0.0153477654042,-0.0153477654042,-0.196664006911,-0.196664006911,53,7,0
202.6,4.16909347509,3.43409347509,-0.0265808190925,-0.0265808190925,-0.251818286139,-0.251818286139,53,7,0
202.65,4.1674282402,3.4324282402,-0.0404467590556,-0.0404467590556,-0.302002467615,-0.302002467615,53,7,0
202.7,4.16500900581,3.43000900581,-0.0567005318626,-0.0567005318626,-0.347354609609,-0.347354609609,53,7,0
202.75,4.16172236281,3.42672236281,-0.0751039869963,-0.0751039869963,-0.388012770392,-0.388012770392,53,7,0
202.8,4.15746663703,3.42246663703,-0.0954258768528,-0.0954258768528,-0.424115008235,-0.424115008235,53,7,0
202.85,4.15215154412,3.41715154412,-0.117441856742,-0.117441856742,-0.455799381408,-0.455799381408,53,7,0
202.9,4.14569784439,3.41069784439,-0.140934484887,-0.140934484887,-0.483203948184,-0.483203948184,53,7,0
202.95,4.13803699765,3.40303699765,-0.165693222425,-0.165693222425,-0.506466766832,-0.506466766832,53,7,0
203,4.12911081809,3.39411081809,-0.191514433406,-0.191514433406,-0.525725895624,-0.525725895624,53,7,0
203.05,4.11887112913,3.38387112913,-0.218201384794,-0.218201384794,-0.541119392831,-0.541119392831,53,7,0
203.1,4.10727941827,3.37227941827,-0.245564246467,-0.245564246467,-0.552785316722,-0.552785316722,53,7,0
203.15,4.09430649194,3.35930649194,-0.273420091216,-0.273420091216,-0.560861725571,-0.560861725571,53,7,0
203.2,4.07993213034,3.34493213034,-0.301592894745,-0.301592894745,-0.565486677646,-0.565486677646,53,7,0
203.25,4.06414474234,3.32914474234,-0.329913535672,-0.329913535672,-0.56679823122,-0.56679823122,53,7,0
203.3,4.04694102029,3.31194102029,-0.358219795529,-0.358219795529,-0.564934444563,-0.564934444563,53,7,0
203.35,4.0283255949,3.2933255949,-0.386356358762,-0.386356358762,-0.560033375945,-0.560033375945,53,7,0
203.4,4.00831069007,3.27331069007,-0.414174812729,-0.414174812729,-0.552233083639,-0.552233083639,53,7,0
203.45,3.98691577778,3.25191577778,-0.441533647702,-0.441533647702,-0.541671625914,-0.541671625914,53,7,0
203.5,3.9641672329,3.2291672329,-0.468298256868,-0.468298256868,-0.528487061042,-0.528487061042,53,7,0
203.55,3.94009798809,3.20509798809,-0.494340936325,-0.494340936325,-0.512817447294,-0.512817447294,53,7,0
203.6,3.91474718862,3.17974718862,-0.519540885087,-0.519540885087,-0.49480084294,-0.49480084294,53,7,0
203.65,3.88815984723,3.15315984723,-0.543784205081,-0.543784205081,-0.474575306252,-0.474575306252,53,7,0
203.7,3.86038649901,3.12538649901,-0.566963901145,-0.566963901145,-0.4522788955,-0.4522788955,53,7,0
203.75,3.83148285622,3.09648285622,-0.588979881034,-0.588979881034,-0.428049668956,-0.428049668956,53,7,0
203.8,3.80150946317,3.06650946317,-0.609738955415,-0.609738955415,-0.402025684889,-0.402025684889,53,7,0
203.85,3.77053135104,3.03553135104,-0.629154837869,-0.629154837869,-0.374345001572,-0.374345001572,53,7,0
203.9,3.7386176928,3.0036176928,-0.647148144889,-0.647148144889,-0.345145677274,-0.345145677274,53,7,0
203.95,3.70584145799,2.97084145799,-0.663646395884,-0.663646395884,-0.314565770268,-0.314565770268,53,7,0
204,3.67227906761,2.93727906761,-0.678584013175,-0.678584013175,-0.282743338823,-0.282743338823,53,7,0
204.05,3.63801004898,2.90301004898,-0.691902321997,-0.691902321997,-0.249816441211,-0.249816441211,53,7,0
204.1,3.60311669059,2.86811669059,-0.703549550498,-0.703549550498,-0.215923135703,-0.215923135703,53,7,0
204.15,3.56768369692,2.83268369692,-0.71348082974,-0.71348082974,-0.181201480569,-0.181201480569,53,7,0
204.2,3.53179784337,2.79679784337,-0.721658193699,-0.721658193699,-0.145789534081,-0.145789534081,53,7,0
204.25,3.49554763103,2.76054763103,-0.728050579264,-0.728050579264,-0.109825354509,-0.109825354509,53,7,0
204.3,3.45902294159,2.72402294159,-0.732633826237,-0.732633826237,-0.073447000124,-0.073447000124,53,7,0
204.35,3.42231469217,2.68731469217,-0.735390677334,-0.735390677334,-0.0367925291974,-0.0367925291974,53,7,0
204.4,3.38551449019,2.65051449019,-0.736310778185,-0.736310778185,-0,-0,53,7,0
204.45,3.34871428821,2.61371428821,-0.735390677334,-0.735390677334,0.0367925291974,0.0367925291974,53,7,0
204.5,3.3120060388,2.5770060388,-0.732633826237,-0.732633826237,0.073447000124,0.073447000124,53,7,0
204.55,3.27548134936,2.54048134936,-0.728050579264,-0.728050579264,0.109825354509,0.109825354509,53,7,0
204.6,3.23923113702,2.50423113702,-0.721658193699,-0.721658193699,0.145789534081,0.145789534081,53,7,0
204.65,3.20334528346,2.46834528346,-0.71348082974,-0.71348082974,0.181201480569,0.181201480569,53,7,0
204.7,3.1679122898,2.4329122898,-0.703549550498,-0.703549550498,0.215923135703,0.215923135703,53,7,0
204.75,3.1330189314,2.3980189314,-0.691902321997,-0.691902321997,0.249816441211,0.249816441211,53,7,0
204.8,3.09874991277,2.36374991277,-0.678584013175,-0.678584013175,0.282743338823,0.282743338823,53,7,0
204.85,3.06518752239,2.33018752239,-0.663646395884,-0.663646395884,0.314565770268,0.314565770268,53,7,0
204.9,3.03241128758,2.29741128758,-0.647148144889,-0.647148144889,0.345145677274,0.345145677274,53,7,0
204.95,3.00049762934,2.26549762934,-0.629154837869,-0.629154837869,0.374345001572,0.374345001572,53,7,0
205,2.96951951722,2.23451951722,-0.609738955415,-0.609738955415,0.402025684889,0.402025684889,53,7,0
205.05,2.93954612417,2.20454612417,-0.588979881034,-0.588979881034,0.428049668956,0.428049668956,53,7,0
205.1,2.91064248138,2.17564248138,-0.566963901145,-0.566963901145,0.4522788955,0.4522788955,53,7,0
205.15,2.88286913316,2.14786913316,-0.543784205081,-0.543784205081,0.474575306252,0.474575306252,53,7,0
205.2,2.85628179177,2.12128179177,-0.519540885087,-0.519540885087,0.49480084294,0.49480084294,53,7,0
205.25,2.83093099229,2.09593099229,-0.494340936325,-0.494340936325,0.512817447294,0.512817447294,53,7,0
205.3,2.80686174748,2.07186174748,-0.468298256868,-0.468298256868,0.528487061042,0.528487061042,53,7,0
205.35,2.7841132026,2.0491132026,-0.441533647702,-0.441533647702,0.541671625914,0.541671625914,53,7,0
205.4,2.76271829031,2.02771829031,-0.414174812729,-0.414174812729,0.552233083639,0.552233083639,53,7,0
205.45,2.74270338548,2.00770338548,-0.386356358762,-0.386356358762,0.560033375945,0.560033375945,53,7,0
205.5,2.72408796009,1.98908796009,-0.358219795529,-0.358219795529,0.564934444563,0.564934444563,53,7,0
205.55,2.70688423804,1.97188423804,-0.329913535672,-0.329913535672,0.56679823122,0.56679823122,53,7,0
205.6,2.69109685004,1.95609685004,-0.301592894745,-0.301592894745,0.565486677646,0.565486677646,53,7,0
205.65,2.67672248845,1.94172248845,-0.273420091216,-0.273420091216,0.560861725571,0.560861725571,53,7,0
205.7,2.66374956211,1.92874956211,-0.245564246467,-0.245564246467,0.552785316722,0.552785316722,53,7,0
205.75,2.65215785125,1.91715785125,-0.218201384794,-0.218201384794,0.541119392831,0.541119392831,53,7,0
205.8,2.64191816229,1.90691816229,-0.191514433406,-0.191514433406,0.525725895624,0.525725895624,53,7,0
205.85,2.63299198274,1.89799198274,-0.165693222425,-0.165693222425,0.506466766832,0.506466766832,53,7,0
205.9,2.625331136,1.890331136,-0.140934484887,-0.140934484887,0.483203948184,0.483203948184,53,7,0
205.95,2.61887743626,1.88387743626,-0.117441856742,-0.117441856742,0.455799381408,0.455799381408,53,7,0
206,2.61356234335,1.87856234335,-0.0954258768528,-0.0954258768528,0.424115008235,0.424115008235,53,7,0
206.05,2.60930661758,1.87430661758,-0.0751039869963,-0.0751039869963,0.388012770392,0.388012770392,53,7,0
206.1,2.60601997458,1.87101997458,-0.0567005318626,-0.0567005318626,0.347354609609,0.347354609609,53,7,0
206.15,2.60360074019,1.86860074019,-0.0404467590556,-0.0404467590556,0.302002467615,0.302002467615,53,7,0
206.2,2.60193550529,1.86693550529,-0.0265808190925,-0.0265808190925,0.251818286139,0.251818286139,53,7,0
206.25,2.60089878067,1.86589878067,-0.0153477654042,-0.0153477654042,0.196664006911,0.196664006911,53,7,0
206.3,2.60035265188,1.86535265188,-0.00699955433512,-0.00699955433512,0.136401571659,0.136401571659,53,7,0
206.35,2.60014643404,1.86514643404,-0.00179504514322,-0.00179504514322,0.0708929221122,0.0708929221122,53,7,0
206.4,2.60011632679,1.86511632679,0,0,0,0,54,0,0
206.45,2.60011632679,1.86511632679,0,0,0,0,54,0,0
206.5,2.60011632679,1.86511632679,0,0,0,0,54,0,0
206.55,2.60011632679,1.86511632679,0,0,0,0,54,0,0
206.6,2.60011632679,1.86511632679,0,0,0,0,54,0,0
206.65,2.60011632679,1.86511632679,0,0,0,0,54,0,0
206.7,2.60011632679,1.86511632679,0,0,0,0,54,0,0
206.75,2.60011632679,1.86511632679,0,0,0,0,54,0,0
206.8,2.60011632679,1.86511632679,0,0,0,0,54,0,0
206.85,2.60011632679,1.86511632679,0,0,0,0,54,0,0
206.9,2.60011632679,1.86511632679,0,0,0,0,54,0,0
206.95,2.60011632679,1.86511632679,0,0,0,0,54,0,0
207,2.60011632679,1.86511632679,0,0,0,0,54,0,0
207.05,2.60011632679,1.86511632679,0,0,0,0,54,0,0
207.1,2.60011632679,1.86511632679,0,0,0,0,54,0,0
207.15,2.60011632679,1.86511632679,0,0,0,0,54,0,0
207.2,2.60011632679,1.86511632679,0,0,0,0,54,0,0
207.25,2.60011632679,1.86511632679,0,0,0,0,54,0,0
207.3,2.60011632679,1.86511632679,0,0,0,0,54,0,0
207.35,2.60011632679,1.86511632679,0,0,0,0,54,0,0
207.4,2.60011632679,1.86511632679,0,0,0,0,54,0,0
207.45,2.60011632679,1.86511632679,0,0,0,0,54,0,0
207.5,2.60011632679,1.86511632679,0,0,0,0,54,0,0
207.55,2.60011632679,1.86511632679,0,0,0,0,54,0,0
207.6,2.60011632679,1.86511632679,0,0,0,0,54,0,0
207.65,2.60011632679,1.86511632679,0,0,0,0,54,0,0
207.7,2.60011632679,1.86511632679,0,0,0,0,54,0,0
207.75,2.60011632679,1.86511632679,0,0,0,0,54,0,0
207.8,2.60011632679,1.86511632679,0,0,0,0,54,0,0
207.85,2.60011632679,1.86511632679,0,0,0,0,54,0,0
207.9,2.60011632679,1.86511632679,0,0,0,0,54,0,0
207.95,2.60011632679,1.86511632679,0,0,0,0,54,0,0
208,2.60011632679,1.86511632679,0,0,0,0,54,0,0
208.05,2.60011632679,1.86511632679,0,0,0,0,54,0,0
208.1,2.60011632679,1.86511632679,0,0,0,0,54,0,0
208.15,2.60011632679,1.86511632679,0,0,0,0,54,0,0
208.2,2.60011632679,1.86511632679,0,0,0,0,54,0,0
208.25,2.60011632679,1.86511632679,0,0,0,0,54,0,0
208.3,2.60011632679,1.86511632679,0,0,0,0,54,0,0
208.35,2.60011632679,1.86511632679,0,0,0,0,54,0,0
208.4,2.60011632679,1.86511632679,-0,-0,-0,-0,55,7,0
208.45,2.60008621955,1.86508621955,-0.00179504514322,-0.00179504514322,-0.0708929221122,-0.0708929221122,55,7,0
208.5,2.59988000171,1.86488000171,-0.00699955433512,-0.00699955433512,-0.136401571659,-0.136401571659,55,7,0
208.55,2.59933387292,1.86433387292,-0.0153477654042,-0.0153477654042,-0.196664006911,-0.196664006911,55,7,0
208.6,2.5982971483,1.8632971483,-0.0265808190925,-0.0265808190925,-0.251818286139,-0.251818286139,55,7,0
208.65,2.5966319134,1.8616319134,-0.0404467590556,-0.0404467590556,-0.302002467615,-0.302002467615,55,7,0
208.7,2.59421267901,1.85921267901,-0.0567005318626,-0.0567005318626,-0.347354609609,-0.347354609609,55,7,0
208.75,2.59092603601,1.85592603601,-0.0751039869963,-0.0751039869963,-0.388012770392,-0.388012770392,55,7,0
208.8,2.58667031024,1.85167031024,-0.0954258768528,-0.0954258768528,-0.424115008235,-0.424115008235,55,7,0
208.85,2.58135521733,1.84635521733,-0.117441856742,-0.117441856742,-0.455799381408,-0.455799381408,55,7,0
208.9,2.57490151759,1.83990151759,-0.140934484887,-0.140934484887,-0.483203948184,-0.483203948184,55,7,0
208.95,2.56724067085,1.83224067085,-0.165693222425,-0.165693222425,-0.506466766832,-0.506466766832,55,7,0
209,2.5583144913,1.8233144913,-0.191514433406,-0.191514433406,-0.525725895624,-0.525725895624,55,7,0
209.05,2.54807480234,1.81307480234,-0.218201384794,-0.218201384794,-0.541119392831,-0.541119392831,55,7,0
209.1,2.53648309148,1.80148309148,-0.245564246467,-0.245564246467,-0.552785316722,-0.552785316722,55,7,0
209.15,2.52351016514,1.78851016514,-0.273420091216,-0.273420091216,-0.560861725571,-0.560861725571,55,7,0
209.2,2.50913580355,1.77413580355,-0.301592894745,-0.301592894745,-0.565486677646,-0.565486677646,55,7,0
209.25,2.49334841555,1.75834841555,-0.329913535672,-0.329913535672,-0.56679823122,-0.56679823122,55,7,0
209.3,2.4761446935,1.7411446935,-0.358219795529,-0.358219795529,-0.564934444563,-0.564934444563,55,7,0
209.35,2.45752926811,1.72252926811,-0.386356358762,-0.386356358762,-0.560033375945,-0.560033375945,55,7,0
209.4,2.43751436328,1.70251436328,-0.414174812729,-0.414174812729,-0.552233083639,-0.552233083639,55,7,0
209.45,2.41611945099,1.68111945099,-0.441533647702,-0.441533647702,-0.541671625914,-0.541671625914,55,7,0
209.5,2.39337090611,1.65837090611,-0.468298256868,-0.468298256868,-0.528487061042,-0.528487061042,55,7,0
209.55,2.3693016613,1.6343016613,-0.494340936325,-0.494340936325,-0.512817447294,-0.512817447294,55,7,0
209.6,2.34395086182,1.60895086182,-0.519540885087,-0.519540885087,-0.49480084294,-0.49480084294,55,7,0
209.65,2.31736352043,1.58236352043,-0.543784205081,-0.543784205081,-0.474575306252,-0.474575306252,55,7,0
209.7,2.28959017221,1.55459017221,-0.566963901145,-0.566963901145,-0.4522788955,-0.4522788955,55,7,0
209.75,2.26068652942,1.52568652942,-0.588979881034,-0.588979881034,-0.428049668956,-0.428049668956,55,7,0
209.8,2.23071313637,1.49571313637,-0.609738955415,-0.609738955415,-0.402025684889,-0.402025684889,55,7,0
209.85,2.19973502425,1.46473502425,-0.629154837869,-0.629154837869,-0.374345001572,-0.374345001572,55,7,0
209.9,2.16782136601,1.43282136601,-0.647148144889,-0.647148144889,-0.345145677274,-0.345145677274,55,7,0
209.95,2.1350451312,1.4000451312,-0.663646395884,-0.663646395884,-0.314565770268,-0.314565770268,55,7,0
210,2.10148274082,1.36648274082,-0.678584013175,-0.678584013175,-0.282743338823,-0.282743338823,55,7,0
210.05,2.06721372219,1.33221372219,-0.691902321997,-0.691902321997,-0.249816441211,-0.249816441211,55,7,0
210.1,2.03232036379,1.29732036379,-0.703549550498,-0.703549550498,-0.215923135703,-0.215923135703,55,7,0
210.15,1.99688737013,1.26188737013,-0.71348082974,-0.71348082974,-0.181201480569,-0.181201480569,55,7,0
210.2,1.96100151657,1.22600151657,-0.721658193699,-0.721658193699,-0.145789534081,-0.145789534081,55,7,0
210.25,1.92475130423,1.18975130423,-0.728050579264,-0.728050579264,-0.109825354509,-0.109825354509,55,7,0
210.3,1.88822661479,1.15322661479,-0.732633826237,-0.732633826237,-0.073447000124,-0.073447000124,55,7,0
210.35,1.85151836538,1.11651836538,-0.735390677334,-0.735390677334,-0.0367925291974,-0.0367925291974,55,7,0
210.4,1.8147181634,1.0797181634,-0.736310778185,-0.736310778185,-0,-0,55,7,0
210.45,1.77791796142,1.04291796142,-0.735390677334,-0.735390677334,0.0367925291974,0.0367925291974,55,7,0
210.5,1.741209712,1.006209712,-0.732633826237,-0.732633826237,0.073447000124,0.073447000124,55,7,0
210.55,1.70468502256,0.969685022562,-0.728050579264,-0.728050579264,0.109825354509,0.109825354509,55,7,0
210.6,1.66843481022,0.933434810222,-0.721658193699,-0.721658193699,0.145789534081,0.145789534081,55,7,0
210.65,1.63254895667,0.897548956667,-0.71348082974,-0.71348082974,0.181201480569,0.181201480569,55,7,0
210.7,1.597115963,0.862115963004,-0.703549550498,-0.703549550498,0.215923135703,0.215923135703,55,7,0
210.75,1.56222260461,0.827222604607,-0.691902321997,-0.691902321997,0.249816441211,0.249816441211,55,7,0
210.8,1.52795358598,0.792953585978,-0.678584013175,-0.678584013175,0.282743338823,0.282743338823,55,7,0
210.85,1.4943911956,0.759391195599,-0.663646395884,-0.663646395884,0.314565770268,0.314565770268,55,7,0
210.9,1.46161496079,0.726614960786,-0.647148144889,-0.647148144889,0.345145677274,0.345145677274,55,7,0
210.95,1.42970130255,0.694701302545,-0.629154837869,-0.629154837869,0.374345001572,0.374345001572,55,7,0
211,1.39872319042,0.663723190425,-0.609738955415,-0.609738955415,0.402025684889,0.402025684889,55,7,0
211.05,1.36874979737,0.633749797371,-0.588979881034,-0.588979881034,0.428049668956,0.428049668956,55,7,0
211.1,1.33984615458,0.604846154581,-0.566963901145,-0.566963901145,0.4522788955,0.4522788955,55,7,0
211.15,1.31207280636,0.577072806361,-0.543784205081,-0.543784205081,0.474575306252,0.474575306252,55,7,0
211.2,1.28548546497,0.550485464974,-0.519540885087,-0.519540885087,0.49480084294,0.49480084294,55,7,0
211.25,1.2601346655,0.5251346655,-0.494340936325,-0.494340936325,0.512817447294,0.512817447294,55,7,0
211.3,1.23606542069,0.501065420688,-0.468298256868,-0.468298256868,0.528487061042,0.528487061042,55,7,0
211.35,1.21331687581,0.47831687581,-0.441533647702,-0.441533647702,0.541671625914,0.541671625914,55,7,0
211.4,1.19192196352,0.456921963516,-0.414174812729,-0.414174812729,0.552233083639,0.552233083639,55,7,0
211.45,1.17190705869,0.436907058688,-0.386356358762,-0.386356358762,0.560033375945,0.560033375945,55,7,0
211.5,1.1532916333,0.418291633296,-0.358219795529,-0.358219795529,0.564934444563,0.564934444563,55,7,0
211.55,1.13608791125,0.401087911247,-0.329913535672,-0.329913535672,0.56679823122,0.56679823122,55,7,0
211.6,1.12030052325,0.385300523248,-0.301592894745,-0.301592894745,0.565486677646,0.565486677646,55,7,0
211.65,1.10592616165,0.370926161651,-0.273420091216,-0.273420091216,0.560861725571,0.560861725571,55,7,0
211.7,1.09295323531,0.357953235315,-0.245564246467,-0.245564246467,0.552785316722,0.552785316722,55,7,0
211.75,1.08136152445,0.346361524455,-0.218201384794,-0.218201384794,0.541119392831,0.541119392831,55,7,0
211.8,1.0711218355,0.336121835499,-0.191514433406,-0.191514433406,0.525725895624,0.525725895624,55,7,0
211.85,1.06219565594,0.327195655942,-0.165693222425,-0.165693222425,0.506466766832,0.506466766832,55,7,0
211.9,1.0545348092,0.319534809201,-0.140934484887,-0.140934484887,0.483203948184,0.483203948184,55,7,0
211.95,1.04808110947,0.313081109466,-0.117441856742,-0.117441856742,0.455799381408,0.455799381408,55,7,0
212,1.04276601656,0.307766016557,-0.0954258768528,-0.0954258768528,0.424115008235,0.424115008235,55,7,0
212.05,1.03851029078,0.303510290781,-0.0751039869963,-0.0751039869963,0.388012770392,0.388012770392,55,7,0
212.1,1.03522364778,0.300223647781,-0.0567005318626,-0.0567005318626,0.347354609609,0.347354609609,55,7,0
212.15,1.03280441339,0.297804413391,-0.0404467590556,-0.0404467590556,0.302002467615,0.302002467615,55,7,0
212.2,1.0311391785,0.296139178496,-0.0265808190925,-0.0265808190925,0.251818286139,0.251818286139,55,7,0
212.25,1.03010245388,0.295102453879,-0.0153477654042,-0.0153477654042,0.196664006911,0.196664006911,55,7,0
212.3,1.02955632508,0.29455632508,-0.00699955433512,-0.00699955433512,0.136401571659,0.136401571659,55,7,0
212.35,1.02935010725,0.294350107249,-0.00179504514322,-0.00179504514322,0.0708929221122,0.0708929221122,55,7,0
212.4,1.02932,0.29432,0,0,0,0,56,0,0
212.45,1.02932,0.29432,0,0,0,0,56,0,0
212.5,1.02932,0.29432,0,0,0,0,56,0,0
212.55,1.02932,0.29432,0,0,0,0,56,0,0
212.6,1.02932,0.29432,0,0,0,0,56,0,0
212.65,1.02932,0.29432,0,0,0,0,56,0,0
212.7,1.02932,0.29432,0,0,0,0,56,0,0
212.75,1.02932,0.29432,0,0,0,0,56,0,0
212.8,1.02932,0.29432,0,0,0,0,56,0,0
212.85,1.02932,0.29432,0,0,0,0,56,0,0
212.9,1.02932,0.29432,0,0,0,0,56,0,0
212.95,1.02932,0.29432,0,0,0,0,56,0,0
213,1.02932,0.29432,0,0,0,0,56,0,0
213.05,1.02932,0.29432,0,0,0,0,56,0,0
213.1,1.02932,0.29432,0,0,0,0,56,0,0
213.15,1.02932,0.29432,0,0,0,0,56,0,0
213.2,1.02932,0.29432,0,0,0,0,56,0,0
213.25,1.02932,0.29432,0,0,0,0,56,0,0
213.3,1.02932,0.29432,0,0,0,0,56,0,0
213.35,1.02932,0.29432,0,0,0,0,56,0,0
213.4,1.02932,0.29432,0,0,0,0,56,0,0
213.45,1.02932,0.29432,0,0,0,0,56,0,0
213.5,1.02932,0.29432,0,0,0,0,56,0,0
213.55,1.02932,0.29432,0,0,0,0,56,0,0
213.6,1.02932,0.29432,0,0,0,0,56,0,0
213.65,1.02932,0.29432,0,0,0,0,56,0,0
213.7,1.02932,0.29432,0,0,0,0,56,0,0
213.75,1.02932,0.29432,0,0,0,0,56,0,0
213.8,1.02932,0.29432,0,0,0,0,56,0,0
213.85,1.02932,0.29432,0,0,0,0,56,0,0
213.9,1.02932,0.29432,0,0,0,0,56,0,0
213.95,1.02932,0.29432,0,0,0,0,56,0,0
214,1.02932,0.29432,0,0,0,0,56,0,0
214.05,1.02932,0.29432,0,0,0,0,56,0,0
214.1,1.02932,0.29432,0,0,0,0,56,0,0
214.15,1.02932,0.29432,0,0,0,0,56,0,0
214.2,1.02932,0.29432,0,0,0,0,56,0,0
214.25,1.02932,0.29432,0,0,0,0,56,0,0
214.3,1.02932,0.29432,0,0,0,0,56,0,0
214.35,1.02932,0.29432,0,0,0,0,56,0,0
214.4,1.02932,0.29432,0,0,0,0,57,6,1
214.45,1.02932415705,0.294330598091,0.000329715375848,0.000699799878005,0.0194858129334,0.0327399960233,57,6,1
214.5,1.02938399818,0.294426755504,0.00250510512102,0.00357172014437,0.0722383638384,0.0834592881644,57,6,1
214.55,1.029629064,0.29473147112,0.00792317106846,0.00904054075285,0.147086137212,0.134107869841,57,6,1
214.6,1.03024362245,0.295369033012,0.0173556014719,0.016790970073,0.230410860397,0.17354336984,57,6,1
214.65,1.03143290877,0.296437404156,0.0308603975596,0.0261528916386,0.307513905872,0.198692639603,57,6,1
214.7,1.03338666455,0.298000259091,0.0477622083469,0.0364814208636,0.363982720875,0.213234074667,57,6,1
214.75,1.03624337332,0.300095494006,0.066699115957,0.047419675065,0.386968381754,0.224353229567,57,6,1
214.8,1.04005837028,0.302752295978,0.0857294230776,0.0589700709933,0.366296225956,0.238505521242,57,6,1
214.85,1.0447785895,0.306006411991,0.102488440096,0.0713520079298,0.295345966075,0.257296893673,57,6,1
214.9,1.05022613912,0.309903542847,0.114382507657,0.0846790512291,0.171654760278,0.274544565419,57,6,1
214.95,1.05609220646,0.314483683429,0.118805625846,0.0985362120244,-0.00278464362625,0.275323943983,57,6,1
215,1.06194203653,0.319744109936,0.11336314602,0.111568468201,-0.221539415639,0.237397886434,57,6,1
215.05,1.06723094736,0.325584568384,0.0960870154849,0.121199465306,-0.474055876736,0.134938433176,57,6,1
215.1,1.07133058957,0.331743850214,0.0656279995025,0.123582757843,-0.746255324345,-0.0560229023954,57,6,1
215.15,1.07356396962,0.337741182715,0.0214120464457,0.113849744525,-1.02136436621,-0.351358460464,57,6,1
215.2,1.07324717201,0.342837782431,-0.0362496196959,0.0866651524735,-1.28092564352,-0.752980047436,57,6,1
215.25,1.06973526696,0.346032985489,-0.106104158442,0.0370417063824,-1.50592618518,-1.2445221659,57,6,1
215.3,1.06246959659,0.346105539208,-0.185958725102,-0.0386892652367,-1.67797568143,-1.7895601691,57,6,1
215.35,1.05102350849,0.341704378539,-0.272740807136,-0.141895427322,-1.78046579282,-2.33298633036,57,6,1
215.4,1.0351436522,0.331485417754,-0.362614659242,-0.2708127794,-1.79964412364,-2.80568274836,57,6,1
215.45,1.01478416628,0.314282756659,-0.451148028051,-0.420024030865,-1.72554241933,-3.13210163396,57,6,1
215.5,0.990131446258,0.28929553509,-0.533520546938,-0.580371245211,-1.55270746873,-3.23987335048,57,6,1
215.55,0.961617674552,0.256266678845,-0.60476288064,-0.739374009311,-1.28069455284,-3.0701875436,57,6,1
215.6,0.929921884458,0.215627889501,-0.660014014229,-0.882155827328,-0.914296433545,-2.58749265388,57,6,1
215.65,0.895957988299,0.16858693278,-0.694783083513,-0.992808025319,-0.463495108225,-1.78706805918,57,6,1
215.7,0.860849890036,0.117138552186,-0.705201869725,-1.05605284714,0.0568618675035,-0.699244377346,57,6,1
215.75,0.825894488166,0.0639886290284,-0.688254529394,-1.0590156741,0.62764449278,0.610546566473,57,6,1
215.8,0.79251402061,0.012391523351,-0.641972264036,-0.9928883807,1.2262537486,2.04617439068,57,6,1
215.85,0.762199776679,-0.0340884626333,-0.565582384657,-0.854266483413,1.82762477227,3.48935461753,57,6,1
215.9,0.736449673663,-0.0718703216697,-0.459603495726,-0.64597275845,2.40536996252,4.81145597323,57,6,1
215.95,0.716702543984,-0.0976750425622,-0.325881192008,-0.377236146222,2.93300554041,5.88722709526,57,6,1
216,0.704272186761,-0.10883580225,-0.167561592742,-0.0631701402164,3.38520128834,6.6088032704,57,6,1
216.05,0.700284295338,-0.103564993713,0.0109969154422,0.276420109695,3.73899236707,6.8982684399,57,6,1
216.1,0.705619278033,-0.0811470173015,0.204370341786,0.618789059365,3.97489424939,6.71718654008,57,6,1
216.15,0.720863748149,-0.0420332670462,0.406267940205,0.940376054258,4.07786675635,6.07186291435,57,6,1
216.2,0.746273083618,0.0121736887062,0.609774499335,1.219070531,4.03808065703,5.01360701635,57,6,1
216.25,0.781746965081,0.0788473638694,0.807625234932,1.43636155932,3.85144990494,3.63387634363,57,6,1
216.3,0.826819217617,0.154564014842,0.992500875345,1.57912594806,3.51990385522,2.05481021249,57,6,1
216.35,0.880662633913,0.235405264527,1.15732955412,1.64084918389,3.05138618922,0.416230027831,57,6,1
216.4,0.9421087761,0.317304507761,1.29558178188,1.62213886603,2.45958018136,-1.13938220295,57,6,1
216.45,1.00968207203,0.396399913225,1.40154507381,1.53047293844,1.7633727765,-2.48216796734,57,6,1
216.5,1.08164687134,0.469356186544,1.47056574059,1.37921464798,0.986082117749,-3.50865042171,57,6,1
216.55,1.15606553753,0.533621034038,1.49924686294,1.1860116965,0.154484124967,-4.15236898885,57,6,1
216.6,1.23086515191,0.587589994702,1.48559348934,0.970768023917,-0.702317013788,-4.39017818907,57,6,1
216.65,1.30391001649,0.630664036265,1.42909852801,0.753424489264,-1.55412241789,-4.24352858618,57,6,1
216.7,1.3730768837,0.663196728569,1.33076553464,0.55180380905,-2.37091939161,-3.77465487769,57,6,1
216.75,1.43632972309,0.686340412243,1.19306749977,0.379763503882,-3.12415070384,-3.07820413182,57,6,1
216.8,1.49179086398,0.701812068366,1.01984368237,0.245860157652,-3.78791392918,-2.26937079328,57,6,1
216.85,1.53780552717,0.711608245234,0.816139383326,0.152664404923,-4.34003572506,-1.4699997084,57,6,1
216.9,1.57299707043,0.717703434393,0.587996175911,0.0967869248569,-4.7629716402,-0.794327917487,57,6,1
216.95,1.59631070682,0.721767190791,0.342202390129,0.0695912524988,-5.04449001622,-0.336038151213,57,6,1
217,1.60704399266,0.724932054804,0.086015480196,0.0584897929167,-5.17810840207,-0.158095960963,57,6,1
217.05,1.60486299849,0.727637453444,-0.173130794255,0.0486545648285,-5.16326221454,-0.286467590277,57,6,1
217.1,1.58980374287,0.729565160696,-0.427920733307,0.0249314126495,-5.00519765281,-0.708317507424,57,6,1
217.15,1.56225915581,0.729670814472,-0.671438885529,-0.0262696984276,-4.71459357418,-1.37472773052,57,6,1
217.2,1.52295251362,0.726304797459,-0.897426889029,-0.115323980981,-4.30692960897,-2.20743632899,57,6,1
217.25,1.47289891865,0.717405838646,-1.10050295858,-0.248159173744,-3.80162968672,-3.10862729136,57,6,1
217.3,1.4133569569,0.700743133015,-1.27633374474,-0.425562104065,-3.22102084348,-3.97247424715,57,6,1
217.35,1.34577312625,0.674178425042,-1.42175051781,-0.643076066044,-2.58915620897,-4.69698385355,57,6,1
217.4,1.2717219661,0.635918745894,-1.53480425796,-0.891467902738,-1.93055803002,-5.1947157455,57,6,1
217.45,1.1928372576,0.584719476092,-1.61514997401,-1.15845586408,-1.27869292164,-5.42815336724,57,6,1
217.5,1.11076010679,0.52002560577,-1.66233041234,-1.42822867017,-0.606246794034,-5.2992833696,57,6,1
217.55,1.02716873945,0.442164738112,-1.6756625973,-1.6818960483,0.0729249878854,-4.78217129344,57,6,1
217.6,0.943758209716,0.35242857436,-1.65515580604,-1.90004391963,0.745034795444,-3.88198837175,57,6,1
217.65,0.862205988942,0.253060016998,-1.60150118981,-2.06429664966,1.39664071136,-2.63486436991,57,6,1
217.7,0.784138416189,0.147163397101,-1.51604779643,-2.15880906695,2.01491162353,-1.10525203524,57,6,1
217.75,0.711098671982,0.0385443613615,-1.40076576679,-2.1715694198,2.58787436699,0.618942046794,57,6,1
217.8,0.644516892238,-0.0685084975882,-1.25819771925,-2.09541160987,3.10463834799,2.43303374567,57,6,1
217.85,0.58568298309,-0.169483693851,-1.09139955017,-1.92865986701,3.55559366648,4.22348559861,57,6,1
217.9,0.535722631226,-0.259928908103,-0.903872061747,-1.67535932326,3.93257939915,5.87643503322,57,6,1
217.95,0.495576929889,-0.335733875314,-0.699484978271,-1.34507915222,4.22901939848,7.28615121181,57,6,1
218,0.465985959646,-0.393393094806,-0.482395026087,-0.952308369321,4.44002368957,8.36276754243,57,6,1
218.05,0.447476577168,-0.430229152678,-0.256959829774,-0.515495413622,4.56245428851,9.03870969159,57,6,1
218.1,0.440354576477,-0.444560683678,-0.027649417445,-0.0558089048951,4.59495500942,9.27335470932,57,6,1
218.15,0.444701297237,-0.435803390742,0.201042868703,0.404283407899,4.53794555611,9.05560518235,57,6,1
218.2,0.460374665539,-0.404497717706,0.424688292899,0.842508837233,4.39358089509,8.40423056609,57,6,1
218.25,0.487014565934,-0.352262316223,0.639007780166,1.23824538985,4.16567756536,7.36600233256,57,6,1
218.3,0.524052360986,-0.281677928446,0.839952505542,1.57383271215,3.85960918677,6.01181665763,57,6,1
218.35,0.570724297685,-0.196111307427,1.02377854606,1.83564568952,3.48217397066,4.43114548564,57,6,1
218.4,0.626088470183,-0.0994929518872,1.18711427562,2.01485814328,3.04143750678,2.72527338579,57,6,1
218.45,0.689044946591,0.00393454884749,1.32701935684,2.10784906677,2.54655449191,0.99985581951,57,6,1
218.5,0.758358614972,0.109879074782,1.441034375,2.11623168781,2.00757337252,-0.642630339805,57,6,1
218.55,0.83268426103,0.214253683873,1.52722036411,2.04651414545,1.43522809391,-2.10998212273,57,6,1
218.6,0.910593357756,0.313405837901,1.58418768789,1.90942755884,0.840721279884,-3.32640056604,57,6,1
218.65,0.990602025898,0.404305908873,1.6111139566,1.71898076918,0.23550321033,-4.23723204444,57,6,1
218.7,1.07119961359,0.484683176854,1.60775087795,1.49131940753,-0.368949078419,-4.81201354239,57,6,1
218.75,1.15087734379,0.553101741952,1.574420154,1.24347898024,-0.961348369874,-5.04564990404,57,6,1
218.8,1.22815648889,0.608973413213,1.51199874114,0.992126682637,-1.53080552134,-4.95769471983,57,6,1
218.85,1.30161555266,0.652509348613,1.42189398374,0.752384511685,-2.06702566816,-4.58984745197,57,6,1
218.9,1.36991596972,0.684616652989,1.3060093103,0.536817346141,-2.56048898512,-4.00190731898,57,6,1
218.95,1.43182587127,0.706749976721,1.16670134104,0.354654880678,-3.00261300043,-3.26653036865,57,6,1
219,1.48624151181,0.720731133938,1.00672939555,0.211296924517,-3.38589389081,-2.46321305909,57,6,1
219.05,1.53220600403,0.728551683723,0.829198505939,0.10812918103,-3.70402465401,-1.67196893727,57,6,1
219.1,1.5689250669,0.732174183426,0.637497134081,0.0426529542895,-3.95198854854,-0.967172696938,57,6,1
219.15,1.59577955336,0.733347410478,0.435230859185,0.00890905316742,-4.12612669733,-0.412018735894,57,6,1
219.2,1.612334589,0.733449325125,0.226153344498,-0.00184484483877,-4.22417926455,-0.0539825516943,57,6,1
219.25,1.61834521857,0.733369057193,0.0140959086173,-0.000261495530448,-4.2453001212,0.0784116784616,57,6,1
219.3,1.61375852366,0.733435956316,-0.197102981197,0.00209319113449,-4.19004540763,-0.0226819021091,57,6,1
219.35,1.59871224007,0.733400005562,-0.403667008585,-0.0062158555494,-4.0603368697,-0.344293455907,57,6,1
219.4,1.57352996603,0.732463948848,-0.601948870322,-0.0354812957067,-3.85940128302,-0.854056625703,57,6,1
219.45,1.53871311255,0.729363614375,-0.788493546896,-0.0939488928701,-3.59168767927,-1.50304012409,57,6,1
219.5,1.4949298023,0.722489405597,-0.960096921879,-0.187085069368,-3.26276444333,-2.22975048899,57,6,1
219.55,1.44300097382,0.710039019339,-1.11385880183,-0.317067381573,-2.87919865604,-2.96498799123,57,6,1
219.6,1.3838839921,0.690189328624,-1.24722951376,-0.482531488606,-2.44842030977,-3.63718598322,57,6,1
219.65,1.31865410453,0.661274164113,-1.35804939368,-0.678588986745,-1.9785742206,-4.17784010485,57,6,1
219.7,1.24848411167,0.621954502486,-1.44458062471,-0.897110801054,-1.47836260014,-4.52663840003,57,6,1
219.75,1.17462264585,0.571368311108,-1.50553103358,-1.12725206563,-0.956881330795,-4.63593519944,57,6,1
219.8,1.09837146629,0.509248927266,-1.54006960739,-1.35617786984,-0.423453012013,-4.47426739625,57,6,1
219.85,1.02106218745,0.4360032286,-1.54783364537,-1.56993598581,0.112540187344,-4.0286867388,57,6,1
219.9,0.94403285789,0.35274379281,-1.5289276101,-1.75441353929,0.641820920857,-3.30577009257,57,6,1
219.95,0.868604800019,0.261272529948,-1.48391388694,-1.89631004721,1.15537548642,-2.33126469709,57,6,1
220,0.796060107238,0.164016663238,-1.41379579702,-1.98405948544,1.64460444482,-1.14842046815,57,6,1
220.05,0.727620174539,0.0639211982618,-1.31999333503,-2.00863890519,2.10146262359,0.184850150922,57,6,1
220.1,0.664425612096,-0.035695064416,-1.20431221774,-1.9642101051,2.5185863515,1.5997682172,57,6,1
220.15,0.607517859562,-0.131310540722,-1.06890692949,-1.84855324823,2.8894060559,3.02116468089,57,6,1
220.2,0.557822782234,-0.219387773312,-0.916238536892,-1.66326613982,3.20824266484,4.37232319651,57,6,1
220.25,0.516136489835,-0.296564202537,-0.749028114733,-1.41371907597,3.47038658282,5.57985934724,57,6,1
220.3,0.483113575171,-0.359834667664,-0.570206677952,-1.10877160119,3.67215834678,6.57831286644,57,6,1
220.35,0.459257924177,-0.406714219567,-0.382862551101,-0.760273069374,3.81095041076,7.31415741942,57,6,1
220.4,0.444916201781,-0.435371272388,-0.190187125414,-0.382382576759,3.88524984815,7.74897923326,57,6,1
220.45,0.440274070363,-0.444723186666,0.00458004400023,0.00924521718287,3.89464209275,7.86163754355,57,6,1
220.5,0.445355150254,-0.434488906851,0.198205862552,0.398354281355,3.83979615956,7.64929182915,57,6,1
220.55,0.460022685477,-0.405196092984,0.387517133444,0.769003485114,3.72243208755,7.12725799846,57,6,1
220.6,0.48398383356,-0.35814309784,0.569451943367,1.10644706597,3.54527162515,6.32773280257,57,6,1
220.65,0.51679645639,-0.295318955239,0.741108189553,1.39792520267,3.31197343133,5.29749773272,57,6,1
220.7,0.557878250431,-0.219287083444,0.899788510504,1.63331777343,3.02705428691,4.09477600006,57,6,1
220.75,0.606518019675,-0.133040514687,1.04304096227,1.80562434603,2.69579800016,2.78546519907,57,6,1
220.8,0.661888863987,-0.0398380157057,1.1686948704,1.91124547194,2.32415384531,1.43900124234,57,6,1
220.85,0.723063029335,0.0569686171818,1.27489138271,1.95005359708,1.91862649094,0.124124596042,57,6,1
220.9,0.789028145162,0.154105560198,1.36010834807,1.92525546562,1.48615945715,-1.0951825919,57,6,1
220.95,0.858704557972,0.248536156294,1.42317924961,1.84306090379,1.03401418524,-2.16333936216,57,6,1
221,0.930963459233,0.337599239041,1.46330602545,1.71218451813,0.569646812795,-3.03617433972,57,6,1
221.05,1.00464549999,0.419119100224,1.48006571383,1.54321643582,0.100584720523,-3.68313218755,57,6,1
221.1,1.07857958394,0.491481608287,1.47341096193,1.34790521959,-0.365695141785,-4.08856656862,57,6,1
221.15,1.15160153522,0.553673255786,1.44366453569,1.13840015562,-0.821884233304,-4.25206901723,57,6,1
221.2,1.22257234628,0.605282311262,1.39150806072,0.92650109058,-1.2609549061,-4.18784506806,57,6,1
221.25,1.29039572509,0.646463620504,1.31796531133,0.72296193031,-1.67626574084,-3.92320800333,57,6,1
221.3,1.35403467848,0.677870797122,1.22438044269,0.536889049115,-2.06165824621,-3.49631307454,57,6,1
221.35,1.41252689031,0.700561432215,1.11239163161,0.375268596199,-2.41154361877,-2.95329800983,57,6,1
221.4,1.46499867769,0.715882430693,0.983900651176,0.242647564633,-2.72097845904,-2.3450267323,57,6,1
221.45,1.51067733619,0.725343570093,0.841038954804,0.140983139381,-2.98572855008,-1.72365101857,57,6,1
221.5,1.54890171468,0.730487832022,0.686130884275,0.0696639487108,-3.20232002242,-1.13920874271,57,6,1
221.55,1.57913089215,0.732766966979,0.521654644882,0.0256960979868,-3.36807744971,-0.636467678345,57,6,1
221.6,1.600950861,0.733430143992,0.350201707843,0.00403692092707,-3.48114864032,-0.252201699058,57,6,1
221.65,1.61407915521,0.733432462392,0.17443530657,-0.00194917938062,-3.54051610643,-0.0130534660948,57,6,1
221.7,1.61836739441,0.73336864538,-0.00295131101582,5.48634317587e-05,-3.5459954018,0.0659032624591,57,6,1
221.75,1.61380174795,0.733435495668,-0.179276226505,0.00191727468286,-3.49822071861,-0.0181650854209,57,6,1
221.8,1.600501355,0.73342478765,-0.351909167982,-0.0043301398734,-3.39861831972,-0.255965086391,57,6,1
221.85,1.57871476681,0.732746319416,-0.518310209738,-0.0259043155618,-3.24936855361,-0.62694399182,57,6,1
221.9,1.54881450596,0.730478971007,-0.676066305757,-0.0687440287837,-3.0533573521,-1.10083734953,57,6,1
221.95,1.51128986361,0.725445923512,-0.822925156451,-0.13707509276,-2.81411824488,-1.63978357342,57,6,1
222,1.46673807951,0.716308782523,-0.956825962718,-0.233092519752,-2.5357660376,-2.20086209929,57,6,1
222.05,1.41585407029,0.701674294876,-1.07592668114,-0.356776791318,-2.22292339195,-2.73889101413,57,6,1
222.1,1.35941888934,0.680206701047,-1.17862745786,-0.505852870769,-1.88064161493,-3.20930975522,57,6,1
222.15,1.29828711597,0.650738552818,-1.26358998525,-0.67589183705,-1.51431701128,-3.57097284445,57,6,1
222.2,1.23337338272,0.612373046016,-1.32975259406,-0.860546541364,-1.12960417707,-3.78869121127,57,6,1
222.25,1.16563825732,0.564571545053,-1.37634096245,-1.05190497476,-0.732327615095,-3.83537744643,57,6,1
222.3,1.0960736999,0.507220960367,-1.40287439234,-1.24093851049,-0.328393033614,-3.69367880112,57,6,1
222.35,1.02568831701,0.440676913601,-1.40916767043,-1.41801718734,0.0763003482153,-3.35701500445,57,6,1
222.4,0.955492631409,0.365780105579,-1.3953285962,-1.57346096574,0.475945222502,-2.82997486481,57,6,1
222.45,0.886484580832,0.283844897173,-1.36175132057,-1.69809454211,0.864908150677,-2.12806387433,57,6,1
222.5,0.819635450565,0.196620727879,-1.30910569645,-1.78377386013,1.23780695533,-1.27683240234,57,6,1
222.55,0.755876432961,0.106228538215,-1.23832289489,-1.82385481313,1.5895825464,-0.3104484376,57,6,1
222.6,0.696085993343,0.015075744563,-1.15057758781,-1.81357859154,1.91556429625,0.730191619912,57,6,1
222.65,0.641078205561,-0.0742455349343,-1.04726703931,-1.75035341392,2.21152820127,1.79969739532,57,6,1
222.7,0.591592202469,-0.159071445022,-0.929987482801,-1.63391864454,2.47374719733,2.85063164267,57,6,1
222.75,0.54828286701,-0.236784460114,-0.800508189083,-1.46638415893,2.69903313117,3.8360296008,57,6,1
222.8,0.511712868771,-0.30493028409,-0.660743652316,-1.25214486617,2.8847700268,4.71185043872,57,6,1
222.85,0.482346129109,-0.361327482109,-0.512724335228,-0.997677136125,3.02893842316,5.43922865429,57,6,1
222.9,0.460542775696,-0.404164240382,-0.358566422755,-0.711230136733,3.13013069541,5.98640833404,57,6,1
222.95,0.446555624771,-0.432077438345,-0.200441034387,-0.402430440064,3.18755740393,6.33026413274,57,6,1
223,0.440528207031,-0.444210245539,-0.0405433400585,-0.0818224412833,3.2010448419,6.4573382979,57,6,1
223.05,0.442494331075,-0.440245659436,0.118937987118,0.239630032579,3.17102407225,6.36435146851,57,6,1
223.1,0.452379157082,-0.420414709862,0.275850565351,0.551054173747,3.09851185551,6.05817464822,57,6,1
223.15,0.470001733151,-0.385479396571,0.428106952616,0.842164061237,2.98508397174,5.55527902563,57,6,1
223.2,0.495078927721,-0.336691726226,0.573711783246,1.10371682881,2.83284153014,4.88070761679,57,6,1
223.25,0.527230673998,-0.275731405488,0.710787058556,1.3279068312,2.64437093883,4.06663664448,57,6,1
223.3,0.565986426465,-0.204625768513,0.837595292729,1.50867940865,2.42269827354,3.15061399427,57,6,1
223.35,0.610792715546,-0.125656321527,0.952560253521,1.64195059202,2.17123883767,2.17357614485,57,6,1
223.4,0.661021674527,-0.0412568392634,1.05428507805,1.72572438968,1.89374274664,1.1777531285,57,6,1
223.45,0.715980402845,0.0460917724479,1.14156758627,1.76010485245,1.59423739667,0.204573148478,57,6,1
223.5,0.774921022118,0.133964631996,1.21341265824,1.74720562116,1.27696769264,-0.707325395032,57,6,1
223.55,0.837051275662,0.220089105822,1.26904158497,1.69096483654,0.946334911169,-1.52387608766,57,6,1
223.6,0.901545518832,0.302429662891,1.30789834644,1.59687787467,0.606835064649,-2.21707665173,57,6,1
223.65,0.967555946275,0.379257643279,1.32965281292,1.47166414776,0.262997609813,-2.76612479945,57,6,1
223.7,1.03422390304,0.44920311073,1.33420090737,1.32288701437,-0.0806746884946,-3.15815223284,57,6,1
223.75,1.10069112934,0.511286959053,1.32166180594,1.15854756875,-0.419763970341,-3.38853348875,57,6,1
223.8,1.16611079365,0.56493250038,1.29237229098,0.986673678061,-0.749992854267,-3.46076890971,57,6,1
223.85,1.22965817522,0.609956823469,1.24687840517,0.814925123349,-1.06727671455,-3.38596275259,57,6,1
223.9,1.29054086559,0.646543218236,1.18592458664,0.650234144081,-1.36777207153,-3.1819372491,57,6,1
223.95,1.34800836808,0.675196869308,1.11044049272,0.49849820845,-1.64792057597,-2.87204037277,57,6,1
224,1.40136098558,0.696686784305,1.021525744,0.364338594035,-1.90448814455,-2.48371840578,57,6,1
224.05,1.44995789858,0.711977508688,0.920432840609,0.250934560492,-2.13459888242,-2.04693361269,57,6,1
224.1,1.49322434909,0.722154565176,0.808548518733,0.159938741915,-2.33576350985,-1.59251212733,57,6,1
224.15,1.53065785903,0.728347730198,0.687373827579,0.0914751044467,-2.50590209188,-1.15050749232,57,6,1
224.2,1.56183342658,0.731656221501,0.558503214936,0.044216624472,-2.64336095065,-0.748661333211,57,6,1
224.25,1.58640765806,0.733079629855,0.423602913566,0.0155359499776,-2.74692372049,-0.411034785317,57,6,1
224.3,1.60412180774,0.733458003272,0.284388920643,0.00171889446755,-2.81581658271,-0.156873080468,57,6,1
224.35,1.61480371253,0.733423912121,0.142604858801,-0.00177217059967,-2.84970779128,0.000248153189353,57,6,1
224.4,1.61836862255,0.733368622548,-9.52635699383e-16,1.14923778672e-15,-2.84870167,0.0529620239177,57,6,1
224.45,1.6148189427,0.733423722653,-0.141692277235,0.0017645614615,-2.81332732653,0.000318775480115,57,6,1
224.5,1.60424291328,0.733458722573,-0.280775340434,-0.00163825411002,-2.74452238779,-0.152335897933,57,6,1
224.55,1.58681227029,0.733094327762,-0.415609225439,-0.0149519897858,-2.64361211387,-0.393795856971,57,6,1
224.6,1.56277893748,0.731730304521,-0.544629407143,-0.0422277725159,-2.51228429402,-0.707711420157,57,6,1
224.65,1.53247081294,0.728586154717,-0.666364218728,-0.0865901211113,-2.35256036747,-1.07354418818,57,6,1
224.7,1.49628672217,0.722752223885,-0.779450742406,-0.150055337198,-2.16676324397,-1.46770587892,57,6,1
224.75,1.45469061814,0.713248408341,-0.882649019052,-0.233410180583,-1.95748232399,-1.86482031292,57,6,1
224.8,1.40820511553,0.699087319843,-0.97485444958,-0.33615537992,-1.72753623566,-2.2390439275,57,6,1
224.85,1.35740445229,0.679338620114,-1.05510828708,-0.456515271831,-1.47993381647,-2.56537966457,57,6,1
224.9,1.30290697597,0.65319125358,-1.1226061452,-0.591511655861,-1.21783387046,-2.82092165817,57,6,1
224.95,1.2453672552,0.620010478529,-1.17670447482,-0.737096948673,-0.944504228676,-2.98597358382,57,6,1
225,1.18546791871,0.579386911098,-1.21692498711,-0.88833905238,-0.663280630347,-3.04499144303,57,6,1
225.05,1.12391132449,0.531175233332,-1.24295702667,-1.03964813104,-0.377525926495,-2.98731146222,57,6,1
225.1,1.06141116098,0.4755207514,-1.25465792294,-1.18503380224,-0.0905900860211,-2.80763513646,57,6,1
225.15,0.998684080245,0.412872594656,-1.25205137154,-1.31838015508,0.1942285424,-2.5062556519,57,6,1
225.2,0.936441459809,0.343982990159,-1.23532391891,-1.43372552896,0.473720290431,-2.08902237479,57,6,1
225.25,0.875381385785,0.269892699607,-1.20481964404,-1.52553412772,0.744799165229,-1.56705221239,57,6,1
225.3,0.816180944689,0.191903336072,-1.16103314946,-1.58894726938,1.00453543119,-0.956207890656,57,6,1
225.35,0.759488905318,0.111537858599,-1.1046009899,-1.62000332782,1.25018547106,-0.276373079019,57,6,1
225.4,0.705918865311,0.0304910489059,-1.03629168154,-1.61581713069,1.47921866269,0.449437566787,57,6,1
225.45,0.656042929529,-0.0494278141582,-0.956994446659,-1.57471164289,1.68934105221,1.19608926913,57,6,1
225.5,0.610385979398,-0.126357565261,-0.867706858491,-1.49629708014,1.87851565064,1.93741084496,57,6,1
225.55,0.569420583937,-0.198450349421,-0.769521558304,-1.38149504943,2.04497922642,2.64730163751,57,6,1
225.6,0.53356259443,-0.263936647919,-0.663612222335,-1.23250778648,2.18725551236,3.30081271312,57,6,1
225.65,0.503167455754,-0.32118743992,-0.551218958838,-1.05273494628,2.30416479022,3.87515619672,57,6,1
225.7,0.47852725833,-0.368770985107,-0.433633316416,-0.846642597718,2.39482985971,4.35060135995,57,6,1
225.75,0.459868545617,-0.405501994425,-0.312183083372,-0.619590989712,2.45867844031,4.71122243904,57,6,1
225.8,0.447350883189,-0.430481325088,-0.188217054387,-0.377629221045,2.49544209389,4.94547079249,57,6,1
225.85,0.441066186712,-0.443124773415,-0.063089935528,-0.127266105605,2.50515179284,5.04655252179,57,6,1
225.9,0.441038797785,-0.443180023479,0.0618524485306,0.124772754915,2.48813029251,5.01260166088,57,6,1
225.95,0.447226288611,-0.430731318799,0.185287489903,0.371791410707,2.44498149728,4.84664808208,57,6,1
226,0.459520968957,-0.406191935638,0.305929530496,0.607363413069,2.37657703715,4.55638797459,57,6,1
226.05,0.477752061903,-0.37028502841,0.422542859069,0.825555567044,2.28404029519,4.15377276822,57,6,1
226.1,0.501688508487,-0.324013870107,0.533953851331,1.02112705514,2.16872814634,3.65443938775,57,6,1
226.15,0.53104235567,-0.268622906116,0.639062145485,1.18969669359,2.03221068412,3.07701048049,57,6,1
226.2,0.565472676981,-0.205551363983,0.73685075982,1.32787262899,1.87624922433,2.44229757415,57,6,1
226.25,0.604589970926,-0.136381403772,0.826395073591,1.43334050645,1.70277288334,1.77244287875,57,6,1
226.3,0.647960978661,-0.062782946813,0.906870607476,1.50490796178,1.51385403343,1.09003660095,57,6,1
226.35,0.695113859637,0.0135426180494,0.977559555058,1.5425051294,1.31168293891,0.417246217918,57,6,1
226.4,0.745543661863,0.0909176811098,1.03785603193,1.54714263826,1.0985418747,-0.22500774884,57,6,1
226.45,0.798718022155,0.167740557317,1.08727002395,1.52083021942,0.876779023285,-0.817798162666,57,6,1
226.5,0.854083031164,0.242532670199,1.12543003085,1.46646050815,0.648782437692,-1.3448329911,57,6,1
226.55,0.911069198152,0.313979174406,1.15208441541,1.3876638402,0.416954346567,-1.79297069329,57,6,1
226.6,0.969097451334,0.380961731682,1.16710148191,1.28864077685,0.183686063434,-2.15259359174,57,6,1
226.65,1.02758511111,0.44258250878,1.17046832033,1.17397972022,-0.0486662540071,-2.41782985791,57,6,1
226.7,1.08595177563,0.498178842973,1.16228846457,1.04846728891,-0.277804767082,-2.58662115527,57,6,1
226.75,1.14362506083,0.54732840537,1.14277842372,0.916899113904,-0.501511834435,-2.66063923451,57,6,1
226.8,1.2000461403,0.589845068631,1.1122631556,0.783898401988,-0.717670419505,-2.64506061948,57,6,1
226.85,1.25467503392,0.625766039366,1.07117056001,0.653749023296,-0.924282863911,-2.54821374492,57,6,1
226.9,1.3069955985,0.655331133454,1.02002507719,0.530249047373,-1.11948788692,-2.38111732896,57,6,1
226.95,1.35652017784,0.678955343698,0.959440483149,0.416589621775,-1.30157569519,-2.15693224747,57,6,1
227,1.40279387444,0.697196064974,0.890111978624,0.315262908068,-1.46900111114,-1.89035163167,57,6,1
227.05,1.44539841016,0.710716496175,0.812807672683,0.228001515109,-1.62039465264,-1.59695528669,57,6,1
227.1,1.48395554805,0.720246827394,0.728359564482,0.155750552694,-1.75457152047,-1.29255482621,57,6,1
227.15,1.51813005292,0.726544844165,0.637654128423,0.098672123254,-1.87053847346,-0.992555177597,57,6,1
227.2,1.54763217344,0.730357539984,0.54162260837,0.0561808252945,-1.96749859389,-0.711356411519,57,6,1
227.25,1.57221963389,0.732385228078,0.441231125864,0.0270077049402,-2.04485396713,-0.461817303745,57,6,1
227.3,1.59169912877,0.733249489738,0.33747070562,0.00928910031113,-2.10220632025,-0.254798783544,57,6,1
227.35,1.60592731885,0.733466097576,0.23134731883,0.00067600878884,-2.13935568334,-0.09880162277,57,6,1
227.4,1.61481133168,0.733423817387,0.123872041165,-0.00154100727702,-2.15629715488,0.000291455403316,57,6,1
227.45,1.61830877494,0.733369732116,0.0160514179166,-0.000296760964534,-2.15321586865,0.0393634414501,57,6,1
227.5,1.616427275,0.733401456816,-0.0911218765604,0.0013882079597,-2.13048027419,0.0180990653785,57,6,1
227.55,1.60922355752,0.733466335232,-0.196678003828,0.000546342657026,-2.0886338552,-0.0610879810493,57,6,1
227.6,1.59680209076,0.733367437512,-0.299678476014,-0.00560444649252,-2.02838542122,-0.193229840478,57,6,1
227.65,1.57931331587,0.732775924186,-0.399224152373,-0.0195393798628,-1.950598117,-0.371071001035,57,6,1
227.7,1.55695149151,0.731249112918,-0.494462657396,-0.043320753715,-1.8562773009,-0.58541324228,57,6,1
227.75,1.52995218324,0.728253388928,-0.58459516782,-0.0785107718648,-1.7465574491,-0.825523384828,57,6,1
227.8,1.49858943017,0.723190943325,-0.668882523834,-0.126105977034,-1.62268824581,-1.07958654272,57,6,1
227.85,1.46317262384,0.715429210019,-0.746650627809,-0.186495102997,-1.48602002146,-1.33518661694,57,6,1
227.9,1.4240431355,0.704331803866,-0.817295102022,-0.259441246356,-1.33798870076,-1.57979551705,57,6,1
227.95,1.38157072951,0.689289740735,-0.88028518487,-0.344088339137,-1.18010042114,-1.80125302945,57,6,1
228,1.33614980124,0.66975174341,-0.93516685305,-0.438991023473,-1.01391597868,-1.98822031602,57,6,1
228.05,1.28819547833,0.645252502763,-0.981565164927,-0.542166217334,-0.841035254468,-2.13059165517,57,6,1
228.1,1.2381396242,0.615437867634,-1.01918582779,-0.651163941727,-0.66308176813,-2.21985114282,57,6,1
228.15,1.18642678241,0.580086073907,-1.0478159989,-0.763154376382,-0.481687498512,-2.24936355363,57,6,1
228.2,1.13351009981,0.539124287323,-1.06732433702,-0.875027638875,-0.29847810329,-2.21459131574,57,6,1
228.25,1.07984726535,0.492639918644,-1.07766032748,-0.983502452181,-0.115058660278,-2.1132324645,57,6,1
228.3,1.02589650025,0.440886366745,-1.0788529097,-1.08523968297,0.0669999565848,-1.94527740099,57,6,1
228.35,0.972112633457,0.384283047592,-1.07100844157,-1.17695669724,0.246173964093,-1.71298518317,57,6,1
228.4,0.918943294752,0.323409767635,-1.05430803981,-1.25553858572,0.420998727979,-1.42078282296,57,6,1
228.45,0.866825255448,0.258995692144,-1.02900433987,-1.31814254901,0.590079912387,-1.07509356349,57,6,1
228.5,0.816180944689,0.191903336072,-0.995417722498,-1.36229208682,0.752103652185,-0.684102293035,57,6,1
228.55,0.767415166688,0.123108161852,-0.953932057325,-1.38595809076,0.90584569149,-0.2574680566,57,6,1
228.6,0.720912041764,0.0536745004586,-0.904990016332,-1.38762447411,1.05017944359,0.194004990129,57,6,1
228.65,0.677032191327,-0.0152713841913,-0.849088012002,-1.36633656489,1.18408293918,0.658725902248,57,6,1
228.7,0.636110184164,-0.0825701943813,-0.786770816327,-1.3217311165,1.30664464128,1.12469177884,57,6,1
228.75,0.59845225857,-0.147059526852,-0.718625917637,-1.25404743101,1.4170681165,1.57986631134,57,6,1
228.8,0.564334331999,-0.207603886396,-0.645277672466,-1.16411972186,1.51467556306,2.01254964463,57,6,1
228.85,0.53400030706,-0.263123862564,-0.56738130941,-1.0533514448,1.59891020617,2.41172793492,57,6,1
228.9,0.507660679844,-0.312623597766,-0.48561684111,-0.92367287976,1.66933758146,2.76739212018,57,6,1
228.95,0.485491453809,-0.355215751742,-0.400682939272,-0.777483735886,1.72564573587,3.0708168421,57,6,1
229,0.467633359717,-0.390143266637,-0.313290825924,-0.617582964759,1.76764438416,3.31479210958,57,6,1
229.05,0.454191379539,-0.416797354685,-0.224158232029,-0.447088292413,1.79526306681,3.49380210869,57,6,1
229.1,0.445234569724,-0.434731262256,-0.134003472067,-0.269348213016,1.80854836207,3.60414747311,57,6,1
229.15,0.440796176877,-0.443669504943,-0.0435396804581,-0.0878493229308,1.80766021101,3.64400926781,57,6,1
229.2,0.440874036678,-0.443512413698,0.0465307474253,0.0938780865978,1.79286741993,3.61345484069,57,6,1
229.25,0.445431244799,-0.434335976989,0.135521470229,0.272353313336,1.76454240893,3.51438750452,57,6,1
229.3,0.454397086716,-0.416387103995,0.222767235667,0.444234680054,1.72315527905,3.35044367161,57,6,1
229.35,0.467668211606,-0.390074564964,0.30762860347,0.606402616823,1.66926727362,3.12684253025,57,6,1
229.4,0.485110033974,-0.355955983204,0.389496327855,0.756034170253,1.60352371119,2.8501945902,57,6,1
229.45,0.506558345388,-0.314721355822,0.467795375088,0.89066706232,1.52664646894,2.5282764066,57,6,1
229.5,0.531821117524,-0.267173664737,0.541988555616,1.00825180578,1.43942609603,2.16977950045,57,6,1
229.55,0.56068047684,-0.214207203888,0.611579754284,1.10719079596,1.34271363609,1.78404192183,57,6,1
229.6,0.59289483043,-0.156784291951,0.676116746028,1.18636372593,1.23741223724,1.3807710514,57,6,1
229.65,0.628201122121,-0.0959110617761,0.735193588373,1.24513909982,1.12446862667,0.969766115529,57,6,1
229.7,0.666317197501,-0.0326130185866,0.78845258583,1.28337203471,1.00486452449,0.560648520336,57,6,1
229.75,0.706944256432,0.0320889604835,0.835585824986,1.30138893265,0.879608069067,0.162607513415,57,6,1
229.8,0.749769371625,0.0972015510521,0.876336282586,1.29995996069,0.749725322972,-0.215832109856,57,6,1
229.85,0.79446805206,0.161780250827,0.910498512304,1.28026058971,0.616251924916,-0.567014491287,57,6,1
229.9,0.840706830378,0.224948483386,0.937918919049,1.24382370417,0.480224949197,-0.884324698465,57,6,1
229.95,0.888145853936,0.285914107154,0.958495632631,1.19248400081,0.342675029821,-1.16232469019,57,6,1
230,0.936441459809,0.343982990159,0.972177995355,1.12831654055,0.204618801858,-1.39685093816,57,6,1
230.05,0.985248714881,0.398569406735,0.978965680621,1.05357140349,0.0670517077696,-1.58507259752,57,6,1
230.1,1.03422390304,0.44920311073,0.978907461859,0.970606422473,-0.0690587885714,-1.72551030255,57,6,1
230.15,1.08302694251,0.495533037982,0.97209965316,0.881819938433,-0.202779542581,-1.8180167854,57,6,1
230.2,1.13132371749,0.537327686048,0.95868424468,0.789585434919,-0.333217591982,-1.86372154499,57,6,1
230.25,1.17878830946,0.574472308861,0.938846757422,0.696189774187,-0.459525515001,-1.86494270598,57,6,1
230.3,1.22510511471,0.60696314585,0.912813843187,0.603776580437,-0.58090626178,-1.8250699837,57,6,1
230.35,1.26997083608,0.634898977155,0.880850656493,0.514296103663,-0.696617442213,-1.74842329524,57,6,1
230.4,1.31309633814,0.658470357384,0.843258025941,0.429462658297,-0.805975058442,-1.64009202043,57,6,1
230.45,1.35420835655,0.677946928627,0.800369452994,0.350720472503,-0.90835667515,-1.50576021442,57,6,1
230.5,1.39305105361,0.693663248588,0.752547966354,0.279218514878,-1.00320402552,-1.35152320786,57,6,1
230.55,1.42938741346,0.706003591188,0.700182860101,0.215794593473,-1.09002505522,-1.18370100492,57,6,1
230.6,1.46300047194,0.715386185055,0.643686343566,0.160968755337,-1.16839541113,-1.00865371578,57,6,1
230.65,1.49369437728,0.722247350299,0.583490130416,0.114945760127,-1.23795938541,-0.832603949452,57,6,1
230.7,1.52129527926,0.727025976645,0.520041993873,0.0776261653694,-1.29843032944,-0.661470663564,57,6,1
230.75,1.54565204586,0.730148757476,0.453802314119,0.0486253489505,-1.34959055553,-0.500718437027,57,6,1
230.8,1.56663680761,0.732016555903,0.385240642986,0.0272996111474,-1.39129074728,-0.35522552109,57,6,1
230.85,1.5841453311,0.732992232174,0.314832309922,0.0127783472367,-1.42344890274,-0.229173354516,57,6,1
230.9,1.5980972243,0.733390208226,0.243055091935,0.00400116500979,-1.44604883655,-0.125959522,57,6,1
230.95,1.60843597741,0.733467986713,0.170385968866,-0.000241259399372,-1.45913826958,-0.0481354124213,57,6,1
231,1.61512884403,0.733419780268,0.0972979838575,-0.00126383879327,-1.46282653675,0.00263088412974,57,6,1
231.05,1.61816656841,0.733372343767,0.0242572273149,-0.00044250618088,-1.4572819447,0.0255665954512,57,6,1
231.1,1.61756296525,0.733383039833,-0.0482800389432,0.000830343342515,-1.4427288125,0.0207820099477,57,6,1
231.15,1.61335435963,0.733440107218,-0.119870102365,0.0011892190343,-1.41944422962,-0.01076465312,57,6,1
231.2,1.60559889496,0.733465044646,-0.190084351886,-0.000663388115934,-1.38775456553,-0.0673233144265,57,6,1
231.25,1.59437571789,0.733316970433,-0.258511650154,-0.00591920630979,-1.34803176599,-0.146426666287,57,6,1
231.3,1.57978404919,0.732798771878,-0.324760515958,-0.015630522968,-1.30068947088,-0.244980622522,57,6,1
231.35,1.56194215054,0.731664818941,-0.388461108816,-0.0306813803418,-1.2461789883,-0.359367571667,57,6,1
231.4,1.54098619708,0.729629984719,-0.449267009384,-0.0517641875692,-1.18498515901,-0.485559239022,57,6,1
231.45,1.51706906624,0.726379691268,-0.506856791041,-0.079362147732,-1.11762214468,-0.619235874954,57,6,1
231.5,1.49035905315,0.721580683481,-0.560935379667,-0.113737733994,-1.04462917244,-0.755908487341,57,6,1
231.55,1.46103852355,0.714892226101,-0.611235200207,-0.154927286556,-0.966566266921,-0.89104091981,57,6,1
231.6,1.42930251452,0.705977419317,-0.65751711015,-0.202741645936,-0.884009999978,-1.02016873744,57,6,1
231.65,1.395357294,0.694514336306,-0.699571121539,-0.256772591624,-0.797549286391,-1.13901210929,57,6,1
231.7,1.35941888934,0.680206701047,-0.737216914472,-0.316404721508,-0.70778125256,-1.24358016285,57,6,1
231.75,1.3217115953,0.66279384598,-0.770304146398,-0.380832289409,-0.615307203285,-1.33026461823,57,6,1
231.8,1.28246647164,0.642059715789,-0.798712562689,-0.449080417538,-0.52072870995,-1.39592087919,57,6,1
231.85,1.24191983996,0.617840714906,-0.822351915103,-0.520030019305,-0.424643841497,-1.43793515182,57,6,1
231.9,1.20031178928,0.590032231129,-0.841161695781,-0.59244570661,-0.327643557598,-1.45427656898,57,6,1
231.95,1.15788469935,0.558593705175,-0.855110695321,-0.665005914908,-0.230308281431,-1.44353370899,57,6,1
232,1.11488179028,0.523552154929,-0.864196394304,-0.73633445889,-0.133204667389,-1.4049352991,57,6,1
232.05,1.07154570652,0.485004102571,-0.868444198358,-0.805032730849,-0.036882577037,-1.33835528025,57,6,1
232.1,1.0281171428,0.443115891829,-0.867906527473,-0.869711771795,0.0581277254477,-1.24430276963,57,6,1
232.15,0.984833518992,0.398122420251,-0.862661770761,-0.929023480511,0.151318149113,-1.12389778547,57,6,1
232.2,0.941927710393,0.350324346959,-0.852813118306,-0.981690276394,0.242205116111,-0.97883388782,57,6,1
232.25,0.8996268392,0.300083868984,-0.838487282027,-1.02653259596,0.330331660318,-0.811329135574,57,6,1
232.3,0.858151132485,0.247819188454,-0.819833117719,-1.06249367807,0.415269281263,-0.624066959834,57,6,1
232.35,0.81771285128,0.193997818087,-0.797020160555,-1.08866117701,0.496619551752,-0.420128705928,57,6,1
232.4,0.778515294794,0.139128893256,-0.77023708636,-1.10428523289,0.5740154793,-0.202919699161,57,6,1
232.45,0.740751883161,0.0837546750463,-0.73969011094,-1.10879272312,0.647122623108,0.0239092557582,57,6,1
232.5,0.704605321523,0.0284414401688,-0.705601339607,-1.10179751472,0.715639969893,0.256543023647,57,6,1
232.55,0.670246847629,-0.0262300397907,-0.668207078842,-1.08310663237,0.779300573289,0.491084054058,57,6,1
232.6,0.637835564554,-0.0796742253826,-0.627756121779,-1.05272234928,0.8378719629,0.723633257047,57,6,1
232.65,0.607517859562,-0.131310540722,-0.584508018843,-1.01084029586,0.891156330302,0.950368146422,57,6,1
232.7,0.579426909579,-0.180572914301,-0.538731344494,-0.957843762146,0.938990500402,1.16761670144,57,6,1
232.75,0.553682273208,-0.226918944823,-0.49070197057,-0.894294443273,0.981245697568,1.37192556826,57,6,1
232.8,0.530389568695,-0.269838521788,-0.440701356246,-0.820919941551,1.01782711683,1.5601214136,57,6,1
232.85,0.509640236797,-0.308861747676,-0.389014864075,-0.738598392942,1.04867331123,1.72936444942,57,6,1
232.9,0.491511386993,-0.343566028043,-0.335930111014,-0.648340629416,1.073755407,1.87719336345,57,6,1
232.95,0.476065725108,-0.373582217346,-0.281735362746,-0.551270321448,1.0930761589,2.00156111103,57,6,1
233,0.463351559971,-0.398599731068,-0.226717978956,-0.448602566621,1.1066688584,2.10086124282,57,6,1
233.05,0.453402886387,-0.41837055835,-0.171162916619,-0.341621401182,1.11459610767,2.17394465761,57,6,1
233.1,0.446239541361,-0.432712133236,-0.11535129766,-0.231656711815,1.11694847274,2.22012687294,57,6,1
233.15,0.441867430213,-0.441509046282,-0.0595590466954,-0.1200610154,1.11384302916,2.23918609724,57,6,1
233.2,0.440278818943,-0.444713601265,-0.00405560391145,-0.00818655594647,1.10542181351,2.23135256028,57,6,1
233.25,0.44145268898,-0.442345243536,0.0508972825726,0.102636858896,1.09185019426,2.19728971319,57,6,1
233.3,0.445355150254,-0.434488906851,0.105046681132,0.211122893301,1.07331517502,2.13806804113,57,6,1
233.35,0.451939908337,-0.421292343993,0.158149514814,0.316048242248,1.05002364331,2.0551323415,57,6,1
233.4,0.461148781289,-0.402962522762,0.209973510856,0.416270410456,1.02220057751,1.95026340564,57,6,1
233.45,0.472912261725,-0.379761182957,0.260298059759,0.510743456206,0.990087224264,1.82553510351,57,6,1
233.5,0.487150119546,-0.351999661389,0.308914982748,0.598531496034,0.953939258337,1.68326790811,57,6,1
233.55,0.503772040743,-0.320033100919,0.355629207026,0.678819818529,0.914024936386,1.52597991077,57,6,1
233.6,0.522678297656,-0.284254165746,0.400259348787,0.750923507954,0.870623255488,1.35633637077,57,6,1
233.65,0.543760446081,-0.245086388874,0.442638204497,0.814293529942,0.824022126871,1.17709881471,57,6,1
233.7,0.56690204468,-0.202977278807,0.482613151446,0.868520281215,0.774516574573,0.99107465468,57,6,1
233.75,0.591979392167,-0.15839131122,0.520046459045,0.913334652207,0.722406968189,0.801068231439,57,6,1
233.8,0.618862277873,-0.111802927845,0.554815512793,0.94860669493,0.667997298183,0.60983411195,57,6,1
233.85,0.647414741379,-0.0636896591708,0.586812953241,0.974342027706,0.61159350159,0.420033382409,57,6,1
233.9,0.677495837014,-0.0145254800765,0.61594673264,0.990676143068,0.55350184524,0.234193580439,57,6,1
233.95,0.708960399204,0.0352255015302,0.642140092341,0.997866814716,0.494027372948,0.0546728062946,57,6,1
234,0.74165980477,0.0851149334437,0.665331464256,0.996284823731,0.433472422426,-0.116371554985,57,6,1
234.05,0.775442728479,0.134715607133,0.685474300031,0.986403243123,0.372135216975,-0.277009178075,57,6,1
234.1,0.810155888325,0.183626279137,0.702536831755,0.968785533153,0.310308536322,-0.425557995038,57,6,1
234.15,0.845644777223,0.231475872914,0.716501768274,0.944072707894,0.24827847032,-0.560600138963,57,6,1
234.2,0.881754377984,0.277927021282,0.727365931321,0.912969836279,0.186323258532,-0.680992628044,57,6,1
234.25,0.918329858697,0.322678922729,0.735139835825,0.876232138755,0.124712218093,-0.785872880072,57,6,1
234.3,0.955217245815,0.365469497758,0.739847218866,0.834650933907,0.063704761633,-0.874659235217,57,6,1
234.35,0.9922640725,0.406076843924,0.74152452179,0.789039678544,0.00354950640661,-0.947046744053,57,6,1
234.4,1.02932,0.44432,0.740220330082,0.740220330082,-0.0555165247561,-1.00299854726,57,6,1
234.45,1.06623741006,0.48005904077,0.735994775584,0.689010242221,-0.113268610649,-1.04273323253,57,6,1
234.5,1.1028719666,0.513194533943,0.728918905642,0.636209784404,-0.169494947504,-1.06670860254,57,6,1
234.55,1.13908314511,0.543666399684,0.719074023717,0.582590852833,-0.223997174391,-1.0756023255,57,6,1
234.6,1.17473472845,0.571452221024,0.706551005974,0.528886416566,-0.276590809606,-1.07028996611,57,6,1
234.65,1.20969526801,0.596565059972,0.691449598228,0.475781216865,-0.327105599904,-1.05182091114,57,6,1
234.7,1.24383850926,0.619050839397,0.673877697565,0.423903712065,-0.375385784786,-1.0213927094,57,6,1
234.75,1.27704378115,0.63898535473,0.653950622818,0.373819334317,-0.421290278442,-0.980324342365,57,6,1
234.8,1.30919634874,0.656470982203,0.631790377947,0.326025098997,-0.464692772237,-0.930028929012,57,6,1
234.85,1.34018772904,0.67163315176,0.607524912216,0.28094558291,-0.505481760928,-0.871986347971,57,6,1
234.9,1.36991596972,0.684616652989,0.581287380885,0.238930263889,-0.54356049607,-0.807716232337,57,6,1
234.95,1.39828589105,0.695581841508,0.553215409995,0.20025219249,-0.578846870242,-0.738751758812,57,6,1
235,1.4252092912,0.704700811235,0.523450368571,0.165107946294,-0.611273235965,-0.666614613993,57,6,1
235.05,1.45060511536,0.712153595083,0.492136651441,0.133618799304,-0.640786163288,-0.592791477766,57,6,1
235.1,1.47439958946,0.718124452776,0.459420975622,0.105833023006,-0.667346140173,-0.51871231793,57,6,1
235.15,1.49652631894,0.722798300031,0.425451693026,0.0817292221961,-0.69092721989,-0.445730742333,57,6,1
235.2,1.51692635378,0.726357328161,0.390378122034,0.0612205975407,-0.711516619698,-0.375106605953,57,6,1
235.25,1.53554822047,0.728977857562,0.354349900261,0.0441600182181,-0.729114275122,-0.307991021428,57,6,1
235.3,1.55234792234,0.730827462532,0.317516360636,0.0303457817555,-0.743732354158,-0.245413873364,57,6,1
235.35,1.56728890922,0.73206239863,0.280025932671,0.0195279343465,-0.755394735705,-0.188273890068,57,6,1
235.4,1.58034201783,0.732825357387,0.242025570623,0.0114150233631,-0.764136456505,-0.137331281934,57,6,1
235.45,1.59148538438,0.733243566784,0.203660210004,0.00568115437593,-0.770003130797,-0.0932029140805,57,6,1
235.5,1.60070433058,0.733427249585,0.16507225371,0.00197322758394,-0.773050346831,-0.0563599424998,57,6,1
235.55,1.60799122487,0.733468445441,0.126401088806,-8.17670228992e-05,-0.773343044272,-0.0271278083891,57,6,1
235.6,1.61334532014,0.733440196827,0.0877826348518,-0.000869510399204,-0.770954876421,-0.00568845475984,57,6,1
235.65,1.61677256979,0.733396093292,0.0493489244047,-0.000781278236238,-0.765967561066,0.0079153969141,57,6,1
235.7,1.61828542352,0.733370163369,0.0112277161953,-0.000207126290045,-0.758470223591,0.013774094196,57,6,1
235.75,1.61790260471,0.733377098813,-0.0264578587371,0.000470573940992,-0.748558735886,0.0121032270588,57,6,1
235.8,1.61564887083,0.733412791638,-0.0635896178162,0.000883170808795,-0.736335054363,0.00323434199971,57,6,1
235.85,1.61155475869,0.733455160789,-0.100054614648,0.000681271980751,-0.721906560273,-0.0123955793651,57,6,1
235.9,1.60565631616,0.733465242194,-0.135745393872,-0.000460268297861,-0.705385405307,-0.0342556487366,57,6,1
235.95,1.59799482191,0.733388513414,-0.17056021349,-0.00283795875777,-0.686887865285,-0.0617333772478,57,6,1
236,1.58861649482,0.733156422191,-0.204403235131,-0.00671591067636,-0.666533704558,-0.0941475326628,57,6,1
236.05,1.57757219474,0.732688086771,-0.237184682854,-0.0123227294744,-0.644445553546,-0.130761327132,57,6,1
236.1,1.56491711602,0.731892135105,-0.268820971211,-0.0198490695358,-0.620748301647,-0.17079572402,57,6,1
236.15,1.55071047542,0.730668649684,-0.299234803373,-0.0294458531556,-0.595568507554,-0.21344266396,57,6,1
236.2,1.53501519582,0.728911184978,-0.328355240252,-0.0412231448648,-0.569033828827,-0.257878024192,57,6,1
236.25,1.51789758722,0.726508825143,-0.356117741616,-0.0552496634737,-0.541272472378,-0.303274140962,57,6,1
236.3,1.49942702627,0.723348250684,-0.382464180282,-0.0715529060876,-0.512412667322,-0.348811741988,57,6,1
236.35,1.47967563587,0.719315784307,-0.407342830537,-0.09011985115,-0.482582161485,-0.393691154283,57,6,1
236.4,1.45871796586,0.714299387934,-0.430708332001,-0.110898201313,-0.451907742655,-0.437142671702,57,6,1
236.45,1.43663067618,0.708190585007,-0.452521630188,-0.133798121632,-0.4205147855,-0.478435985966,57,6,1
236.5,1.41349222347,0.700886284502,-0.472749895073,-0.158694424261,-0.388526824895,-0.516888604461,57,6,1
236.55,1.38938255236,0.692290485633,-0.491366418996,-0.185429147465,-0.356065156241,-0.551873197329,57,6,1
236.6,1.36438279229,0.682315844872,-0.508350495268,-0.213814474385,-0.323248463206,-0.58282383514,57,6,1
236.65,1.33857496088,0.670885089712,-0.523687278853,-0.243635935473,-0.290192473147,-0.609241096446,57,6,1
236.7,1.31204167468,0.657932266392,-0.537367630518,-0.274655837946,-0.257009640337,-0.630696041529,57,6,1
236.75,1.28486586807,0.643403811652,-0.549387945837,-0.306616865805,-0.223808857012,-0.646833064597,57,6,1
236.8,1.25713052114,0.627259441383,-0.559749970447,-0.339245794958,-0.190695192054,-0.657371651254,57,6,1
236.85,1.22891839698,0.609472851764,-0.568460602914,-0.37225726965,-0.157769657102,-0.662107081299,57,6,1
236.9,1.20031178928,0.590032231129,-0.575531686587,-0.405357588733,-0.12512899967,-0.66091012862,57,6,1
236.95,1.17139228046,0.568940583291,-0.580979791781,-0.438248453117,-0.0928655228346,-0.653725820099,57,6,1
237,1.14224051093,0.546215865414,-0.58482598958,-0.470630629105,-0.0610669308918,-0.640571324047,57,6,1
237.05,1.11293595989,0.521890945699,-0.587095618579,-0.502207485985,-0.0298162003458,-0.621533045699,57,6,1
237.1,1.08355673787,0.496013388126,-0.587818045774,-0.532688370293,0.00080852452321,-0.596763012709,57,6,1
237.15,1.05417939145,0.468645073266,-0.587026422841,-0.561791783406,0.0307340123136,-0.566474637569,57,6,1
237.2,1.0248787201,0.439861665747,-0.584757438956,-0.589248333536,0.0598920022517,-0.530937946306,57,6,1
237.25,0.995727605634,0.409751940275,-0.581051071277,-0.614803437705,0.0882192399628,-0.490474363909,57,6,1
237.3,0.966796854011,0.378416979235,-0.575950334172,-0.638219753781,0.115657492237,-0.445451146753,57,6,1
237.35,0.938155049773,0.345969255761,-0.569501028206,-0.659279327179,0.142153541804,-0.396275550895,57,6,1
237.4,0.909868423,0.312531616853,-0.561751489879,-0.67778544117,0.167659163156,-0.343388822633,57,6,1
237.45,0.882000728728,0.278236181531,-0.552752343009,-0.69356416402,0.192131080507,-0.287260094328,57,6,1
237.5,0.854613138756,0.243223169283,-0.542556252653,-0.706465590191,0.215530908956,-0.228380264202,57,6,1
237.55,0.827764145662,0.207639674081,-0.531217682364,-0.716364776689,0.237825079978,-0.167255933848,57,6,1
237.6,0.801509478865,0.171638399112,-0.518792655537,-0.723162379161,0.258984752348,-0.104403471618,57,6,1
237.65,0.775902032503,0.135376367063,-0.505338521554,-0.726784995607,0.278985709598,-0.0403432640066,57,6,1
237.7,0.750991804865,0.0990136202928,-0.490913727375,-0.727185228545,0.297808245141,0.0244057892583,57,6,1
237.75,0.726825849099,0.0627119246757,-0.475577595143,-0.724341479056,0.315437036139,0.0893314873493,57,6,1
237.8,0.703448234876,0.0266334901131,-0.459390106372,-0.718257488438,0.331861007211,0.153933205415,57,6,1
237.85,0.680900020674,-0.00906028008893,-0.44241169317,-0.708961645132,0.347073185056,0.217726401129,57,6,1
237.9,0.659219236307,-0.0442099997197,-0.424703036936,-0.696506076199,0.361070545031,0.280246722012,57,6,1
237.95,0.638440875337,-0.0786594597768,-0.406324874917,-0.680965543887,0.373853850713,0.341053691453,57,6,1
238,0.618596896944,-0.112256728981,-0.387337814931,-0.662436168762,0.385427487438,0.399733957758,57,6,1
238.05,0.599716236853,-0.14485518657,-0.367802158549,-0.64103400153,0.395799290783,0.455904096707,57,6,1
238.1,0.58182482689,-0.176314480373,-0.34777773296,-0.616893465975,0.404980370932,0.50921296388,57,6,1
238.15,0.564945622716,-0.20650140427,-0.327323731697,-0.590165695517,0.412984933803,0.55934359844,57,6,1
238.2,0.549098639307,-0.235290690292,-0.306498564378,-0.561016785667,0.41983009982,0.606014685059,57,6,1
238.25,0.534300993715,-0.262565711696,-0.285359715542,-0.529625984197,0.425535721129,0.648981585221,57,6,1
238.3,0.520566954664,-0.288219094431,-0.263963612652,-0.496183840212,0.430124198059,0.688036953201,57,6,1
238.35,0.507907998506,-0.312153235457,-0.242365503272,-0.460890332413,0.433620295548,0.723010955642,57,6,1
238.4,0.496332871101,-0.334280727362,-0.220619341421,-0.423952995833,0.436050960249,0.753771116726,57,6,1
238.45,0.485847655142,-0.354524689655,-0.198777683025,-0.385585065178,0.437445138959,0.780221813576,57,6,1
238.5,0.47645584249,-0.372819008,-0.176891590416,-0.34600365158,0.437833598995,0.802303448656,57,6,1
238.55,0.468158411047,-0.389108483439,-0.155010545741,-0.305427968217,0.437248751074,0.819991327592,57,6,1
238.6,0.460953905754,-0.403348894419,-0.133182373162,-0.264077618794,0.435724475236,0.833294272086,57,6,1
238.65,0.454838523252,-0.415506975077,-0.111453169664,-0.222170961362,0.433295950291,0.842252998352,57,6,1
238.7,0.449806199796,-0.425560313831,-0.0898672443063,-0.179923558442,0.429999487228,0.846938291906,57,6,1
238.75,0.445848701995,-0.433497176829,-0.0684670656788,-0.13754672285,0.425872367002,0.847449009555,57,6,1
238.8,0.442955719988,-0.439316261255,-0.0472932173681,-0.0952461671148,0.42095268304,0.843909939087,57,6,1
238.85,0.441114962639,-0.443026383832,-0.0263843611638,-0.0532207628366,0.415279188811,0.836469546516,57,6,1
238.9,0.440312254395,-0.444646110138,-0.0057772077572,-0.0116614148949,0.408891150724,0.825297639823,57,6,1
238.95,0.44053163342,-0.444203330591,0.0144935053444,0.0292499460262,0.401828206616,0.810582976931,57,6,1
239,0.441755450661,-0.441734789055,0.0343950289713,0.069341250469,0.394130230028,0.792530844298,57,6,1
239.05,0.443964469509,-0.43728557013,0.0538966108076,0.108451055949,0.385837200454,0.771360630925,57,6,1
239.1,0.447137965716,-0.430908551183,0.0729694975725,0.146429191772,0.376989079703,0.747303420851,57,6,1
239.15,0.451253827277,-0.422663825128,0.091586931174,0.183137284384,0.367625694482,0.720599625421,57,6,1
239.2,0.456288653977,-0.412618099884,0.10972413915,0.218449165739,0.357786625281,0.691496674649,57,6,1
239.25,0.462217856318,-0.400844080259,0.127358319711,0.252251168072,0.347511101615,0.660246785051,57,6,1
239.3,0.469015753569,-0.387419837861,0.144468621707,0.28444230931,0.336837903643,0.627104819333,57,6,1
239.35,0.476655670703,-0.372428174359,0.161036119832,0.314934374035,0.32580527017,0.592326251284,57,6,1
239.4,0.485110033974,-0.355955983204,0.177043785389,0.34365189557,0.314450812991,0.556165247256,57,6,1
239.45,0.494350464927,-0.338093614583,0.192476452927,0.370532045254,0.302811437549,0.518872873662,57,6,1
239.5,0.504347872651,-0.318934248101,0.207320783076,0.395524435399,0.290923269823,0.480695438004,57,6,1
239.55,0.515072544078,-0.298573277325,0.221565221869,0.418590842764,0.278821589364,0.441872969155,57,6,1
239.6,0.526494232167,-0.277107710004,0.235199956872,0.439704859603,0.266540768372,0.402637840844,57,6,1
239.65,0.538582241826,-0.254635587388,0.248216870423,0.458851479533,0.254114216696,0.36321354068,57,6,1
239.7,0.551305513428,-0.231255425735,0.260609490255,0.476026625492,0.241574332606,0.323813585501,57,6,1
239.75,0.564632703792,-0.207065682714,0.272372937803,0.49123662713,0.22895245921,0.284640582412,57,6,1
239.8,0.578532264536,-0.182164251055,0.283503874477,0.504497654846,0.216278846327,0.245885433577,57,6,1
239.85,0.592972517696,-0.156647981429,0.294000446148,0.515835117599,0.203582617669,0.207726681661,57,6,1
239.9,0.607921728528,-0.130612236197,0.303862226133,0.525283031422,0.190891743128,0.170329991733,57,6,1
239.95,0.623348175428,-0.104150475331,0.313090156915,0.53288336534,0.178233015997,0.13384776455,57,6,1
240,0.639220216911,-0.0773538754667,0.321686490838,0.53868537111,0.165632034915,0.0984188753032,57,6,1
240.05,0.655506355606,-0.0503109827408,0.329654730025,0.542744902907,0.15311319034,0.0641685312401,57,6,1
240.1,0.672175299229,-0.0231073997835,0.336999565711,0.545123732708,0.140699655345,0.0312082410122,57,6,1
240.15,0.689196018515,0.00417449307027,0.343726817242,0.545888866779,0.128413380527,-0.000364111867959,57,6,1
240.2,0.706537802096,0.0314557825247,0.349843370895,0.545111868281,0.116275092813,-0.0304640994031,57,6,1
240.25,0.724170308316,0.058661233447,0.355357118746,0.542868190578,0.104304297959,-0.0590204915147,57,6,1
240.3,0.742063613999,0.0857194670131,0.360276897751,0.539236525465,0.0925192865164,-0.0859749188058,57,6,1
240.35,0.760188260174,0.112563106716,0.364612429195,0.534298170058,0.0809371430666,-0.111281464071,57,6,1
240.4,0.778515294794,0.139128893256,0.368374258694,0.528136415732,0.0695737585018,-0.134906190913,57,6,1
240.45,0.797016312462,0.165357769496,0.371573696877,0.520835962015,0.058443845147,-0.15682661772,57,6,1
240.5,0.815663491218,0.191194936777,0.374222760888,0.512482357992,0.0475609545154,-0.177031145093,57,6,1
240.55,0.834429626421,0.216589884051,0.376334116843,0.503161473322,0.0369374974922,-0.19551844457,57,6,1
240.6,0.85328816178,0.241496391334,0.377921023349,0.492959000645,0.0265847667484,-0.212296816224,57,6,1
240.65,0.872213217593,0.265872509093,0.378997276197,0.481959990725,0.0165129611874,-0.227383522379,57,6,1
240.7,0.891179616249,0.289680515235,0.379577154323,0.470248421359,0.00673121223429,-0.240804104309,57,6,1
240.75,0.91016290506,0.312886851395,0.379675367124,0.45790680075,-0.00275238821901,-0.252591688418,57,6,1
240.8,0.9291393765,0.33546204027,0.379307003216,0.445015805698,-0.0119307583923,-0.26278628794,57,6,1
240.85,0.948086085915,0.357380585729,0.378487480689,0.431653954705,-0.0207977958942,-0.271434105782,57,6,1
240.9,0.966980866784,0.378620857449,0.377232498927,0.417897315795,-0.0293483458671,-0.278586843683,57,6,1
240.95,0.985802343617,0.399164961803,0.375557992053,0.40381924863,-0.0375781681604,-0.28430102237,57,6,1
241,1.00452994256,0.418998600696,0.373480084028,0.389490180241,-0.0454839036896,-0.288637316972,57,6,1
241.05,1.02314389979,0.438110920015,0.371015045453,0.374977413536,-0.0530630401287,-0.291659911464,57,6,1
241.1,1.04162526782,0.456494349293,0.368179252104,0.360344967539,-0.0603138770797,-0.293435875453,57,6,1
241.15,1.05995591976,0.474144434166,0.36498914521,0.345653448164,-0.0672354908528,-0.294034566211,57,6,1
241.2,1.0781185516,0.491059663093,0.361461193505,0.330959948212,-0.0738276989871,-0.29352705838,57,6,1
241.25,1.09609668272,0.507241289788,0.357611857058,0.316317975147,-0.0800910246335,-0.291985603392,57,6,1
241.3,1.11387465455,0.522693152689,0.353457552884,0.301777405113,-0.0860266609131,-0.289483120242,57,6,1
241.35,1.13143762763,0.537421492771,0.34901462233,0.287384461618,-0.0916364353604,-0.28609271886,57,6,1
241.4,1.148771577,0.551434770853,0.344299300248,0.273181717199,-0.0969227745514,-0.281887257,57,6,1
241.45,1.16585712174,0.564731276842,0.338945617055,0.258470068242,-0.118128239119,-0.306880266011,57,6,1
241.5,1.18264633474,0.5772603348,0.332405569459,0.242473854589,-0.144189995257,-0.333069035638,57,6,1
241.55,1.19907428979,0.58895670647,0.324463963948,0.225162023815,-0.17401300577,-0.359331654481,57,6,1
241.6,1.21506664482,0.599754935262,0.314958850076,0.206555546985,-0.206563316087,-0.38470794433,57,6,1
241.65,1.23054222594,0.609591748293,0.303778363758,0.186719516951,-0.240872017425,-0.40839182338,57,6,1
241.7,1.24541544907,0.618408073449,0.290857392999,0.165755661661,-0.276038393978,-0.429722394269,57,6,1
241.75,1.25959857124,0.62615069369,0.276174105714,0.143795328632,-0.311232299427,-0.448174057585,57,6,1
241.8,1.27300376558,0.632773563263,0.25974637702,0.120992982282,-0.345695809527,-0.463345928565,57,6,1
241.85,1.28554501598,0.638238812203,0.24162815101,0.0975202425084,-0.378744198545,-0.474950810466,57,6,1
241.9,1.2971398288,0.64251746668,0.221905769592,0.0735604808774,-0.409766287959,-0.482803952899,57,6,1
241.95,1.30771076086,0.645589913212,0.200694298577,0.0493039799893,-0.438224216043,-0.486811797924,57,6,1
242,1.31718676425,0.647446134878,0.178133878755,0.0249436521024,-0.463652676905,-0.486960891196,57,6,1
242.05,1.3255043499,0.648085747195,0.154386127276,0.000671304848096,-0.485657677118,-0.483307110434,57,6,1
242.1,1.33260857286,0.647517860579,0.129630612269,-0.0233255651256,-0.503914857412,-0.475965339212,57,6,1
242.15,1.33845384365,0.645760795173,0.104061421282,-0.0468664755627,-0.51816742594,-0.465099690811,57,6,1
242.2,1.34300457074,0.642841672468,0.0778838418183,-0.069780188721,-0.528223748498,-0.450914364935,57,6,1
242.25,1.34623564021,0.638795906565,0.0513111700161,-0.091906501488,-0.533954639672,-0.43364519954,57,6,1
242.3,1.34813273933,0.633666616188,0.0245616613659,-0.113097631407,-0.535290397394,-0.413551961101,57,6,1
242.35,1.34869253144,0.627503976712,-0.00214436474355,-0.133219236254,-0.532217621684,-0.390911399377,57,6,1
242.4,1.34792269023,0.620364529577,-0.0285872568349,-0.152151105712,-0.524775856539,-0.366011077182,57,6,1
242.45,1.34584180151,0.612310464502,-0.0545505916018,-0.169787563874,-0.513054092054,-0.339143971942,57,6,1
242.5,1.34247914158,0.603408888013,-0.0798235565146,-0.186037620814,-0.497187161825,-0.310603833763,57,6,1
242.55,1.33787434085,0.593731089876,-0.104203150371,-0.200824910471,-0.477352068678,-0.280681274486,57,6,1
242.6,1.33207694212,0.583351817243,-0.127496198992,-0.214087450559,-0.453764269637,-0.249660553552,57,6,1
242.65,1.32514586273,0.572348564532,-0.149521184746,-0.225777258345,-0.426673948945,-0.217817019533,57,6,1
242.7,1.31714876986,0.560800885462,-0.170109889993,-0.235859853938,-0.396362305805,-0.185415160639,57,6,1
242.75,1.30816137831,0.548789732121,-0.189108855794,-0.244313680266,-0.363137881401,-0.152707213454,57,6,1
242.8,1.29826667987,0.53639682456,-0.206380658428,-0.251129466353,-0.327332947628,-0.119932276373,57,6,1
242.85,1.28755411341,0.523704053139,-0.221805007314,-0.256309557714,-0.289299977898,-0.0873158726037,57,6,1
242.9,1.27611868439,0.510792914722,-0.235279668917,-0.259867235004,-0.249408218336,-0.0550699070992,57,6,1
242.95,1.26406004245,0.497743982859,-0.246721222061,-0.261826039195,-0.208040375693,-0.023392962212,57,6,1
243,1.25148152529,0.484636411203,-0.256065650862,-0.262219118878,-0.165589436379,0.0075291218848,57,6,1
243.05,1.23848917685,0.471547468743,-0.263268782156,-0.261088612622,-0.122455629135,0.0375224339777,57,6,1
243.1,1.22519074732,0.458552104818,-0.268306574879,-0.258485076778,-0.0790435420875,0.0664239952005,57,6,1
243.15,1.21169468228,0.445722541431,-0.271175269351,-0.254466966718,-0.0357594031803,0.0940806253779,57,6,1
243.2,1.1981091076,0.433127890044,-0.271891404817,-0.249100177296,0.00699146862038,0.120347715233,57,6,1
243.25,1.18454081667,0.420833789786,-0.270491713956,-0.24245764621,0.0488070355447,0.145087943648,57,6,1
243.3,1.17109426579,0.408902063881,-0.267032903267,-0.23461902215,0.0892907323001,0.168169975242,57,6,1
243.35,1.1578705831,0.397390391038,-0.261591328499,-0.225670397883,0.128053473441,0.189467169509,57,6,1
243.4,1.14496659633,0.386351988587,-0.254262574335,-0.21570410703,0.164715475142,0.208856328696,57,6,1
243.45,1.13247388363,0.375835304242,-0.245160947645,-0.204818581982,0.198907890882,0.226216507547,57,6,1
243.5,1.12047785175,0.365883713502,-0.234418893594,-0.193118269379,0.230274261657,0.241427904097,57,6,1
243.55,1.10905684519,0.356535219936,-0.222186343847,-0.180713598696,0.258471782366,0.254370846912,57,6,1
243.6,1.0982812894,0.347822155816,-0.208630005997,-0.167720998799,0.283172386925,0.264924890479,57,6,1
243.65,1.08821287079,0.33977088084,-0.193932603198,-0.154262956851,0.304063655517,0.272968027097,57,6,1
243.7,1.07890375586,0.332401476973,-0.178292072802,-0.140468113597,0.320849548157,0.278376020394,57,6,1
243.75,1.07039585119,0.325727437742,-0.161920732553,-0.126471388881,0.333250969401,0.281021862705,57,6,1
243.8,1.06272010579,0.319755350631,-0.145044422661,-0.112414131199,0.341006169648,0.280775355902,57,6,1
243.85,1.05589585681,0.314484571525,-0.12790163177,-0.0984442851801,0.34387098898,0.277502812925,57,6,1
243.9,1.0499302191,0.309906890449,-0.110742614539,-0.0847165710657,0.341618949969,0.271066875188,57,6,1
243.95,1.04481751906,0.306006188163,-0.0938285082177,-0.0713926705594,0.334041206208,0.261326439304,57,6,1
244,1.04053877247,0.302758083405,-0.0774304552527,-0.0586414137711,0.32094635368,0.248136685047,57,6,1
244.05,1.03706120587,0.300129570866,-0.0618287386068,-0.046638962422,0.302160112292,0.231349195303,57,6,1
244.1,1.03433782085,0.298078650193,-0.0473119360868,-0.0355689849645,0.277524885119,0.210812157818,57,6,1
244.15,1.03230699987,0.29655394651,-0.0341760996091,-0.0256228197948,0.246899203005,0.186370637859,57,6,1
244.2,1.03089215249,0.295494323153,-0.022723964938,-0.0169996232944,0.21015706229,0.157866910481,57,6,1
244.25,1.03000140016,0.294828487438,-0.0132641970499,-0.0099065000087,0.16718716343,0.12514084085,57,6,1
244.3,1.02952729786,0.294474590411,-0.0061106758797,-0.00455861284898,0.117892058295,0.0880303010814,57,6,1
244.35,1.02934659022,0.294339821616,-0.00158182682586,-0.00117927177758,0.0621872138673,0.0463716121736,57,6,1
244.4,1.02932,0.29432,0,0,0,0,58,0,1
244.45,1.02932,0.29432,0,0,0,0,58,0,1
244.5,1.02932,0.29432,0,0,0,0,58,0,1
244.55,1.02932,0.29432,0,0,0,0,58,0,1
244.6,1.02932,0.29432,0,0,0,0,58,0,1
244.65,1.02932,0.29432,0,0,0,0,58,0,1
244.7,1.02932,0.29432,0,0,0,0,58,0,1
244.75,1.02932,0.29432,0,0,0,0,58,0,1
244.8,1.02932,0.29432,0,0,0,0,58,0,1
244.85,1.02932,0.29432,0,0,0,0,58,0,1
244.9,1.02932,0.29432,0,0,0,0,58,0,1
244.95,1.02932,0.29432,0,0,0,0,58,0,1
245,1.02932,0.29432,0,0,0,0,58,0,1
245.05,1.02932,0.29432,0,0,0,0,58,0,1
245.1,1.02932,0.29432,0,0,0,0,58,0,1
245.15,1.02932,0.29432,0,0,0,0,58,0,1
245.2,1.02932,0.29432,0,0,0,0,58,0,1
245.25,1.02932,0.29432,0,0,0,0,58,0,1
245.3,1.02932,0.29432,0,0,0,0,58,0,1
245.35,1.02932,0.29432,0,0,0,0,58,0,1
245.4,1.02932,0.29432,0,0,0,0,58,0,1
245.45,1.02932,0.29432,0,0,0,0,58,0,1
245.5,1.02932,0.29432,0,0,0,0,58,0,1
245.55,1.02932,0.29432,0,0,0,0,58,0,1
245.6,1.02932,0.29432,0,0,0,0,58,0,1
245.65,1.02932,0.29432,0,0,0,0,58,0,1
245.7,1.02932,0.29432,0,0,0,0,58,0,1
245.75,1.02932,0.29432,0,0,0,0,58,0,1
245.8,1.02932,0.29432,0,0,0,0,58,0,1
245.85,1.02932,0.29432,0,0,0,0,58,0,1
245.9,1.02932,0.29432,0,0,0,0,58,0,1
245.95,1.02932,0.29432,0,0,0,0,58,0,1
246,1.02932,0.29432,0,0,0,0,58,0,1
246.05,1.02932,0.29432,0,0,0,0,58,0,1
246.1,1.02932,0.29432,0,0,0,0,58,0,1
246.15,1.02932,0.29432,0,0,0,0,58,0,1
246.2,1.02932,0.29432,0,0,0,0,58,0,1
246.25,1.02932,0.29432,0,0,0,0,58,0,1
246.3,1.02932,0.29432,0,0,0,0,58,0,1
246.35,1.02932,0.29432,0,0,0,0,58,0,1
246.4,1.02932,0.29432,0,-0,0,-0,59,1,0
246.45,1.02932,0.294310970679,0,-0.000537191358025,0,-0.0211234567901,59,1,0
246.5,1.02932,0.294249580247,0,-0.00207654320988,0,-0.0400987654321,59,1,0
246.55,1.02932,0.294088375,0,-0.0045125,0,-0.057,59,1,0
246.6,1.02932,0.29378508642,0,-0.00774320987654,0,-0.0719012345679,59,1,0
246.65,1.02932,0.293302445988,0,-0.0116705246914,0,-0.0848765432099,59,1,0
246.7,1.02932,0.292608,0,-0.0162,0,-0.096,59,1,0
246.75,1.02932,0.291673924383,0,-0.0212408950617,0,-0.105345679012,59,1,0
246.8,1.02932,0.290476839506,0,-0.0267061728395,0,-0.112987654321,59,1,0
246.85,1.02932,0.288997625,0,-0.0325125,0,-0.119,59,1,0
246.9,1.02932,0.287221234568,0,-0.0385802469136,0,-0.123456790123,59,1,0
246.95,1.02932,0.285136510802,0,-0.0448334876543,0,-0.126432098765,59,1,0
247,1.02932,0.282736,0,-0.0512,0,-0.128,59,1,0
247.05,1.02932,0.280015766975,0,-0.0576112654321,0,-0.128234567901,59,1,0
247.1,1.02932,0.276975209877,0,-0.0640024691358,0,-0.127209876543,59,1,0
247.15,1.02932,0.273616875,0,-0.0703125,0,-0.125,59,1,0
247.2,1.02932,0.269946271605,0,-0.0764839506173,0,-0.121679012346,59,1,0
247.25,1.02932,0.265971686728,0,-0.0824631172839,0,-0.117320987654,59,1,0
247.3,1.02932,0.261704,0,-0.0882,0,-0.112,59,1,0
247.35,1.02932,0.257156498457,0,-0.0936483024691,0,-0.105790123457,59,1,0
247.4,1.02932,0.252344691358,0,-0.0987654320988,0,-0.0987654320988,59,1,0
247.45,1.02932,0.247286125,0,-0.1035125,0,-0.091,59,1,0
247.5,1.02932,0.242000197531,0,-0.107854320988,0,-0.0825679012346,59,1,0
247.55,1.02932,0.236507973765,0,-0.11175941358,0,-0.0735432098765,59,1,0
247.6,1.02932,0.230832,0,-0.1152,0,-0.064,59,1,0
247.65,1.02932,0.224996118827,0,-0.118152006173,0,-0.054012345679,59,1,0
247.7,1.02932,0.219025283951,0,-0.120595061728,0,-0.0436543209877,59,1,0
247.75,1.02932,0.212945375,0,-0.1225125,0,-0.033,59,1,0
247.8,1.02932,0.206783012346,0,-0.123891358025,0,-0.0221234567901,59,1,0
247.85,1.02932,0.200565371914,0,-0.124722376543,0,-0.0110987654321,59,1,0
247.9,1.02932,0.19432,0,-0.125,0,-0,59,1,0
247.95,1.02932,0.188074628086,0,-0.124722376543,-0,0.0110987654321,59,1,0
248,1.02932,0.181856987654,0,-0.123891358025,-0,0.0221234567901,59,1,0
248.05,1.02932,0.175694625,0,-0.1225125,-0,0.033,59,1,0
248.1,1.02932,0.169614716049,0,-0.120595061728,-0,0.0436543209877,59,1,0
248.15,1.02932,0.163643881173,0,-0.118152006173,-0,0.054012345679,59,1,0
248.2,1.02932,0.157808,0,-0.1152,-0,0.064,59,1,0
248.25,1.02932,0.152132026235,0,-0.11175941358,-0,0.0735432098765,59,1,0
248.3,1.02932,0.146639802469,0,-0.107854320988,-0,0.0825679012346,59,1,0
248.35,1.02932,0.141353875,0,-0.1035125,-0,0.091,59,1,0
248.4,1.02932,0.136295308642,0,-0.0987654320988,-0,0.0987654320988,59,1,0
248.45,1.02932,0.131483501543,0,-0.0936483024691,-0,0.105790123457,59,1,0
248.5,1.02932,0.126936,0,-0.0882,-0,0.112,59,1,0
248.55,1.02932,0.122668313272,0,-0.0824631172839,-0,0.117320987654,59,1,0
248.6,1.02932,0.118693728395,0,-0.0764839506173,-0,0.121679012346,59,1,0
248.65,1.02932,0.115023125,0,-0.0703125,-0,0.125,59,1,0
248.7,1.02932,0.111664790123,0,-0.0640024691358,-0,0.127209876543,59,1,0
248.75,1.02932,0.108624233025,0,-0.0576112654321,-0,0.128234567901,59,1,0
248.8,1.02932,0.105904,0,-0.0512,-0,0.128,59,1,0
248.85,1.02932,0.103503489198,0,-0.0448334876543,-0,0.126432098765,59,1,0
248.9,1.02932,0.101418765432,0,-0.0385802469136,-0,0.123456790123,59,1,0
248.95,1.02932,0.099642375,0,-0.0325125,-0,0.119,59,1,0
249,1.02932,0.0981631604938,0,-0.0267061728395,-0,0.112987654321,59,1,0
249.05,1.02932,0.0969660756173,0,-0.0212408950617,-0,0.105345679012,59,1,0
249.1,1.02932,0.096032,0,-0.0162,-0,0.096,59,1,0
249.15,1.02932,0.0953375540123,0,-0.0116705246914,-0,0.0848765432099,59,1,0
249.2,1.02932,0.0948549135802,0,-0.00774320987654,-0,0.0719012345679,59,1,0
249.25,1.02932,0.094551625,0,-0.0045125,-0,0.057,59,1,0
249.3,1.02932,0.0943904197531,0,-0.00207654320988,-0,0.0400987654321,59,1,0
249.35,1.02932,0.094329029321,0,-0.000537191358025,-0,0.0211234567901,59,1,0
249.4,1.02932,0.09432,0,0,0,0,60,0,0
249.45,1.02932,0.09432,0,0,0,0,60,0,0
249.5,1.02932,0.09432,0,0,0,0,60,0,0
249.55,1.02932,0.09432,0,0,0,0,60,0,0
249.6,1.02932,0.09432,0,0,0,0,60,0,0
249.65,1.02932,0.09432,0,0,0,0,60,0,0
249.7,1.02932,0.09432,0,0,0,0,60,0,0
249.75,1.02932,0.09432,0,0,0,0,60,0,0
249.8,1.02932,0.09432,0,0,0,0,60,0,0
249.85,1.02932,0.09432,0,0,0,0,60,0,0
249.9,1.02932,0.09432,0,0,0,0,60,0,0
249.95,1.02932,0.09432,0,0,0,0,60,0,0
250,1.02932,0.09432,0,0,0,0,60,0,0
250.05,1.02932,0.09432,0,0,0,0,60,0,0
250.1,1.02932,0.09432,0,0,0,0,60,0,0
250.15,1.02932,0.09432,0,0,0,0,60,0,0
250.2,1.02932,0.09432,0,0,0,0,60,0,0
250.25,1.02932,0.09432,0,0,0,0,60,0,0
250.3,1.02932,0.09432,0,0,0,0,60,0,0
250.35,1.02932,0.09432,0,0,0,0,60,0,0
250.4,1.02932,0.09432,0,0,0,0,60,0,0
250.45,1.02932,0.09432,0,0,0,0,60,0,0
250.5,1.02932,0.09432,0,0,0,0,60,0,0
250.55,1.02932,0.09432,0,0,0,0,60,0,0
250.6,1.02932,0.09432,0,0,0,0,60,0,0
250.65,1.02932,0.09432,0,0,0,0,60,0,0
250.7,1.02932,0.09432,0,0,0,0,60,0,0
250.75,1.02932,0.09432,0,0,0,0,60,0,0
250.8,1.02932,0.09432,0,0,0,0,60,0,0
250.85,1.02932,0.09432,0,0,0,0,60,0,0
250.9,1.02932,0.09432,0,0,0,0,60,0,0
250.95,1.02932,0.09432,0,0,0,0,60,0,0
251,1.02932,0.09432,0,0,0,0,60,0,0
251.05,1.02932,0.09432,0,0,0,0,60,0,0
251.1,1.02932,0.09432,0,0,0,0,60,0,0
251.15,1.02932,0.09432,0,0,0,0,60,0,0
251.2,1.02932,0.09432,0,0,0,0,60,0,0
251.25,1.02932,0.09432,0,0,0,0,60,0,0
251.3,1.02932,0.09432,0,0,0,0,60,0,0
251.35,1.02932,0.09432,0,0,0,0,60,0,0
251.4,1.02932,0.09432,0,0,0,0,60,0,0
251.4,1.02932,0.09432,0,0,0,0,60,0,0
